ID_Pedido,Fecha_Pedido,Estación,ID_Cliente,Segmento_Cliente,Región,País,Categoría_Producto,Unidades_Vendidas,Precio_Unitario,Ingresos,Costo
1,2025-10-29,Primavera,C8382,Estándar,Sur,Colombia,Hogar,7,67,469,325.44
2,2025-02-20,Verano,C5143,Premium,Norte,Perú,Hogar,11,196,2156,1435.76
3,2024-04-29,Otoño,C1111,Estándar,Centro,Perú,Deportes,14,82,1148,710.19
4,2024-09-21,Primavera,C2092,Estándar,Norte,Perú,Electrónica,14,86,1204,758.05
5,2025-02-18,Verano,C7484,Premium,Sur,Colombia,Ropa,9,155,1395,890.08
6,2025-01-23,Verano,C7648,Estándar,Norte,Colombia,Deportes,18,116,2088,1370.49
7,2024-06-13,Invierno,C5195,Estándar,Centro,Perú,Hogar,7,98,686,444.81
8,2024-09-14,Primavera,C5309,Premium,Norte,Colombia,Electrónica,17,192,3264,2266.81
9,2024-12-22,Verano,C1837,Estándar,Sur,Chile,Hogar,14,90,1260,886.03
10,2025-11-24,Primavera,C7628,Estándar,Centro,Perú,Deportes,5,84,420,245.61
11,2025-10-09,Primavera,C8750,Estándar,Centro,Perú,Deportes,16,77,1232,897.73
12,2024-06-17,Invierno,C8950,Premium,Sur,Colombia,Ropa,9,126,1134,649.92
13,2024-10-19,Primavera,C7087,Económico,Sur,Chile,Deportes,9,59,531,384.05
14,2025-11-05,Primavera,C9887,Premium,Norte,Perú,Electrónica,6,143,858,556.93
15,2025-12-13,Verano,C6036,Estándar,Norte,Chile,Hogar,29,62,1798,1286.05
16,2025-09-03,Primavera,C9534,Estándar,Norte,Perú,Ropa,10,98,980,598.61
17,2024-03-19,Otoño,C3521,Premium,Sur,Perú,Deportes,8,167,1336,968.72
18,2025-11-06,Primavera,C1262,Premium,Centro,Chile,Deportes,12,198,2376,1585.24
19,2025-04-04,Otoño,C2222,Económico,Norte,Chile,Ropa,14,43,602,369.02
20,2025-09-01,Primavera,C8569,Estándar,Centro,Perú,Deportes,17,104,1768,1174.82
21,2025-04-28,Otoño,C3241,Premium,Sur,Colombia,Hogar,15,199,2985,2190.43
22,2024-10-15,Primavera,C6206,Estándar,Sur,Perú,Ropa,5,55,275,181.87
23,2025-08-25,Invierno,C4505,Premium,Norte,Perú,Electrónica,8,115,920,646.55
24,2024-06-09,Invierno,C1979,Estándar,Norte,Perú,Ropa,2,85,170,112.35
25,2025-10-01,Primavera,C2510,Estándar,Centro,Chile,Electrónica,9,80,720,519.12
26,2024-11-15,Primavera,C2996,Premium,Sur,Perú,Hogar,17,165,2805,1567.2
27,2025-08-22,Invierno,C5184,Premium,Norte,Chile,Ropa,4,144,576,380.06
28,2024-07-08,Invierno,C2343,Estándar,Sur,Chile,Deportes,7,63,441,298.82
29,2024-02-03,Verano,C7202,Premium,Norte,Chile,Deportes,19,196,3724,2266.12
30,2025-11-08,Primavera,C6318,Estándar,Norte,Colombia,Ropa,13,56,728,435.38
31,2025-04-28,Otoño,C2514,Económico,Norte,Chile,Electrónica,13,30,390,229.57
32,2025-08-01,Invierno,C1763,Premium,Centro,Chile,Hogar,4,107,428,268.34
33,2025-04-15,Otoño,C5671,Estándar,Centro,Perú,Electrónica,6,91,546,318.98
34,2025-10-13,Primavera,C4287,Económico,Centro,Perú,Deportes,6,23,138,91.15
35,2024-01-14,Verano,C7802,Estándar,Norte,Chile,Deportes,20,100,2000,1467.95
36,2025-02-10,Verano,C6650,Estándar,Norte,Chile,Deportes,31,95,2945,1742.05
37,2025-05-22,Otoño,C5169,Estándar,Norte,Chile,Ropa,16,96,1536,931.53
38,2024-08-22,Invierno,C6530,Premium,Centro,Perú,Deportes,3,162,486,292.33
39,2025-05-28,Otoño,C5538,Estándar,Norte,Perú,Ropa,17,60,1020,690.09
40,2024-02-15,Verano,C1441,Premium,Centro,Colombia,Hogar,19,123,2337,1746.9
41,2025-09-20,Primavera,C6461,Económico,Centro,Perú,Hogar,16,23,368,207.22
42,2025-02-20,Verano,C1612,Estándar,Norte,Chile,Electrónica,28,106,2968,1957.55
43,2024-01-27,Verano,C6189,Económico,Norte,Perú,Electrónica,14,25,350,249.71
44,2024-10-06,Primavera,C6660,Premium,Centro,Chile,Ropa,17,109,1853,1207.94
45,2025-04-05,Otoño,C1731,Premium,Norte,Chile,Hogar,7,110,770,552.74
46,2025-04-14,Otoño,C5951,Premium,Centro,Chile,Deportes,12,134,1608,982.96
47,2024-01-26,Verano,C1757,Económico,Sur,Chile,Deportes,34,22,748,544.22
48,2025-08-15,Invierno,C6747,Estándar,Norte,Perú,Deportes,2,75,150,95.65
49,2024-02-20,Verano,C4026,Premium,Norte,Colombia,Ropa,9,107,963,580.86
50,2025-06-29,Invierno,C7359,Económico,Norte,Perú,Deportes,6,58,348,214.86
51,2024-11-23,Primavera,C7052,Estándar,Norte,Perú,Deportes,13,71,923,588.99
52,2025-02-10,Verano,C7481,Económico,Centro,Chile,Electrónica,24,48,1152,822.87
53,2025-07-03,Invierno,C5343,Premium,Centro,Colombia,Ropa,11,161,1771,1145.98
54,2024-08-18,Invierno,C3878,Estándar,Centro,Perú,Hogar,9,64,576,365.68
55,2025-02-17,Verano,C3191,Económico,Norte,Colombia,Deportes,15,36,540,318.75
56,2025-01-10,Verano,C2639,Estándar,Sur,Colombia,Hogar,9,54,486,287.33
57,2025-11-30,Primavera,C6009,Premium,Norte,Chile,Electrónica,15,135,2025,1302.69
58,2024-07-29,Invierno,C9522,Estándar,Norte,Colombia,Hogar,9,72,648,481.55
59,2025-12-16,Verano,C8207,Económico,Centro,Chile,Electrónica,27,20,540,360.51
60,2025-11-17,Primavera,C4101,Premium,Centro,Perú,Hogar,12,183,2196,1515.17
61,2024-04-13,Otoño,C8249,Económico,Centro,Perú,Hogar,8,57,456,280.3
62,2024-12-08,Verano,C7621,Estándar,Centro,Colombia,Electrónica,11,75,825,583.8
63,2025-09-06,Primavera,C4358,Económico,Sur,Perú,Ropa,11,49,539,316.03
64,2025-06-28,Invierno,C8568,Estándar,Sur,Chile,Electrónica,1,80,80,52.57
65,2025-10-25,Primavera,C7309,Premium,Sur,Perú,Deportes,17,138,2346,1371.16
66,2025-06-01,Invierno,C8087,Premium,Sur,Perú,Deportes,8,100,800,514.18
67,2025-06-18,Invierno,C9553,Estándar,Sur,Perú,Hogar,8,111,888,511.95
68,2024-12-02,Verano,C4078,Estándar,Norte,Perú,Electrónica,11,87,957,534.18
69,2025-11-04,Primavera,C3289,Premium,Norte,Colombia,Deportes,9,190,1710,1067.9
70,2025-11-24,Primavera,C8427,Premium,Sur,Chile,Hogar,11,196,2156,1413.56
71,2025-05-10,Otoño,C8793,Premium,Sur,Perú,Electrónica,5,177,885,563.67
72,2024-09-12,Primavera,C5610,Económico,Centro,Perú,Ropa,9,39,351,225.48
73,2025-03-20,Otoño,C3425,Estándar,Norte,Perú,Ropa,16,82,1312,786.72
74,2024-01-01,Verano,C6353,Premium,Centro,Chile,Hogar,12,130,1560,986.08
75,2025-11-10,Primavera,C2755,Económico,Norte,Chile,Hogar,16,35,560,380.88
76,2024-02-04,Verano,C7943,Premium,Norte,Perú,Electrónica,24,121,2904,1752.22
77,2025-04-04,Otoño,C4261,Premium,Sur,Perú,Hogar,11,196,2156,1614
78,2025-08-21,Invierno,C1016,Premium,Sur,Perú,Electrónica,2,188,376,231.06
79,2024-06-01,Invierno,C4839,Estándar,Norte,Perú,Ropa,4,51,204,137.89
80,2025-03-07,Otoño,C8454,Premium,Sur,Chile,Ropa,5,163,815,513.64
81,2025-05-27,Otoño,C8864,Estándar,Sur,Perú,Deportes,8,119,952,625.25
82,2024-10-31,Primavera,C6397,Premium,Centro,Colombia,Electrónica,5,189,945,602.17
83,2024-02-20,Verano,C4092,Estándar,Norte,Perú,Ropa,22,78,1716,1231.43
84,2024-02-20,Verano,C8391,Premium,Norte,Chile,Ropa,26,139,3614,2560.31
85,2024-06-29,Invierno,C2100,Premium,Centro,Colombia,Ropa,4,196,784,486.55
86,2025-09-28,Primavera,C3751,Estándar,Sur,Perú,Hogar,15,119,1785,1293.37
87,2024-03-19,Otoño,C9423,Estándar,Sur,Chile,Ropa,10,100,1000,563.95
88,2025-07-29,Invierno,C4273,Premium,Norte,Chile,Deportes,4,117,468,335.34
89,2024-06-05,Invierno,C4121,Premium,Centro,Perú,Ropa,5,122,610,437.85
90,2024-11-24,Primavera,C5007,Premium,Sur,Colombia,Hogar,14,108,1512,833.94
91,2024-01-18,Verano,C5201,Premium,Sur,Colombia,Electrónica,18,191,3438,2340.26
92,2024-08-05,Invierno,C5756,Premium,Norte,Perú,Deportes,9,171,1539,1039.84
93,2024-02-26,Verano,C4963,Premium,Sur,Chile,Electrónica,25,112,2800,1910.13
94,2025-01-20,Verano,C5360,Económico,Sur,Chile,Hogar,19,35,665,370.34
95,2025-02-20,Verano,C3819,Premium,Norte,Chile,Ropa,28,102,2856,1888.41
96,2025-05-04,Otoño,C6325,Premium,Centro,Colombia,Electrónica,12,151,1812,1116.45
97,2025-03-03,Otoño,C8887,Estándar,Sur,Colombia,Electrónica,12,79,948,539.28
98,2024-01-11,Verano,C9700,Estándar,Norte,Chile,Ropa,22,74,1628,1016.65
99,2024-11-11,Primavera,C3483,Estándar,Centro,Perú,Electrónica,10,100,1000,734.03
100,2024-04-29,Otoño,C5321,Premium,Norte,Perú,Ropa,14,155,2170,1457.17
101,2024-11-11,Primavera,C9635,Estándar,Centro,Chile,Ropa,9,73,657,481.11
102,2025-08-27,Invierno,C3201,Premium,Sur,Colombia,Hogar,7,184,1288,812.02
103,2025-08-02,Invierno,C8239,Premium,Sur,Perú,Hogar,8,106,848,576.31
104,2024-10-01,Primavera,C7392,Económico,Sur,Colombia,Deportes,9,49,441,260.73
105,2024-01-02,Verano,C1191,Premium,Centro,Perú,Electrónica,14,116,1624,1028.28
106,2024-04-01,Otoño,C1545,Estándar,Norte,Chile,Ropa,15,65,975,634.12
107,2024-09-04,Primavera,C1538,Premium,Norte,Perú,Ropa,12,134,1608,1123.84
108,2024-09-07,Primavera,C2258,Premium,Sur,Chile,Electrónica,12,140,1680,1118.9
109,2024-07-12,Invierno,C8527,Estándar,Sur,Colombia,Hogar,8,95,760,520.89
110,2024-09-02,Primavera,C6921,Premium,Centro,Colombia,Hogar,12,159,1908,1332.46
111,2025-04-22,Otoño,C8958,Estándar,Centro,Perú,Ropa,10,58,580,402.83
112,2025-09-06,Primavera,C9980,Estándar,Centro,Colombia,Deportes,5,96,480,274.71
113,2025-04-11,Otoño,C3495,Estándar,Norte,Colombia,Deportes,11,110,1210,709.66
114,2024-04-19,Otoño,C5501,Estándar,Centro,Perú,Deportes,9,96,864,532.67
115,2025-09-17,Primavera,C2602,Estándar,Norte,Perú,Electrónica,7,112,784,539.14
116,2024-02-24,Verano,C7703,Económico,Sur,Perú,Electrónica,20,40,800,505.87
117,2024-04-23,Otoño,C3533,Premium,Centro,Perú,Deportes,11,140,1540,883.05
118,2024-04-11,Otoño,C2684,Premium,Centro,Chile,Ropa,11,153,1683,969.11
119,2025-06-27,Invierno,C6000,Premium,Centro,Chile,Electrónica,5,125,625,436.55
120,2024-07-08,Invierno,C7884,Estándar,Norte,Chile,Deportes,1,119,119,70.64
121,2024-08-20,Invierno,C4943,Estándar,Centro,Colombia,Electrónica,8,82,656,424.26
122,2025-04-09,Otoño,C9479,Premium,Centro,Colombia,Deportes,16,146,2336,1529.67
123,2024-12-21,Verano,C1821,Premium,Norte,Colombia,Ropa,10,135,1350,849.3
124,2025-09-13,Primavera,C6373,Económico,Sur,Colombia,Electrónica,9,54,486,327.34
125,2024-10-05,Primavera,C3884,Estándar,Centro,Perú,Hogar,14,73,1022,604.23
126,2024-09-27,Primavera,C1389,Estándar,Centro,Perú,Electrónica,17,91,1547,945.2
127,2025-11-09,Primavera,C2507,Estándar,Norte,Colombia,Deportes,12,101,1212,896.94
128,2024-04-08,Otoño,C4899,Estándar,Centro,Perú,Deportes,14,90,1260,911.56
129,2024-02-03,Verano,C5309,Premium,Centro,Chile,Ropa,24,154,3696,2517.66
130,2024-10-23,Primavera,C8918,Estándar,Norte,Colombia,Hogar,12,113,1356,817.29
131,2024-03-16,Otoño,C6651,Estándar,Centro,Chile,Hogar,9,50,450,333.34
132,2025-04-19,Otoño,C7775,Premium,Norte,Colombia,Hogar,13,105,1365,871.33
133,2025-10-28,Primavera,C9869,Económico,Sur,Chile,Deportes,5,37,185,112.13
134,2025-03-20,Otoño,C6641,Estándar,Norte,Perú,Electrónica,5,87,435,251.35
135,2024-05-08,Otoño,C9737,Estándar,Sur,Chile,Electrónica,12,54,648,419.7
136,2024-08-17,Invierno,C6895,Premium,Sur,Perú,Electrónica,2,122,244,146.16
137,2025-05-13,Otoño,C5885,Estándar,Centro,Perú,Electrónica,6,111,666,489.45
138,2025-05-05,Otoño,C5851,Premium,Norte,Perú,Deportes,17,174,2958,1948.06
139,2025-06-18,Invierno,C8452,Estándar,Norte,Perú,Electrónica,5,100,500,298.3
140,2025-07-21,Invierno,C9013,Económico,Norte,Chile,Hogar,3,57,171,98.12
141,2025-09-21,Primavera,C4017,Económico,Sur,Perú,Deportes,17,68,1156,798.74
142,2024-07-30,Invierno,C5461,Estándar,Norte,Colombia,Hogar,9,96,864,579.74
143,2025-08-25,Invierno,C4058,Estándar,Sur,Chile,Hogar,3,78,234,130.51
144,2025-06-29,Invierno,C4313,Estándar,Sur,Colombia,Ropa,9,64,576,327.15
145,2024-05-05,Otoño,C9555,Estándar,Centro,Colombia,Electrónica,5,89,445,305.1
146,2025-01-06,Verano,C7631,Estándar,Sur,Perú,Electrónica,18,83,1494,991.09
147,2024-10-24,Primavera,C3402,Premium,Norte,Perú,Electrónica,5,186,930,625.71
148,2025-07-01,Invierno,C3329,Estándar,Centro,Colombia,Hogar,10,78,780,508.45
149,2024-09-24,Primavera,C1022,Estándar,Sur,Perú,Hogar,16,67,1072,799.84
150,2025-04-25,Otoño,C9263,Estándar,Sur,Chile,Deportes,11,72,792,464.87
151,2025-03-02,Otoño,C9195,Premium,Centro,Colombia,Ropa,16,186,2976,2112.7
152,2025-01-29,Verano,C3074,Estándar,Centro,Perú,Hogar,17,58,986,723.1
153,2024-03-21,Otoño,C8182,Económico,Centro,Perú,Ropa,5,23,115,70.24
154,2024-10-11,Primavera,C2431,Estándar,Norte,Perú,Hogar,16,61,976,688.97
155,2024-01-27,Verano,C4358,Estándar,Sur,Colombia,Deportes,15,90,1350,826.2
156,2024-12-18,Verano,C5365,Económico,Centro,Perú,Electrónica,14,30,420,277.94
157,2024-10-26,Primavera,C8666,Premium,Sur,Colombia,Hogar,10,181,1810,1293.57
158,2025-07-17,Invierno,C5203,Estándar,Norte,Chile,Electrónica,5,74,370,236.58
159,2024-05-09,Otoño,C2705,Estándar,Sur,Colombia,Deportes,16,67,1072,664.25
160,2025-01-18,Verano,C8243,Estándar,Norte,Chile,Hogar,14,61,854,574.91
161,2024-06-19,Invierno,C4349,Estándar,Sur,Chile,Deportes,3,66,198,123.88
162,2024-06-14,Invierno,C2470,Premium,Norte,Chile,Ropa,2,105,210,143.69
163,2024-06-07,Invierno,C2944,Estándar,Sur,Perú,Deportes,7,99,693,504.76
164,2025-06-29,Invierno,C3192,Premium,Centro,Chile,Ropa,1,100,100,64.56
165,2024-03-21,Otoño,C2393,Premium,Centro,Chile,Deportes,15,157,2355,1552.64
166,2025-07-08,Invierno,C2679,Premium,Centro,Perú,Ropa,4,183,732,486
167,2025-02-15,Verano,C7244,Estándar,Sur,Perú,Deportes,20,113,2260,1292.77
168,2024-02-08,Verano,C5988,Económico,Centro,Colombia,Hogar,16,52,832,518.08
169,2024-02-14,Verano,C8330,Estándar,Norte,Perú,Deportes,20,64,1280,941.92
170,2025-05-10,Otoño,C4003,Estándar,Sur,Chile,Hogar,9,79,711,515.58
171,2025-11-11,Primavera,C8222,Económico,Centro,Perú,Hogar,6,29,174,100.7
172,2024-12-18,Verano,C9980,Económico,Norte,Colombia,Ropa,16,49,784,568.03
173,2025-11-04,Primavera,C2487,Estándar,Norte,Perú,Electrónica,6,69,414,263.55
174,2025-03-27,Otoño,C9759,Estándar,Sur,Perú,Ropa,5,88,440,309.77
175,2025-04-19,Otoño,C7070,Estándar,Centro,Perú,Hogar,8,104,832,573.74
176,2025-12-09,Verano,C9219,Premium,Centro,Colombia,Hogar,17,177,3009,2163.63
177,2025-05-26,Otoño,C2297,Estándar,Sur,Perú,Hogar,12,109,1308,926.76
178,2024-05-04,Otoño,C4924,Estándar,Centro,Chile,Deportes,7,99,693,509.81
179,2024-01-02,Verano,C4997,Premium,Sur,Chile,Ropa,25,123,3075,2058.73
180,2024-12-28,Verano,C6517,Estándar,Centro,Perú,Electrónica,20,102,2040,1392.66
181,2024-02-29,Verano,C8948,Estándar,Centro,Chile,Deportes,18,85,1530,976.26
182,2025-10-26,Primavera,C5647,Estándar,Sur,Colombia,Electrónica,12,70,840,580.87
183,2025-07-31,Invierno,C8314,Estándar,Sur,Chile,Ropa,6,92,552,355.27
184,2025-07-14,Invierno,C2899,Estándar,Norte,Perú,Hogar,5,85,425,263.64
185,2024-03-17,Otoño,C2960,Económico,Norte,Chile,Deportes,5,63,315,215.24
186,2025-04-02,Otoño,C2585,Económico,Centro,Chile,Hogar,17,47,799,594.05
187,2025-09-23,Primavera,C7917,Económico,Norte,Perú,Hogar,14,58,812,569.13
188,2024-08-26,Invierno,C2575,Premium,Sur,Perú,Deportes,5,118,590,417.47
189,2024-05-24,Otoño,C6271,Económico,Norte,Perú,Electrónica,16,64,1024,673.79
190,2025-01-17,Verano,C8064,Estándar,Norte,Colombia,Ropa,13,102,1326,963.61
191,2024-06-09,Invierno,C6403,Estándar,Centro,Chile,Deportes,1,84,84,57.42
192,2024-10-29,Primavera,C2919,Estándar,Centro,Perú,Ropa,6,83,498,309.26
193,2024-08-28,Invierno,C1099,Estándar,Centro,Colombia,Deportes,6,108,648,392.38
194,2024-06-11,Invierno,C6672,Premium,Centro,Colombia,Hogar,10,111,1110,654.01
195,2025-05-02,Otoño,C9282,Premium,Centro,Perú,Ropa,14,162,2268,1409.39
196,2024-06-15,Invierno,C9880,Estándar,Sur,Colombia,Ropa,4,66,264,168.3
197,2025-06-11,Invierno,C9828,Premium,Centro,Chile,Ropa,5,159,795,504.92
198,2025-09-19,Primavera,C4592,Estándar,Sur,Chile,Ropa,10,58,580,388.68
199,2024-03-01,Otoño,C9946,Premium,Norte,Chile,Hogar,6,170,1020,725.96
200,2024-03-15,Otoño,C3854,Económico,Sur,Chile,Ropa,17,25,425,298.75
201,2024-09-03,Primavera,C9034,Premium,Norte,Perú,Ropa,8,148,1184,847.25
202,2024-11-08,Primavera,C2862,Económico,Sur,Chile,Ropa,12,42,504,336.43
203,2024-07-20,Invierno,C2950,Estándar,Sur,Colombia,Electrónica,8,112,896,670.05
204,2024-09-26,Primavera,C4946,Económico,Centro,Perú,Deportes,13,29,377,216.29
205,2024-10-12,Primavera,C1109,Estándar,Centro,Chile,Electrónica,14,81,1134,803.39
206,2025-04-22,Otoño,C1942,Estándar,Norte,Perú,Deportes,16,84,1344,955.27
207,2025-01-03,Verano,C8174,Premium,Sur,Chile,Ropa,25,116,2900,2006.26
208,2025-03-31,Otoño,C5309,Económico,Centro,Perú,Ropa,7,66,462,254.49
209,2025-03-07,Otoño,C2787,Estándar,Centro,Chile,Hogar,9,54,486,359.02
210,2025-09-14,Primavera,C6039,Económico,Norte,Colombia,Hogar,5,39,195,115.31
211,2025-06-20,Invierno,C9492,Premium,Norte,Perú,Ropa,6,111,666,469.41
212,2025-10-13,Primavera,C3618,Estándar,Centro,Colombia,Hogar,7,54,378,283.18
213,2024-10-02,Primavera,C2826,Estándar,Sur,Chile,Hogar,13,51,663,477.03
214,2025-04-04,Otoño,C7443,Estándar,Centro,Colombia,Ropa,16,74,1184,862.81
215,2025-07-10,Invierno,C8028,Estándar,Centro,Colombia,Hogar,9,69,621,424.64
216,2025-11-21,Primavera,C5034,Económico,Centro,Chile,Deportes,8,39,312,194.72
217,2025-12-11,Verano,C3165,Económico,Sur,Colombia,Hogar,15,48,720,426.48
218,2024-10-30,Primavera,C5500,Estándar,Centro,Chile,Hogar,9,94,846,570.37
219,2024-03-25,Otoño,C2222,Económico,Sur,Perú,Ropa,5,58,290,173.16
220,2024-01-26,Verano,C2718,Estándar,Centro,Colombia,Electrónica,16,79,1264,877.66
221,2024-02-02,Verano,C4970,Premium,Centro,Chile,Deportes,33,138,4554,2772.95
222,2025-12-30,Verano,C4786,Estándar,Sur,Chile,Hogar,16,66,1056,595.58
223,2025-04-20,Otoño,C3575,Premium,Centro,Chile,Hogar,14,164,2296,1510.39
224,2025-07-26,Invierno,C6919,Estándar,Centro,Perú,Deportes,8,108,864,572.59
225,2024-11-24,Primavera,C8537,Estándar,Sur,Perú,Hogar,8,74,592,350.42
226,2024-11-20,Primavera,C3462,Económico,Centro,Perú,Ropa,13,39,507,356.82
227,2025-03-02,Otoño,C3365,Premium,Sur,Colombia,Hogar,10,191,1910,1220.33
228,2024-05-07,Otoño,C6060,Estándar,Sur,Perú,Deportes,6,91,546,369.41
229,2024-12-04,Verano,C1848,Estándar,Norte,Chile,Ropa,16,86,1376,849.59
230,2024-12-06,Verano,C4834,Económico,Sur,Chile,Ropa,22,42,924,629.74
231,2025-10-01,Primavera,C4981,Económico,Norte,Chile,Hogar,13,36,468,314.63
232,2024-09-20,Primavera,C8654,Premium,Sur,Perú,Hogar,16,115,1840,1319.42
233,2024-09-26,Primavera,C9764,Estándar,Centro,Colombia,Deportes,7,62,434,324.67
234,2024-11-03,Primavera,C4470,Estándar,Centro,Colombia,Deportes,7,77,539,337.23
235,2025-12-07,Verano,C1747,Estándar,Sur,Perú,Hogar,15,67,1005,560.41
236,2024-05-22,Otoño,C9194,Premium,Norte,Chile,Electrónica,14,165,2310,1373.79
237,2025-05-03,Otoño,C7227,Estándar,Sur,Chile,Ropa,9,98,882,512.15
238,2024-01-07,Verano,C3991,Estándar,Sur,Colombia,Ropa,19,81,1539,1150.54
239,2024-04-09,Otoño,C5890,Premium,Sur,Chile,Hogar,12,138,1656,1174.83
240,2024-11-10,Primavera,C2634,Económico,Norte,Chile,Electrónica,16,65,1040,689.37
241,2025-03-05,Otoño,C6543,Estándar,Norte,Chile,Deportes,13,99,1287,709.45
242,2025-10-07,Primavera,C5195,Premium,Norte,Perú,Hogar,14,145,2030,1150.61
243,2024-02-04,Verano,C8333,Estándar,Centro,Perú,Deportes,25,115,2875,1784.77
244,2024-10-31,Primavera,C5163,Estándar,Norte,Colombia,Hogar,10,70,700,428.47
245,2024-12-28,Verano,C1907,Estándar,Sur,Chile,Deportes,15,108,1620,1164.75
246,2024-03-17,Otoño,C6201,Estándar,Centro,Chile,Deportes,12,63,756,534.6
247,2025-11-14,Primavera,C5674,Económico,Centro,Chile,Ropa,11,68,748,547.29
248,2024-01-30,Verano,C1027,Estándar,Centro,Chile,Ropa,16,103,1648,927.39
249,2025-09-13,Primavera,C8639,Estándar,Sur,Perú,Electrónica,9,50,450,273.96
250,2025-12-08,Verano,C8045,Estándar,Sur,Perú,Electrónica,24,110,2640,1682.32
251,2025-05-07,Otoño,C5098,Premium,Norte,Chile,Ropa,5,180,900,649.87
252,2024-03-06,Otoño,C7122,Premium,Centro,Perú,Ropa,12,108,1296,905.25
253,2025-01-08,Verano,C7980,Premium,Centro,Chile,Ropa,12,182,2184,1276.88
254,2024-11-24,Primavera,C7447,Económico,Centro,Chile,Electrónica,6,64,384,255.67
255,2025-09-08,Primavera,C7163,Estándar,Sur,Perú,Ropa,10,77,770,425.56
256,2024-05-01,Otoño,C9200,Premium,Sur,Perú,Deportes,15,106,1590,1080.1
257,2025-09-24,Primavera,C6169,Premium,Sur,Colombia,Hogar,5,185,925,616.82
258,2025-09-05,Primavera,C9280,Estándar,Norte,Colombia,Ropa,11,97,1067,638.02
259,2025-06-08,Invierno,C2264,Premium,Sur,Chile,Hogar,1,172,172,110.27
260,2024-12-27,Verano,C4302,Estándar,Norte,Colombia,Ropa,8,58,464,343.55
261,2024-04-02,Otoño,C5420,Económico,Norte,Perú,Deportes,6,34,204,136.98
262,2024-07-04,Invierno,C8858,Premium,Norte,Colombia,Deportes,10,195,1950,1262.65
263,2025-12-29,Verano,C3887,Estándar,Norte,Perú,Ropa,12,52,624,348.82
264,2024-01-07,Verano,C2924,Estándar,Sur,Colombia,Deportes,15,54,810,461.98
265,2025-01-25,Verano,C9327,Estándar,Centro,Colombia,Electrónica,15,74,1110,716.71
266,2025-07-09,Invierno,C9473,Premium,Sur,Chile,Ropa,6,133,798,533.35
267,2024-10-08,Primavera,C3472,Estándar,Centro,Perú,Electrónica,8,84,672,393.05
268,2025-10-14,Primavera,C4959,Estándar,Centro,Colombia,Electrónica,13,85,1105,766.6
269,2024-06-01,Invierno,C1636,Estándar,Sur,Colombia,Deportes,5,59,295,195.16
270,2025-02-16,Verano,C4402,Premium,Sur,Chile,Electrónica,15,157,2355,1701.28
271,2025-06-25,Invierno,C5057,Premium,Norte,Chile,Electrónica,3,130,390,266.19
272,2024-12-24,Verano,C9734,Económico,Norte,Perú,Ropa,16,32,512,301.6
273,2024-04-06,Otoño,C9332,Estándar,Norte,Perú,Deportes,9,95,855,570.01
274,2024-04-03,Otoño,C1241,Estándar,Centro,Perú,Hogar,10,60,600,437.57
275,2025-09-22,Primavera,C1286,Premium,Sur,Perú,Hogar,10,197,1970,1421.42
276,2024-06-09,Invierno,C5436,Estándar,Centro,Chile,Electrónica,4,80,320,183.2
277,2025-02-13,Verano,C3902,Estándar,Sur,Chile,Ropa,21,76,1596,955.19
278,2024-02-28,Verano,C5761,Premium,Norte,Colombia,Hogar,13,186,2418,1750.95
279,2025-09-17,Primavera,C1037,Económico,Centro,Perú,Ropa,10,47,470,323.77
280,2025-03-14,Otoño,C9711,Premium,Sur,Colombia,Ropa,8,177,1416,849.28
281,2025-09-22,Primavera,C2752,Estándar,Centro,Perú,Hogar,6,115,690,382.49
282,2024-08-04,Invierno,C7962,Estándar,Norte,Perú,Electrónica,7,108,756,469.11
283,2025-10-17,Primavera,C3185,Estándar,Norte,Colombia,Ropa,10,106,1060,792.15
284,2024-03-07,Otoño,C1408,Estándar,Sur,Perú,Hogar,6,64,384,215.13
285,2024-09-22,Primavera,C2345,Premium,Sur,Chile,Hogar,13,152,1976,1220.81
286,2024-08-02,Invierno,C3494,Estándar,Sur,Perú,Hogar,6,97,582,321.83
287,2025-06-11,Invierno,C1282,Estándar,Centro,Chile,Electrónica,4,102,408,285.97
288,2025-08-23,Invierno,C8493,Estándar,Norte,Perú,Electrónica,2,72,144,102.3
289,2024-12-17,Verano,C2048,Económico,Sur,Colombia,Ropa,18,43,774,506.39
290,2025-02-04,Verano,C8030,Premium,Centro,Chile,Ropa,26,144,3744,2314
291,2024-11-03,Primavera,C6328,Premium,Centro,Colombia,Deportes,9,130,1170,749.35
292,2024-09-20,Primavera,C4188,Económico,Centro,Colombia,Deportes,14,52,728,495.47
293,2025-08-21,Invierno,C2241,Premium,Sur,Chile,Electrónica,1,101,101,64.5
294,2025-11-21,Primavera,C6810,Premium,Centro,Colombia,Ropa,14,187,2618,1621.93
295,2024-08-19,Invierno,C6700,Premium,Centro,Chile,Electrónica,1,103,103,66.56
296,2025-01-16,Verano,C2525,Estándar,Sur,Perú,Deportes,25,94,2350,1676.96
297,2024-04-03,Otoño,C5123,Estándar,Norte,Colombia,Hogar,10,52,520,339.9
298,2025-06-10,Invierno,C6094,Premium,Sur,Chile,Deportes,5,180,900,613.17
299,2024-12-28,Verano,C5234,Premium,Centro,Perú,Electrónica,17,123,2091,1319.23
300,2024-11-10,Primavera,C1752,Premium,Sur,Perú,Ropa,6,105,630,385.4
301,2025-09-24,Primavera,C1622,Estándar,Centro,Chile,Ropa,5,89,445,274.46
302,2024-03-28,Otoño,C1416,Estándar,Centro,Perú,Electrónica,8,106,848,544.99
303,2025-10-14,Primavera,C8020,Estándar,Centro,Perú,Ropa,16,101,1616,1186.01
304,2025-09-27,Primavera,C1230,Premium,Sur,Chile,Electrónica,16,139,2224,1377.61
305,2024-02-24,Verano,C7653,Estándar,Sur,Colombia,Deportes,9,93,837,551.63
306,2025-12-31,Verano,C4435,Premium,Centro,Colombia,Deportes,22,138,3036,2058.4
307,2025-11-17,Primavera,C7209,Económico,Centro,Chile,Deportes,5,41,205,121.83
308,2024-12-08,Verano,C6313,Económico,Norte,Chile,Ropa,23,37,851,526.55
309,2024-05-05,Otoño,C8158,Estándar,Sur,Perú,Electrónica,7,95,665,489.41
310,2024-07-06,Invierno,C8794,Premium,Norte,Perú,Electrónica,6,167,1002,591.35
311,2024-02-27,Verano,C3380,Estándar,Centro,Perú,Deportes,13,70,910,618.04
312,2025-08-02,Invierno,C3117,Premium,Centro,Perú,Deportes,9,149,1341,844.22
313,2025-06-05,Invierno,C6260,Premium,Norte,Perú,Hogar,9,123,1107,796.81
314,2025-03-25,Otoño,C1911,Estándar,Centro,Perú,Hogar,10,107,1070,629.81
315,2024-06-29,Invierno,C6225,Estándar,Sur,Perú,Hogar,9,76,684,387.16
316,2025-07-18,Invierno,C2239,Premium,Centro,Perú,Ropa,8,113,904,504.94
317,2025-04-15,Otoño,C1953,Premium,Centro,Chile,Ropa,7,114,798,438.96
318,2025-02-21,Verano,C7027,Estándar,Norte,Colombia,Deportes,22,76,1672,1143.46
319,2025-04-17,Otoño,C8920,Estándar,Centro,Perú,Hogar,15,73,1095,721.86
320,2025-04-26,Otoño,C7180,Estándar,Sur,Colombia,Ropa,7,65,455,272.85
321,2024-05-06,Otoño,C7795,Estándar,Centro,Colombia,Deportes,9,52,468,261.54
322,2025-01-02,Verano,C5820,Estándar,Centro,Perú,Ropa,21,110,2310,1371.8
323,2025-03-28,Otoño,C8279,Estándar,Centro,Perú,Ropa,17,71,1207,904.93
324,2025-05-17,Otoño,C1482,Estándar,Norte,Perú,Electrónica,6,72,432,277.99
325,2024-10-15,Primavera,C2354,Estándar,Sur,Colombia,Hogar,13,66,858,480
326,2025-01-26,Verano,C8417,Premium,Norte,Colombia,Electrónica,12,168,2016,1286.13
327,2025-05-27,Otoño,C6095,Estándar,Sur,Perú,Electrónica,9,59,531,318.99
328,2024-11-19,Primavera,C4886,Económico,Norte,Chile,Hogar,7,40,280,202.25
329,2025-05-21,Otoño,C5134,Estándar,Norte,Perú,Deportes,13,102,1326,962.08
330,2024-07-19,Invierno,C9537,Estándar,Centro,Colombia,Hogar,9,112,1008,608.77
331,2024-07-18,Invierno,C4111,Económico,Norte,Perú,Ropa,4,33,132,92.71
332,2025-05-10,Otoño,C8264,Estándar,Centro,Colombia,Ropa,14,107,1498,838.36
333,2025-03-13,Otoño,C5067,Estándar,Centro,Chile,Electrónica,13,115,1495,978.11
334,2025-08-15,Invierno,C2231,Premium,Sur,Chile,Hogar,6,170,1020,681.31
335,2025-12-17,Verano,C2452,Estándar,Centro,Chile,Hogar,25,109,2725,1735.88
336,2025-11-04,Primavera,C5983,Estándar,Sur,Perú,Electrónica,11,90,990,654.14
337,2025-01-10,Verano,C1764,Premium,Norte,Chile,Ropa,16,143,2288,1696.71
338,2024-11-22,Primavera,C9195,Estándar,Sur,Chile,Deportes,7,93,651,419.24
339,2024-04-07,Otoño,C3233,Estándar,Sur,Colombia,Electrónica,15,86,1290,839.65
340,2025-08-30,Invierno,C8042,Estándar,Sur,Chile,Deportes,5,116,580,339.8
341,2024-11-30,Primavera,C3924,Premium,Centro,Chile,Hogar,15,136,2040,1386.15
342,2025-09-28,Primavera,C7999,Estándar,Centro,Perú,Ropa,11,89,979,556.7
343,2025-12-09,Verano,C5833,Estándar,Centro,Colombia,Ropa,10,108,1080,747.48
344,2024-10-02,Primavera,C1302,Premium,Centro,Perú,Electrónica,7,117,819,602.39
345,2024-09-25,Primavera,C1652,Estándar,Sur,Perú,Deportes,14,90,1260,865.89
346,2025-11-30,Primavera,C6260,Estándar,Sur,Perú,Electrónica,6,86,516,335.45
347,2024-01-04,Verano,C9978,Económico,Sur,Colombia,Ropa,14,55,770,455.49
348,2024-06-05,Invierno,C4440,Premium,Norte,Colombia,Hogar,4,177,708,402.06
349,2024-12-30,Verano,C3303,Premium,Norte,Perú,Electrónica,16,126,2016,1303.92
350,2024-11-22,Primavera,C3181,Económico,Sur,Perú,Ropa,13,43,559,390.41
351,2025-05-28,Otoño,C6908,Económico,Norte,Perú,Electrónica,10,22,220,134.57
352,2025-03-30,Otoño,C1686,Económico,Centro,Chile,Ropa,11,61,671,432.39
353,2025-01-05,Verano,C2339,Estándar,Centro,Perú,Deportes,13,104,1352,870.75
354,2025-10-10,Primavera,C7823,Estándar,Norte,Colombia,Hogar,15,76,1140,690.42
355,2024-11-11,Primavera,C7931,Estándar,Norte,Chile,Deportes,11,66,726,414.85
356,2025-11-26,Primavera,C4102,Estándar,Centro,Colombia,Deportes,17,116,1972,1178.29
357,2024-12-05,Verano,C1087,Estándar,Sur,Perú,Hogar,18,110,1980,1124.79
358,2025-01-24,Verano,C8451,Estándar,Norte,Chile,Hogar,20,70,1400,802.91
359,2025-11-30,Primavera,C4121,Premium,Sur,Chile,Deportes,10,160,1600,912.02
360,2025-06-01,Invierno,C5019,Estándar,Sur,Chile,Deportes,1,84,84,46.51
361,2024-04-23,Otoño,C9091,Estándar,Sur,Colombia,Deportes,16,118,1888,1288.34
362,2024-05-11,Otoño,C6477,Premium,Sur,Perú,Hogar,7,195,1365,885.34
363,2025-09-19,Primavera,C6204,Estándar,Sur,Colombia,Ropa,16,103,1648,1142.88
364,2025-12-01,Verano,C8477,Premium,Norte,Colombia,Electrónica,10,189,1890,1415.6
365,2024-10-24,Primavera,C2360,Estándar,Centro,Chile,Electrónica,6,58,348,226.58
366,2024-09-22,Primavera,C4892,Estándar,Norte,Perú,Hogar,9,90,810,561.93
367,2024-07-12,Invierno,C7274,Económico,Centro,Chile,Ropa,3,53,159,101.39
368,2024-06-28,Invierno,C1432,Premium,Centro,Colombia,Electrónica,7,121,847,526.57
369,2024-08-04,Invierno,C6176,Premium,Centro,Colombia,Electrónica,8,175,1400,805.35
370,2025-11-29,Primavera,C6415,Estándar,Centro,Chile,Hogar,12,103,1236,887.75
371,2024-06-08,Invierno,C1781,Estándar,Sur,Colombia,Hogar,6,114,684,443.52
372,2025-01-09,Verano,C7188,Económico,Sur,Chile,Deportes,34,22,748,530.58
373,2025-03-15,Otoño,C7347,Estándar,Norte,Perú,Hogar,11,60,660,406.93
374,2025-07-12,Invierno,C2047,Premium,Sur,Perú,Ropa,2,163,326,213.72
375,2025-07-21,Invierno,C1725,Estándar,Sur,Perú,Electrónica,2,67,134,74.67
376,2025-01-29,Verano,C4981,Estándar,Centro,Chile,Electrónica,13,104,1352,847.32
377,2025-09-08,Primavera,C8779,Económico,Sur,Chile,Hogar,14,30,420,248.94
378,2025-01-27,Verano,C5421,Premium,Norte,Perú,Hogar,19,188,3572,2308.14
379,2025-09-15,Primavera,C7455,Estándar,Norte,Colombia,Hogar,9,92,828,484.08
380,2025-08-16,Invierno,C5162,Estándar,Centro,Perú,Hogar,8,119,952,669.04
381,2024-07-13,Invierno,C8947,Premium,Norte,Chile,Ropa,1,114,114,76.27
382,2024-11-15,Primavera,C1282,Estándar,Sur,Colombia,Electrónica,13,79,1027,652.7
383,2024-01-07,Verano,C7706,Estándar,Sur,Perú,Electrónica,24,119,2856,1919.67
384,2024-05-21,Otoño,C5071,Económico,Sur,Perú,Deportes,5,40,200,113.77
385,2024-04-06,Otoño,C6482,Premium,Norte,Colombia,Deportes,11,123,1353,937.95
386,2024-08-25,Invierno,C7052,Premium,Centro,Chile,Hogar,3,184,552,335.46
387,2024-06-16,Invierno,C2158,Estándar,Norte,Perú,Deportes,6,65,390,253.4
388,2024-01-03,Verano,C3344,Premium,Norte,Chile,Hogar,26,161,4186,2592.86
389,2025-11-14,Primavera,C7144,Estándar,Sur,Perú,Hogar,7,100,700,505.24
390,2025-09-02,Primavera,C9498,Premium,Sur,Perú,Deportes,10,163,1630,898.71
391,2025-04-12,Otoño,C1951,Estándar,Centro,Colombia,Ropa,9,92,828,505.45
392,2025-07-25,Invierno,C9019,Premium,Sur,Perú,Electrónica,4,103,412,244.21
393,2024-05-17,Otoño,C5048,Premium,Centro,Perú,Ropa,13,188,2444,1732.55
394,2024-08-12,Invierno,C2372,Premium,Norte,Perú,Ropa,4,199,796,592.49
395,2025-01-04,Verano,C5305,Estándar,Centro,Chile,Hogar,28,56,1568,944.29
396,2025-12-01,Verano,C5970,Estándar,Sur,Chile,Deportes,22,83,1826,1297.64
397,2024-04-27,Otoño,C1250,Premium,Centro,Chile,Deportes,7,108,756,531.42
398,2024-05-15,Otoño,C8203,Económico,Sur,Colombia,Ropa,6,59,354,244.93
399,2024-03-27,Otoño,C3459,Estándar,Norte,Perú,Ropa,9,72,648,364.03
400,2025-04-30,Otoño,C4131,Económico,Sur,Chile,Electrónica,13,55,715,450.01
401,2025-12-07,Verano,C9256,Premium,Centro,Chile,Hogar,21,135,2835,2063.41
402,2024-12-03,Verano,C3329,Premium,Norte,Chile,Hogar,20,126,2520,1747.24
403,2024-02-08,Verano,C8315,Premium,Centro,Perú,Electrónica,23,142,3266,2234.39
404,2025-08-28,Invierno,C5252,Económico,Sur,Chile,Deportes,4,61,244,167.19
405,2024-04-08,Otoño,C6429,Premium,Norte,Colombia,Ropa,17,140,2380,1528.46
406,2025-04-11,Otoño,C3560,Estándar,Sur,Colombia,Ropa,16,113,1808,1346.06
407,2024-08-07,Invierno,C7661,Premium,Centro,Perú,Deportes,6,146,876,649.47
408,2025-06-10,Invierno,C1747,Premium,Centro,Chile,Electrónica,7,191,1337,797.2
409,2024-09-14,Primavera,C5036,Económico,Sur,Colombia,Electrónica,14,58,812,522.42
410,2025-01-24,Verano,C2596,Estándar,Sur,Perú,Electrónica,12,89,1068,606.59
411,2025-03-05,Otoño,C8760,Estándar,Norte,Colombia,Hogar,6,99,594,393.67
412,2024-02-03,Verano,C9005,Estándar,Norte,Perú,Electrónica,17,81,1377,950.58
413,2025-11-13,Primavera,C2481,Estándar,Norte,Chile,Ropa,17,71,1207,858.55
414,2024-08-09,Invierno,C7106,Premium,Centro,Perú,Deportes,3,127,381,219.33
415,2025-08-08,Invierno,C7417,Económico,Centro,Colombia,Deportes,8,61,488,281.01
416,2025-09-26,Primavera,C9653,Premium,Centro,Chile,Hogar,7,197,1379,1026.43
417,2024-07-01,Invierno,C3261,Estándar,Centro,Chile,Electrónica,3,78,234,140.63
418,2024-08-10,Invierno,C5069,Premium,Norte,Chile,Deportes,6,106,636,469.97
419,2025-06-05,Invierno,C9445,Estándar,Sur,Perú,Ropa,2,98,196,110.86
420,2024-07-14,Invierno,C9215,Premium,Sur,Perú,Hogar,8,169,1352,758.56
421,2025-11-27,Primavera,C8811,Premium,Centro,Perú,Ropa,12,103,1236,884.21
422,2024-12-29,Verano,C3345,Estándar,Norte,Perú,Electrónica,10,74,740,549.74
423,2024-08-27,Invierno,C2923,Estándar,Centro,Chile,Electrónica,6,87,522,331.12
424,2024-02-21,Verano,C1458,Estándar,Norte,Chile,Ropa,29,64,1856,1122.15
425,2024-07-23,Invierno,C5325,Premium,Norte,Perú,Electrónica,5,171,855,484.09
426,2025-09-19,Primavera,C8275,Económico,Sur,Perú,Ropa,6,20,120,75.59
427,2025-03-07,Otoño,C9726,Premium,Sur,Chile,Electrónica,9,117,1053,729.59
428,2024-10-25,Primavera,C5425,Estándar,Centro,Chile,Hogar,7,79,553,317.72
429,2025-10-17,Primavera,C6873,Estándar,Norte,Chile,Electrónica,13,79,1027,637.4
430,2024-04-05,Otoño,C6204,Estándar,Norte,Chile,Hogar,9,99,891,633.48
431,2024-01-08,Verano,C3434,Económico,Sur,Chile,Electrónica,14,67,938,531.56
432,2025-10-18,Primavera,C4944,Premium,Centro,Colombia,Electrónica,12,183,2196,1351.74
433,2024-02-24,Verano,C6118,Económico,Sur,Perú,Deportes,13,28,364,261.79
434,2024-04-09,Otoño,C6953,Premium,Sur,Colombia,Deportes,6,159,954,530.64
435,2024-12-27,Verano,C5443,Estándar,Sur,Colombia,Electrónica,18,97,1746,1197.94
436,2024-04-19,Otoño,C9870,Estándar,Centro,Perú,Deportes,9,88,792,550.31
437,2025-04-23,Otoño,C7774,Premium,Centro,Perú,Hogar,17,107,1819,1227.82
438,2024-02-15,Verano,C5133,Premium,Norte,Chile,Electrónica,18,161,2898,1700.12
439,2025-01-18,Verano,C2142,Premium,Centro,Chile,Hogar,26,100,2600,1447.56
440,2025-02-15,Verano,C3586,Estándar,Sur,Chile,Electrónica,29,79,2291,1287.11
441,2024-07-03,Invierno,C8249,Estándar,Norte,Colombia,Deportes,4,72,288,172.49
442,2025-02-18,Verano,C1169,Estándar,Centro,Chile,Deportes,24,58,1392,807.97
443,2025-03-09,Otoño,C5113,Premium,Centro,Perú,Ropa,16,155,2480,1636.38
444,2024-01-13,Verano,C7719,Estándar,Centro,Colombia,Ropa,16,75,1200,834.8
445,2024-05-20,Otoño,C7213,Premium,Norte,Perú,Deportes,15,152,2280,1267.41
446,2024-01-26,Verano,C4270,Estándar,Sur,Chile,Deportes,18,74,1332,981.86
447,2024-04-28,Otoño,C7704,Estándar,Norte,Chile,Ropa,12,117,1404,941.4
448,2025-03-25,Otoño,C3447,Premium,Norte,Perú,Deportes,10,152,1520,958.63
449,2025-05-23,Otoño,C9054,Estándar,Norte,Chile,Ropa,7,87,609,378.23
450,2025-09-10,Primavera,C6237,Estándar,Norte,Chile,Electrónica,6,60,360,256.55
451,2025-05-13,Otoño,C9465,Estándar,Sur,Colombia,Hogar,8,86,688,448.57
452,2024-12-13,Verano,C1400,Estándar,Norte,Perú,Electrónica,20,81,1620,960.43
453,2025-09-29,Primavera,C8990,Estándar,Sur,Perú,Hogar,5,119,595,350.32
454,2025-06-24,Invierno,C9426,Económico,Norte,Chile,Ropa,1,62,62,41.73
455,2025-09-08,Primavera,C9122,Estándar,Norte,Perú,Electrónica,16,78,1248,903.29
456,2025-09-30,Primavera,C6785,Estándar,Sur,Perú,Deportes,16,58,928,512.48
457,2024-12-13,Verano,C5584,Premium,Sur,Chile,Hogar,27,130,3510,2510.92
458,2025-01-29,Verano,C7729,Estándar,Norte,Perú,Hogar,14,102,1428,863.06
459,2025-08-30,Invierno,C4977,Económico,Centro,Colombia,Hogar,10,24,240,165.35
460,2024-07-13,Invierno,C3603,Premium,Centro,Perú,Electrónica,6,156,936,682.78
461,2024-04-11,Otoño,C5609,Estándar,Norte,Colombia,Electrónica,7,98,686,397.47
462,2024-05-15,Otoño,C2345,Económico,Norte,Colombia,Deportes,12,37,444,322.26
463,2025-04-01,Otoño,C3444,Estándar,Norte,Chile,Ropa,9,109,981,597.05
464,2024-10-21,Primavera,C8960,Económico,Centro,Perú,Electrónica,5,48,240,171.78
465,2025-10-16,Primavera,C8676,Estándar,Sur,Chile,Deportes,12,69,828,552.89
466,2024-12-19,Verano,C3905,Económico,Centro,Chile,Ropa,23,45,1035,758.9
467,2024-07-18,Invierno,C9322,Estándar,Norte,Colombia,Hogar,10,87,870,573.44
468,2024-03-05,Otoño,C1529,Premium,Centro,Perú,Hogar,6,111,666,393.77
469,2024-02-05,Verano,C7038,Estándar,Centro,Chile,Ropa,26,63,1638,1103.12
470,2024-11-04,Primavera,C6438,Estándar,Centro,Chile,Ropa,13,86,1118,786.22
471,2024-06-19,Invierno,C6818,Premium,Centro,Chile,Electrónica,7,116,812,586.16
472,2024-09-26,Primavera,C2844,Estándar,Centro,Chile,Deportes,8,70,560,323.33
473,2024-02-04,Verano,C1536,Estándar,Centro,Chile,Hogar,18,73,1314,837.3
474,2024-07-15,Invierno,C3961,Estándar,Centro,Perú,Hogar,2,73,146,92.95
475,2025-05-28,Otoño,C4595,Estándar,Centro,Chile,Ropa,13,60,780,567.09
476,2024-06-03,Invierno,C5837,Estándar,Sur,Colombia,Hogar,8,103,824,530.37
477,2025-05-08,Otoño,C8600,Premium,Sur,Perú,Hogar,8,184,1472,995.63
478,2025-10-03,Primavera,C6853,Estándar,Sur,Colombia,Hogar,13,60,780,534.4
479,2024-09-26,Primavera,C8103,Premium,Centro,Perú,Hogar,7,168,1176,864.15
480,2024-10-02,Primavera,C6857,Estándar,Sur,Perú,Electrónica,17,107,1819,1154.72
481,2025-05-23,Otoño,C8330,Estándar,Centro,Chile,Electrónica,9,65,585,329.84
482,2025-01-01,Verano,C5328,Estándar,Norte,Perú,Ropa,23,103,2369,1423.59
483,2025-09-23,Primavera,C2536,Estándar,Sur,Colombia,Deportes,16,92,1472,1024.61
484,2025-01-17,Verano,C3380,Premium,Sur,Chile,Deportes,18,151,2718,1886.03
485,2025-12-05,Verano,C1401,Estándar,Norte,Perú,Hogar,11,118,1298,812.53
486,2024-02-04,Verano,C8071,Estándar,Sur,Colombia,Deportes,14,114,1596,895.05
487,2025-10-06,Primavera,C3240,Estándar,Norte,Chile,Deportes,13,69,897,658.5
488,2025-11-09,Primavera,C6958,Premium,Norte,Perú,Deportes,8,129,1032,625.64
489,2024-03-02,Otoño,C8075,Estándar,Norte,Perú,Deportes,6,82,492,359.32
490,2024-08-29,Invierno,C2706,Estándar,Norte,Colombia,Ropa,5,76,380,273.17
491,2025-07-14,Invierno,C9542,Económico,Norte,Colombia,Hogar,9,41,369,212.68
492,2025-09-09,Primavera,C9137,Premium,Centro,Perú,Electrónica,6,110,660,396
493,2024-07-03,Invierno,C6290,Estándar,Sur,Perú,Deportes,7,76,532,381.47
494,2025-08-05,Invierno,C7649,Estándar,Norte,Chile,Deportes,2,100,200,126.81
495,2025-08-04,Invierno,C2606,Premium,Sur,Perú,Ropa,7,198,1386,913.4
496,2025-06-23,Invierno,C8595,Económico,Norte,Perú,Deportes,4,55,220,158.92
497,2025-01-11,Verano,C4970,Premium,Centro,Perú,Ropa,20,145,2900,1711.93
498,2024-09-11,Primavera,C2218,Estándar,Sur,Chile,Hogar,10,108,1080,809.28
499,2025-12-17,Verano,C6773,Estándar,Centro,Colombia,Ropa,12,51,612,448.18
500,2025-06-21,Invierno,C4921,Económico,Norte,Perú,Electrónica,3,50,150,100.32
501,2025-11-17,Primavera,C8172,Estándar,Norte,Colombia,Deportes,7,105,735,405.92
502,2024-12-04,Verano,C5562,Estándar,Norte,Perú,Deportes,21,113,2373,1466.36
503,2024-11-25,Primavera,C8820,Estándar,Sur,Colombia,Hogar,5,50,250,164.54
504,2025-04-21,Otoño,C9367,Estándar,Sur,Chile,Deportes,9,107,963,616.53
505,2025-01-23,Verano,C7416,Premium,Norte,Colombia,Ropa,19,149,2831,1667.92
506,2025-06-04,Invierno,C8499,Estándar,Norte,Perú,Deportes,9,86,774,549.6
507,2025-04-14,Otoño,C8901,Estándar,Centro,Colombia,Deportes,12,62,744,504.43
508,2025-12-06,Verano,C7131,Premium,Norte,Perú,Hogar,10,128,1280,841.18
509,2025-01-27,Verano,C2678,Estándar,Norte,Chile,Electrónica,26,53,1378,816.72
510,2024-11-10,Primavera,C7801,Estándar,Centro,Colombia,Electrónica,5,96,480,265.27
511,2024-07-14,Invierno,C3072,Estándar,Sur,Colombia,Deportes,8,88,704,526.14
512,2025-08-24,Invierno,C4342,Estándar,Centro,Perú,Electrónica,5,102,510,325.93
513,2024-01-29,Verano,C6514,Estándar,Norte,Chile,Ropa,15,76,1140,685.32
514,2024-10-26,Primavera,C1157,Premium,Sur,Perú,Electrónica,16,124,1984,1224.59
515,2024-08-02,Invierno,C5779,Premium,Centro,Colombia,Hogar,6,191,1146,835.39
516,2024-09-24,Primavera,C6474,Premium,Sur,Perú,Ropa,13,105,1365,918
517,2024-11-30,Primavera,C2990,Estándar,Sur,Perú,Ropa,11,100,1100,802.75
518,2025-11-07,Primavera,C7875,Estándar,Norte,Colombia,Hogar,11,116,1276,909.4
519,2024-04-25,Otoño,C6932,Estándar,Centro,Colombia,Hogar,16,89,1424,1059.28
520,2024-06-16,Invierno,C2387,Estándar,Norte,Chile,Ropa,3,118,354,198.07
521,2024-06-15,Invierno,C9882,Premium,Norte,Chile,Hogar,4,146,584,412.33
522,2024-05-03,Otoño,C1170,Estándar,Sur,Perú,Deportes,11,78,858,582.03
523,2024-05-14,Otoño,C5861,Estándar,Norte,Perú,Electrónica,14,99,1386,1032.38
524,2025-07-25,Invierno,C7566,Económico,Centro,Colombia,Ropa,10,49,490,321.09
525,2025-12-02,Verano,C9192,Premium,Norte,Colombia,Hogar,19,184,3496,2260.61
526,2024-01-07,Verano,C4174,Estándar,Sur,Chile,Hogar,19,78,1482,1072.12
527,2025-06-17,Invierno,C8802,Premium,Sur,Chile,Electrónica,3,142,426,259.38
528,2024-04-06,Otoño,C7936,Estándar,Norte,Chile,Deportes,13,74,962,611.6
529,2024-07-05,Invierno,C3210,Premium,Norte,Perú,Deportes,4,149,596,416.79
530,2025-12-21,Verano,C4656,Estándar,Norte,Perú,Electrónica,24,93,2232,1605.32
531,2024-04-19,Otoño,C2157,Estándar,Norte,Colombia,Electrónica,15,61,915,569.06
532,2024-12-08,Verano,C9072,Estándar,Norte,Chile,Electrónica,16,110,1760,1297.71
533,2025-01-21,Verano,C7027,Estándar,Norte,Chile,Deportes,32,86,2752,1836.79
534,2025-01-13,Verano,C9191,Estándar,Centro,Colombia,Deportes,19,60,1140,660.79
535,2024-04-12,Otoño,C6646,Económico,Norte,Colombia,Hogar,11,65,715,525.9
536,2024-12-13,Verano,C1504,Premium,Centro,Chile,Hogar,22,102,2244,1508.77
537,2025-08-27,Invierno,C1683,Premium,Sur,Perú,Ropa,9,156,1404,982.64
538,2025-10-09,Primavera,C6043,Premium,Norte,Perú,Hogar,9,167,1503,904.46
539,2025-12-07,Verano,C2496,Estándar,Centro,Colombia,Electrónica,10,103,1030,750.49
540,2024-08-03,Invierno,C1201,Económico,Centro,Perú,Ropa,5,32,160,100.69
541,2025-01-29,Verano,C5498,Económico,Centro,Perú,Electrónica,18,32,576,359.25
542,2024-11-14,Primavera,C7970,Estándar,Centro,Perú,Hogar,10,87,870,642.01
543,2025-10-19,Primavera,C9700,Estándar,Sur,Colombia,Deportes,13,69,897,642.6
544,2024-05-04,Otoño,C7356,Económico,Centro,Perú,Deportes,16,26,416,252.97
545,2024-02-03,Verano,C8018,Premium,Sur,Perú,Electrónica,13,137,1781,1243.79
546,2025-09-04,Primavera,C7039,Estándar,Norte,Colombia,Deportes,13,76,988,664.11
547,2025-03-24,Otoño,C9530,Económico,Sur,Perú,Hogar,6,58,348,240.24
548,2024-03-29,Otoño,C4062,Económico,Norte,Colombia,Deportes,9,26,234,148
549,2024-06-17,Invierno,C9870,Estándar,Sur,Colombia,Ropa,9,81,729,482.52
550,2024-08-27,Invierno,C7326,Estándar,Centro,Perú,Deportes,6,74,444,245.07
551,2024-08-11,Invierno,C8598,Premium,Centro,Perú,Deportes,3,183,549,406.19
552,2024-01-03,Verano,C7260,Económico,Norte,Perú,Ropa,22,61,1342,851.15
553,2024-12-24,Verano,C6699,Estándar,Norte,Chile,Electrónica,12,93,1116,770.26
554,2024-05-20,Otoño,C5683,Estándar,Norte,Perú,Ropa,12,63,756,436.45
555,2024-12-05,Verano,C8277,Estándar,Norte,Colombia,Ropa,16,88,1408,1024.68
556,2024-11-22,Primavera,C5959,Estándar,Sur,Perú,Hogar,16,80,1280,745.58
557,2024-03-16,Otoño,C7733,Estándar,Centro,Perú,Deportes,10,82,820,527.53
558,2025-11-18,Primavera,C9522,Estándar,Centro,Colombia,Ropa,16,84,1344,892.48
559,2024-06-05,Invierno,C5855,Económico,Norte,Colombia,Deportes,8,27,216,147.02
560,2025-01-10,Verano,C8338,Económico,Sur,Perú,Ropa,18,65,1170,794.97
561,2024-02-15,Verano,C2721,Económico,Centro,Colombia,Electrónica,14,39,546,399.43
562,2025-03-26,Otoño,C6972,Premium,Sur,Perú,Electrónica,15,168,2520,1634.49
563,2024-10-08,Primavera,C1109,Estándar,Norte,Perú,Hogar,10,110,1100,670
564,2025-01-17,Verano,C7093,Estándar,Centro,Colombia,Electrónica,8,104,832,615.05
565,2025-05-20,Otoño,C7706,Estándar,Centro,Chile,Electrónica,7,60,420,255.39
566,2024-03-09,Otoño,C8489,Premium,Norte,Perú,Ropa,9,163,1467,907.78
567,2025-04-05,Otoño,C9837,Económico,Sur,Colombia,Ropa,17,39,663,367.24
568,2024-02-29,Verano,C8463,Estándar,Sur,Perú,Ropa,21,65,1365,754.16
569,2024-01-01,Verano,C8691,Estándar,Centro,Chile,Deportes,19,96,1824,1155.88
570,2025-11-06,Primavera,C8560,Premium,Norte,Colombia,Deportes,16,115,1840,1216.58
571,2025-08-26,Invierno,C3016,Económico,Centro,Perú,Hogar,4,39,156,114.98
572,2024-01-19,Verano,C4816,Estándar,Centro,Chile,Electrónica,16,106,1696,1132.12
573,2025-09-11,Primavera,C2713,Estándar,Norte,Perú,Electrónica,5,64,320,178.98
574,2024-11-29,Primavera,C6514,Estándar,Norte,Perú,Electrónica,11,73,803,475.62
575,2025-11-01,Primavera,C8772,Económico,Norte,Colombia,Electrónica,12,43,516,373.38
576,2025-09-24,Primavera,C2699,Económico,Norte,Colombia,Deportes,6,32,192,123.36
577,2025-06-04,Invierno,C1117,Estándar,Centro,Colombia,Ropa,7,117,819,464.73
578,2025-11-12,Primavera,C9678,Premium,Sur,Chile,Deportes,10,161,1610,1204.04
579,2025-11-10,Primavera,C8833,Económico,Norte,Perú,Electrónica,8,51,408,279.23
580,2025-01-24,Verano,C6772,Estándar,Centro,Perú,Deportes,14,59,826,455.06
581,2025-04-12,Otoño,C2711,Estándar,Sur,Perú,Hogar,13,67,871,583.18
582,2025-06-21,Invierno,C4386,Estándar,Sur,Chile,Hogar,2,93,186,127.03
583,2024-12-07,Verano,C6848,Estándar,Centro,Colombia,Ropa,19,98,1862,1086.97
584,2025-05-10,Otoño,C5708,Estándar,Centro,Colombia,Deportes,17,113,1921,1287.37
585,2024-10-02,Primavera,C3116,Estándar,Centro,Perú,Ropa,16,101,1616,1023.51
586,2024-04-21,Otoño,C3643,Económico,Centro,Colombia,Ropa,12,40,480,274.02
587,2024-06-18,Invierno,C6138,Premium,Centro,Colombia,Deportes,11,156,1716,1020.57
588,2024-11-18,Primavera,C7247,Premium,Sur,Chile,Hogar,8,104,832,546.25
589,2025-03-11,Otoño,C4088,Premium,Centro,Perú,Deportes,6,108,648,371.6
590,2025-04-25,Otoño,C5259,Premium,Norte,Colombia,Ropa,5,146,730,468.13
591,2024-05-22,Otoño,C9262,Estándar,Sur,Chile,Ropa,9,58,522,306.72
592,2024-09-05,Primavera,C4560,Estándar,Norte,Colombia,Electrónica,6,115,690,421.56
593,2024-03-11,Otoño,C6107,Estándar,Norte,Perú,Deportes,16,61,976,710.86
594,2024-05-12,Otoño,C4127,Económico,Centro,Colombia,Deportes,11,58,638,404.47
595,2025-01-02,Verano,C4967,Premium,Sur,Perú,Deportes,21,148,3108,2203.13
596,2024-06-27,Invierno,C1535,Premium,Norte,Perú,Deportes,6,146,876,609.99
597,2024-09-01,Primavera,C2625,Premium,Norte,Colombia,Hogar,5,117,585,333.2
598,2024-03-13,Otoño,C8099,Estándar,Centro,Chile,Hogar,9,115,1035,737.17
599,2025-01-25,Verano,C4815,Estándar,Centro,Perú,Deportes,21,56,1176,829.85
600,2025-01-18,Verano,C2730,Estándar,Sur,Chile,Electrónica,24,79,1896,1165.69
601,2024-07-12,Invierno,C8601,Estándar,Centro,Chile,Hogar,7,71,497,293.6
602,2024-05-24,Otoño,C3800,Económico,Norte,Chile,Electrónica,5,53,265,174.25
603,2025-09-26,Primavera,C1470,Económico,Centro,Chile,Electrónica,5,56,280,162.17
604,2024-10-28,Primavera,C3632,Estándar,Sur,Chile,Electrónica,11,66,726,436.85
605,2025-10-07,Primavera,C7352,Estándar,Sur,Colombia,Hogar,13,79,1027,681.42
606,2025-02-14,Verano,C9110,Premium,Sur,Colombia,Ropa,9,113,1017,561.99
607,2025-12-27,Verano,C7262,Estándar,Norte,Perú,Deportes,25,82,2050,1512.06
608,2024-02-23,Verano,C1717,Estándar,Sur,Colombia,Ropa,8,100,800,520.16
609,2025-08-13,Invierno,C1296,Económico,Norte,Perú,Electrónica,9,68,612,396.36
610,2025-07-06,Invierno,C2199,Premium,Sur,Perú,Electrónica,8,165,1320,761.27
611,2025-11-15,Primavera,C7808,Estándar,Centro,Chile,Hogar,10,99,990,582.55
612,2024-06-30,Invierno,C6929,Premium,Sur,Perú,Hogar,3,197,591,397.52
613,2025-01-16,Verano,C2406,Premium,Centro,Perú,Hogar,14,144,2016,1171.79
614,2025-12-09,Verano,C9252,Premium,Centro,Perú,Electrónica,23,129,2967,1781.2
615,2025-01-11,Verano,C5131,Estándar,Sur,Colombia,Hogar,9,95,855,492.53
616,2025-08-23,Invierno,C1924,Económico,Norte,Perú,Electrónica,4,58,232,137.86
617,2025-06-11,Invierno,C7562,Estándar,Sur,Perú,Deportes,2,62,124,83.21
618,2025-11-05,Primavera,C2081,Estándar,Norte,Chile,Ropa,8,76,608,437.21
619,2025-01-20,Verano,C4686,Estándar,Sur,Chile,Ropa,24,87,2088,1209.19
620,2025-02-20,Verano,C8104,Estándar,Centro,Chile,Ropa,21,89,1869,1079.37
621,2025-05-18,Otoño,C1737,Económico,Sur,Colombia,Hogar,6,20,120,88.98
622,2025-07-06,Invierno,C8517,Estándar,Centro,Perú,Electrónica,8,101,808,490.66
623,2024-02-03,Verano,C9099,Premium,Norte,Chile,Hogar,14,152,2128,1439.13
624,2024-10-25,Primavera,C3287,Económico,Norte,Chile,Deportes,15,43,645,361.63
625,2025-06-08,Invierno,C4595,Económico,Norte,Perú,Deportes,8,30,240,148.01
626,2025-10-06,Primavera,C3944,Premium,Norte,Perú,Deportes,12,118,1416,1019.81
627,2024-03-15,Otoño,C2655,Premium,Sur,Chile,Hogar,15,130,1950,1278.75
628,2025-05-14,Otoño,C4885,Estándar,Sur,Perú,Ropa,14,69,966,656.33
629,2025-01-19,Verano,C4677,Premium,Norte,Perú,Hogar,19,188,3572,1968.98
630,2024-12-22,Verano,C5950,Estándar,Centro,Colombia,Deportes,22,110,2420,1718.23
631,2025-06-04,Invierno,C8952,Premium,Sur,Chile,Hogar,5,144,720,424.69
632,2025-04-09,Otoño,C7547,Económico,Centro,Chile,Ropa,10,60,600,449.09
633,2025-05-28,Otoño,C6371,Estándar,Sur,Chile,Electrónica,14,101,1414,1000.67
634,2025-10-08,Primavera,C1830,Premium,Sur,Chile,Ropa,14,150,2100,1269.98
635,2024-08-19,Invierno,C2805,Estándar,Sur,Colombia,Electrónica,10,90,900,584.5
636,2024-12-06,Verano,C1091,Estándar,Norte,Perú,Deportes,27,62,1674,987.61
637,2025-02-24,Verano,C2753,Económico,Centro,Chile,Ropa,18,63,1134,660.36
638,2024-01-17,Verano,C2331,Económico,Sur,Colombia,Ropa,10,24,240,164.77
639,2025-03-22,Otoño,C4582,Estándar,Norte,Perú,Hogar,6,74,444,316.86
640,2025-11-08,Primavera,C8856,Económico,Sur,Colombia,Hogar,12,31,372,234.29
641,2024-01-24,Verano,C6880,Premium,Centro,Perú,Ropa,18,184,3312,2195.88
642,2025-09-03,Primavera,C9300,Estándar,Centro,Chile,Deportes,15,65,975,647.33
643,2025-11-29,Primavera,C3495,Premium,Centro,Chile,Deportes,16,137,2192,1621.04
644,2025-05-09,Otoño,C4985,Estándar,Norte,Chile,Ropa,13,109,1417,1055.14
645,2024-01-02,Verano,C6846,Estándar,Sur,Perú,Hogar,21,108,2268,1459.22
646,2024-10-03,Primavera,C3915,Estándar,Sur,Perú,Deportes,9,82,738,443.1
647,2024-01-17,Verano,C3723,Estándar,Sur,Perú,Ropa,23,103,2369,1714.4
648,2025-02-13,Verano,C1307,Estándar,Norte,Perú,Electrónica,22,95,2090,1320.56
649,2025-04-30,Otoño,C5971,Premium,Sur,Colombia,Deportes,17,164,2788,1772.93
650,2024-07-08,Invierno,C6270,Estándar,Centro,Perú,Hogar,5,65,325,226.95
651,2025-04-10,Otoño,C8358,Económico,Norte,Chile,Electrónica,6,25,150,108.69
652,2024-05-08,Otoño,C9144,Económico,Norte,Perú,Ropa,11,69,759,565.54
653,2025-06-02,Invierno,C4774,Premium,Centro,Chile,Deportes,1,110,110,67.32
654,2024-01-14,Verano,C2938,Estándar,Centro,Chile,Ropa,18,111,1998,1402.31
655,2024-05-12,Otoño,C7686,Económico,Norte,Perú,Deportes,6,62,372,241.05
656,2024-07-18,Invierno,C2930,Premium,Centro,Perú,Electrónica,2,158,316,218.86
657,2025-05-04,Otoño,C2431,Estándar,Centro,Chile,Deportes,14,62,868,552
658,2024-03-11,Otoño,C3298,Premium,Norte,Perú,Hogar,6,112,672,447.23
659,2025-10-12,Primavera,C8094,Premium,Sur,Perú,Deportes,10,136,1360,945.17
660,2025-03-11,Otoño,C4213,Estándar,Centro,Chile,Hogar,6,66,396,282.75
661,2025-05-20,Otoño,C8832,Estándar,Norte,Chile,Hogar,17,53,901,569.91
662,2025-08-15,Invierno,C1520,Premium,Sur,Perú,Hogar,5,183,915,610.46
663,2024-02-11,Verano,C2337,Premium,Sur,Perú,Electrónica,18,147,2646,1934.92
664,2025-12-27,Verano,C1876,Económico,Centro,Perú,Ropa,22,44,968,674.75
665,2024-12-30,Verano,C6254,Estándar,Sur,Perú,Hogar,21,113,2373,1723.46
666,2025-08-11,Invierno,C2051,Premium,Norte,Perú,Ropa,3,120,360,237.56
667,2024-05-12,Otoño,C9604,Estándar,Norte,Perú,Electrónica,17,85,1445,854.51
668,2025-09-16,Primavera,C7484,Económico,Centro,Perú,Ropa,10,34,340,200.73
669,2024-07-22,Invierno,C8235,Premium,Centro,Perú,Deportes,8,106,848,628.62
670,2025-04-07,Otoño,C8683,Económico,Sur,Colombia,Ropa,10,47,470,297.63
671,2025-06-03,Invierno,C1308,Premium,Sur,Chile,Deportes,5,144,720,399.08
672,2025-01-22,Verano,C4853,Estándar,Norte,Perú,Hogar,17,97,1649,1092.58
673,2024-11-01,Primavera,C3817,Estándar,Centro,Perú,Deportes,12,84,1008,576.51
674,2025-03-05,Otoño,C9442,Estándar,Sur,Colombia,Hogar,9,109,981,584.01
675,2025-12-16,Verano,C4467,Premium,Centro,Perú,Hogar,21,121,2541,1633.42
676,2025-07-12,Invierno,C4726,Premium,Sur,Perú,Ropa,3,181,543,365.91
677,2025-01-25,Verano,C2530,Estándar,Norte,Perú,Hogar,14,59,826,522.95
678,2024-04-14,Otoño,C4467,Estándar,Centro,Chile,Electrónica,6,74,444,273.05
679,2025-04-30,Otoño,C5001,Económico,Norte,Colombia,Electrónica,10,60,600,360.7
680,2024-05-21,Otoño,C1610,Económico,Norte,Perú,Electrónica,6,61,366,207.51
681,2025-03-20,Otoño,C6770,Estándar,Sur,Chile,Hogar,8,52,416,311.4
682,2025-08-18,Invierno,C4219,Premium,Centro,Perú,Electrónica,6,117,702,402.82
683,2025-01-13,Verano,C6263,Estándar,Sur,Perú,Ropa,16,108,1728,1177.83
684,2025-10-09,Primavera,C8689,Premium,Norte,Chile,Hogar,11,154,1694,973.26
685,2024-09-10,Primavera,C5479,Estándar,Centro,Perú,Ropa,15,57,855,548.05
686,2025-08-04,Invierno,C1636,Premium,Centro,Chile,Hogar,3,131,393,243.79
687,2025-03-28,Otoño,C3391,Estándar,Sur,Colombia,Hogar,15,68,1020,729.45
688,2025-01-07,Verano,C6890,Económico,Centro,Chile,Ropa,19,22,418,282.52
689,2024-06-07,Invierno,C7646,Económico,Centro,Colombia,Ropa,6,48,288,215.76
690,2024-02-17,Verano,C5733,Económico,Norte,Perú,Ropa,14,66,924,555.56
691,2024-08-09,Invierno,C8897,Premium,Sur,Perú,Deportes,7,106,742,414.71
692,2024-12-31,Verano,C1149,Estándar,Centro,Perú,Ropa,14,87,1218,800.46
693,2024-02-05,Verano,C2563,Estándar,Centro,Colombia,Electrónica,12,57,684,422.5
694,2024-12-24,Verano,C5032,Económico,Sur,Chile,Deportes,30,68,2040,1147.58
695,2025-04-15,Otoño,C7565,Económico,Norte,Chile,Ropa,6,48,288,193.12
696,2024-10-12,Primavera,C9503,Estándar,Norte,Colombia,Electrónica,6,119,714,504.62
697,2024-04-21,Otoño,C9424,Económico,Norte,Chile,Electrónica,7,22,154,94.07
698,2025-11-12,Primavera,C1992,Premium,Norte,Perú,Ropa,17,166,2822,1657.84
699,2025-07-02,Invierno,C5829,Estándar,Norte,Perú,Electrónica,2,108,216,124.69
700,2024-05-12,Otoño,C4187,Premium,Centro,Perú,Ropa,16,122,1952,1115.17
701,2024-05-26,Otoño,C3118,Estándar,Norte,Colombia,Deportes,7,113,791,563.38
702,2025-06-28,Invierno,C5813,Premium,Sur,Perú,Ropa,6,106,636,399.24
703,2025-11-27,Primavera,C5321,Económico,Norte,Perú,Deportes,13,35,455,253.77
704,2024-09-18,Primavera,C6463,Económico,Centro,Colombia,Deportes,8,23,184,111.52
705,2024-09-15,Primavera,C7817,Premium,Centro,Chile,Electrónica,12,100,1200,870.77
706,2025-10-29,Primavera,C8221,Estándar,Sur,Perú,Electrónica,10,71,710,480.93
707,2025-02-10,Verano,C3902,Estándar,Norte,Colombia,Ropa,8,78,624,433.41
708,2024-01-27,Verano,C4086,Estándar,Sur,Chile,Ropa,17,89,1513,915.77
709,2024-12-29,Verano,C2082,Económico,Sur,Perú,Hogar,20,32,640,421.1
710,2024-02-09,Verano,C3110,Económico,Centro,Chile,Deportes,15,49,735,417.52
711,2025-01-20,Verano,C5862,Estándar,Centro,Chile,Deportes,27,108,2916,1947.62
712,2024-01-08,Verano,C3208,Económico,Sur,Perú,Ropa,20,29,580,321.71
713,2024-05-11,Otoño,C5730,Económico,Sur,Perú,Ropa,15,27,405,236.7
714,2024-05-17,Otoño,C4306,Económico,Norte,Chile,Deportes,10,31,310,209.89
715,2024-09-13,Primavera,C9980,Premium,Norte,Colombia,Hogar,15,166,2490,1806.18
716,2025-11-20,Primavera,C7832,Estándar,Sur,Chile,Electrónica,9,109,981,564.67
717,2024-05-14,Otoño,C8480,Estándar,Sur,Perú,Electrónica,16,80,1280,780.47
718,2025-01-17,Verano,C1631,Estándar,Centro,Perú,Electrónica,13,60,780,430.11
719,2025-08-13,Invierno,C9704,Premium,Sur,Chile,Electrónica,4,118,472,285.42
720,2024-03-05,Otoño,C8633,Estándar,Norte,Colombia,Ropa,9,99,891,514.84
721,2024-08-28,Invierno,C1968,Estándar,Centro,Perú,Deportes,9,114,1026,765.07
722,2025-02-04,Verano,C6736,Estándar,Centro,Chile,Electrónica,13,88,1144,636.56
723,2025-09-21,Primavera,C6608,Premium,Centro,Chile,Ropa,6,114,684,411.55
724,2025-06-26,Invierno,C7968,Económico,Norte,Perú,Ropa,7,44,308,228.96
725,2025-02-21,Verano,C1912,Estándar,Sur,Chile,Ropa,21,100,2100,1205.97
726,2024-10-07,Primavera,C9020,Estándar,Norte,Colombia,Ropa,17,75,1275,949.15
727,2024-02-07,Verano,C7318,Económico,Centro,Perú,Electrónica,18,54,972,673.15
728,2024-12-08,Verano,C4496,Estándar,Centro,Perú,Electrónica,13,90,1170,841.92
729,2024-04-05,Otoño,C4131,Premium,Sur,Colombia,Hogar,9,135,1215,817.47
730,2024-11-14,Primavera,C4407,Premium,Sur,Perú,Electrónica,6,198,1188,838.59
731,2025-03-14,Otoño,C7134,Premium,Sur,Perú,Electrónica,7,138,966,654.62
732,2025-12-17,Verano,C7428,Premium,Centro,Perú,Ropa,18,139,2502,1476.4
733,2024-11-08,Primavera,C4576,Estándar,Norte,Colombia,Ropa,12,93,1116,655.61
734,2024-08-21,Invierno,C9965,Económico,Centro,Chile,Electrónica,6,68,408,299.72
735,2025-05-13,Otoño,C4004,Premium,Sur,Perú,Ropa,14,112,1568,941.21
736,2024-11-09,Primavera,C9570,Estándar,Centro,Chile,Ropa,9,61,549,397.91
737,2025-09-24,Primavera,C3572,Premium,Norte,Chile,Deportes,16,176,2816,1592.53
738,2025-10-15,Primavera,C9711,Estándar,Sur,Colombia,Ropa,13,57,741,424.82
739,2025-07-09,Invierno,C3720,Premium,Norte,Chile,Deportes,1,137,137,92.03
740,2025-12-17,Verano,C5022,Premium,Sur,Chile,Hogar,28,111,3108,2324.35
741,2025-05-28,Otoño,C8543,Premium,Centro,Perú,Hogar,11,147,1617,995.92
742,2024-01-26,Verano,C2023,Premium,Centro,Colombia,Ropa,8,172,1376,906.12
743,2025-08-06,Invierno,C9987,Premium,Norte,Perú,Deportes,5,173,865,615.08
744,2024-12-24,Verano,C3523,Económico,Norte,Perú,Ropa,20,41,820,590.93
745,2025-10-29,Primavera,C8549,Premium,Sur,Chile,Ropa,15,111,1665,1217.22
746,2024-02-05,Verano,C8148,Estándar,Centro,Chile,Electrónica,22,71,1562,1060.2
747,2024-04-19,Otoño,C9951,Estándar,Centro,Chile,Hogar,12,101,1212,903.11
748,2024-04-25,Otoño,C8104,Estándar,Norte,Colombia,Electrónica,11,116,1276,716.24
749,2025-09-30,Primavera,C7593,Estándar,Norte,Chile,Deportes,14,76,1064,751.65
750,2024-11-10,Primavera,C3965,Estándar,Centro,Chile,Ropa,11,112,1232,885.7
751,2024-01-06,Verano,C7043,Económico,Sur,Perú,Deportes,26,66,1716,1231.26
752,2025-03-21,Otoño,C7667,Económico,Norte,Colombia,Ropa,13,49,637,460.44
753,2025-09-10,Primavera,C5970,Premium,Sur,Colombia,Hogar,15,125,1875,1198.17
754,2024-06-16,Invierno,C3047,Económico,Centro,Chile,Hogar,2,55,110,68.11
755,2025-05-06,Otoño,C1355,Estándar,Sur,Chile,Hogar,5,106,530,324.01
756,2025-09-25,Primavera,C8234,Premium,Sur,Perú,Deportes,6,134,804,482.49
757,2024-07-25,Invierno,C8185,Estándar,Norte,Colombia,Hogar,10,59,590,372.62
758,2024-07-12,Invierno,C6709,Económico,Centro,Perú,Hogar,7,28,196,139.12
759,2024-01-11,Verano,C1855,Premium,Sur,Perú,Hogar,22,195,4290,3009.61
760,2024-05-23,Otoño,C9131,Premium,Centro,Colombia,Hogar,13,198,2574,1700.09
761,2025-02-12,Verano,C4795,Estándar,Sur,Colombia,Ropa,19,91,1729,1101.03
762,2024-05-08,Otoño,C3558,Premium,Sur,Colombia,Ropa,14,195,2730,1697.94
763,2025-01-30,Verano,C9640,Estándar,Centro,Colombia,Ropa,13,85,1105,667.29
764,2024-04-27,Otoño,C5801,Estándar,Sur,Chile,Deportes,9,101,909,517.05
765,2025-08-14,Invierno,C1667,Premium,Norte,Colombia,Electrónica,5,159,795,460.36
766,2024-10-12,Primavera,C4327,Estándar,Sur,Perú,Ropa,12,96,1152,779.99
767,2024-12-20,Verano,C9543,Económico,Sur,Perú,Ropa,16,64,1024,717.44
768,2025-11-12,Primavera,C8529,Estándar,Sur,Chile,Electrónica,11,67,737,444.64
769,2025-09-14,Primavera,C4931,Económico,Centro,Colombia,Hogar,5,55,275,176.02
770,2024-10-17,Primavera,C7138,Económico,Centro,Colombia,Hogar,13,31,403,225.26
771,2025-09-09,Primavera,C1060,Económico,Norte,Chile,Ropa,13,63,819,598.75
772,2025-07-15,Invierno,C1786,Premium,Sur,Chile,Hogar,3,118,354,225.07
773,2025-08-30,Invierno,C7715,Premium,Centro,Perú,Deportes,5,146,730,476.01
774,2025-06-02,Invierno,C9096,Económico,Norte,Perú,Electrónica,4,52,208,149.77
775,2024-03-30,Otoño,C7276,Premium,Centro,Chile,Electrónica,8,133,1064,612.68
776,2024-10-03,Primavera,C8780,Estándar,Norte,Chile,Deportes,7,57,399,288.43
777,2025-04-03,Otoño,C8873,Económico,Sur,Perú,Hogar,6,26,156,106.32
778,2024-03-15,Otoño,C5966,Estándar,Sur,Perú,Deportes,5,64,320,223.62
779,2024-09-13,Primavera,C2270,Premium,Centro,Chile,Electrónica,8,147,1176,738.98
780,2024-09-27,Primavera,C1195,Premium,Sur,Colombia,Deportes,6,120,720,397.59
781,2025-04-09,Otoño,C3404,Estándar,Sur,Colombia,Deportes,15,83,1245,905.85
782,2024-09-08,Primavera,C2655,Económico,Sur,Perú,Hogar,12,56,672,491.35
783,2024-03-07,Otoño,C3084,Económico,Centro,Chile,Hogar,14,58,812,487.13
784,2024-05-27,Otoño,C5632,Estándar,Centro,Perú,Ropa,11,119,1309,960.46
785,2024-08-05,Invierno,C8998,Económico,Centro,Chile,Hogar,2,41,82,54.8
786,2025-01-26,Verano,C7943,Premium,Sur,Chile,Hogar,29,149,4321,2421.23
787,2025-05-20,Otoño,C2407,Premium,Sur,Colombia,Deportes,14,125,1750,1219.9
788,2024-01-01,Verano,C7897,Premium,Sur,Perú,Deportes,24,195,4680,2621.62
789,2025-07-15,Invierno,C8771,Estándar,Centro,Chile,Deportes,1,85,85,49.29
790,2024-03-26,Otoño,C8942,Estándar,Centro,Colombia,Hogar,8,89,712,415.5
791,2024-01-12,Verano,C6186,Premium,Centro,Chile,Deportes,32,116,3712,2316.29
792,2024-09-21,Primavera,C2496,Estándar,Centro,Colombia,Electrónica,16,109,1744,1294.9
793,2024-11-16,Primavera,C4590,Estándar,Norte,Perú,Deportes,7,86,602,359.89
794,2025-05-07,Otoño,C2147,Económico,Sur,Perú,Ropa,13,25,325,198.95
795,2025-02-04,Verano,C6118,Estándar,Norte,Perú,Hogar,20,76,1520,1134.56
796,2025-10-05,Primavera,C1942,Premium,Sur,Perú,Electrónica,5,104,520,342.28
797,2025-12-29,Verano,C4888,Económico,Centro,Perú,Electrónica,16,51,816,576.79
798,2025-03-06,Otoño,C3195,Económico,Centro,Chile,Deportes,6,27,162,107.86
799,2025-09-24,Primavera,C5132,Premium,Sur,Colombia,Hogar,10,173,1730,1205.28
800,2024-10-24,Primavera,C9667,Económico,Sur,Perú,Electrónica,9,27,243,155.08
801,2025-10-12,Primavera,C4411,Económico,Centro,Chile,Ropa,7,45,315,234.59
802,2025-05-23,Otoño,C6746,Estándar,Centro,Colombia,Ropa,12,106,1272,885.92
803,2025-11-06,Primavera,C5605,Económico,Sur,Colombia,Electrónica,17,30,510,297.54
804,2024-02-19,Verano,C2030,Estándar,Sur,Perú,Ropa,12,112,1344,936.41
805,2025-06-27,Invierno,C5509,Estándar,Sur,Perú,Hogar,9,110,990,643.23
806,2024-10-02,Primavera,C2616,Estándar,Sur,Perú,Deportes,5,81,405,280.67
807,2025-08-06,Invierno,C9902,Estándar,Centro,Perú,Ropa,3,86,258,166.61
808,2025-12-09,Verano,C4781,Económico,Sur,Colombia,Ropa,19,60,1140,837.14
809,2025-03-05,Otoño,C1850,Estándar,Sur,Chile,Hogar,5,94,470,264.49
810,2025-01-09,Verano,C3356,Estándar,Norte,Colombia,Hogar,11,57,627,441.39
811,2025-01-05,Verano,C1349,Estándar,Norte,Perú,Ropa,23,76,1748,1211.51
812,2024-01-05,Verano,C6226,Estándar,Centro,Colombia,Electrónica,11,90,990,674.81
813,2025-11-18,Primavera,C8405,Estándar,Norte,Colombia,Electrónica,14,64,896,578.59
814,2024-04-11,Otoño,C9727,Estándar,Norte,Colombia,Hogar,13,85,1105,781.15
815,2025-05-31,Otoño,C9835,Estándar,Norte,Perú,Electrónica,10,111,1110,827.44
816,2024-11-29,Primavera,C6034,Premium,Norte,Colombia,Deportes,7,190,1330,790.11
817,2024-11-19,Primavera,C9650,Estándar,Centro,Chile,Deportes,12,91,1092,739.86
818,2025-04-27,Otoño,C3386,Económico,Sur,Chile,Ropa,14,47,658,394.05
819,2025-05-15,Otoño,C8526,Estándar,Centro,Colombia,Ropa,17,100,1700,1095.92
820,2025-02-06,Verano,C6643,Estándar,Sur,Colombia,Deportes,18,95,1710,1165.78
821,2025-07-27,Invierno,C4837,Premium,Centro,Perú,Hogar,8,199,1592,968.8
822,2025-05-14,Otoño,C5622,Económico,Sur,Chile,Ropa,6,42,252,168.42
823,2024-07-16,Invierno,C1861,Económico,Norte,Perú,Hogar,8,43,344,229.79
824,2024-11-07,Primavera,C5159,Estándar,Centro,Colombia,Electrónica,16,58,928,663.73
825,2025-04-22,Otoño,C1610,Estándar,Norte,Perú,Deportes,12,50,600,334.72
826,2025-05-24,Otoño,C6747,Premium,Norte,Colombia,Electrónica,11,190,2090,1389.52
827,2025-06-01,Invierno,C9842,Estándar,Centro,Perú,Deportes,6,103,618,457.29
828,2024-06-15,Invierno,C7048,Económico,Centro,Colombia,Deportes,5,50,250,145.06
829,2025-05-23,Otoño,C5471,Económico,Centro,Chile,Electrónica,17,22,374,221.12
830,2024-09-14,Primavera,C8248,Premium,Sur,Perú,Ropa,8,175,1400,942.8
831,2025-09-30,Primavera,C2662,Económico,Centro,Perú,Deportes,11,46,506,372.46
832,2024-08-16,Invierno,C6355,Estándar,Centro,Perú,Hogar,2,96,192,138.77
833,2024-09-29,Primavera,C8591,Estándar,Sur,Colombia,Ropa,13,62,806,505.23
834,2024-06-27,Invierno,C7297,Estándar,Norte,Perú,Electrónica,4,84,336,227.85
835,2024-03-22,Otoño,C2960,Premium,Norte,Perú,Deportes,7,103,721,436.52
836,2024-02-14,Verano,C7576,Estándar,Norte,Perú,Ropa,22,104,2288,1344.97
837,2024-04-19,Otoño,C9973,Económico,Sur,Perú,Ropa,14,29,406,285.29
838,2024-05-03,Otoño,C7753,Económico,Norte,Perú,Deportes,7,34,238,158.34
839,2025-02-23,Verano,C7843,Premium,Sur,Colombia,Electrónica,11,191,2101,1443.58
840,2024-12-28,Verano,C4935,Estándar,Norte,Colombia,Ropa,9,88,792,466.02
841,2025-06-25,Invierno,C5803,Premium,Sur,Chile,Electrónica,6,156,936,698.39
842,2025-12-30,Verano,C3142,Premium,Centro,Chile,Electrónica,23,143,3289,1908.92
843,2024-07-06,Invierno,C4727,Estándar,Norte,Chile,Hogar,4,114,456,287.5
844,2025-12-29,Verano,C3293,Premium,Centro,Colombia,Ropa,13,110,1430,882.84
845,2025-03-10,Otoño,C6608,Premium,Sur,Perú,Electrónica,13,166,2158,1322.92
846,2024-02-11,Verano,C8532,Premium,Sur,Perú,Electrónica,12,117,1404,911.23
847,2025-03-17,Otoño,C2337,Económico,Sur,Perú,Deportes,16,35,560,322.56
848,2024-12-02,Verano,C5119,Premium,Sur,Perú,Deportes,16,118,1888,1292.11
849,2024-09-04,Primavera,C3856,Estándar,Centro,Perú,Hogar,9,54,486,273.92
850,2024-03-28,Otoño,C2080,Estándar,Centro,Chile,Electrónica,13,114,1482,889.12
851,2025-12-28,Verano,C4028,Económico,Sur,Chile,Hogar,28,59,1652,1223.05
852,2025-03-27,Otoño,C5824,Premium,Norte,Perú,Ropa,17,142,2414,1782.64
853,2025-04-05,Otoño,C3329,Premium,Sur,Colombia,Deportes,11,191,2101,1454.82
854,2025-07-27,Invierno,C8091,Estándar,Sur,Perú,Deportes,6,93,558,318.61
855,2025-10-23,Primavera,C9605,Premium,Sur,Colombia,Deportes,8,188,1504,999.36
856,2025-06-15,Invierno,C4924,Estándar,Centro,Chile,Ropa,5,64,320,213.42
857,2024-09-09,Primavera,C5824,Económico,Centro,Perú,Ropa,15,39,585,347.36
858,2024-06-27,Invierno,C6824,Estándar,Norte,Chile,Electrónica,1,93,93,69.03
859,2025-11-28,Primavera,C1005,Estándar,Centro,Perú,Electrónica,16,102,1632,956.15
860,2024-01-23,Verano,C1873,Premium,Norte,Colombia,Ropa,10,192,1920,1435.59
861,2025-05-15,Otoño,C8257,Estándar,Sur,Chile,Hogar,13,119,1547,1078.39
862,2024-09-18,Primavera,C1859,Premium,Sur,Perú,Electrónica,6,191,1146,650.06
863,2024-01-26,Verano,C2428,Estándar,Centro,Chile,Deportes,19,53,1007,583.98
864,2024-08-16,Invierno,C9285,Estándar,Centro,Colombia,Ropa,4,116,464,339.41
865,2025-10-10,Primavera,C5726,Premium,Centro,Chile,Electrónica,16,189,3024,1857.89
866,2025-07-07,Invierno,C8300,Premium,Norte,Colombia,Ropa,4,186,744,431.16
867,2024-08-13,Invierno,C2561,Económico,Norte,Colombia,Hogar,7,52,364,217.11
868,2024-07-15,Invierno,C2646,Premium,Norte,Perú,Deportes,7,104,728,413.99
869,2025-10-04,Primavera,C3684,Estándar,Centro,Perú,Hogar,8,112,896,602.51
870,2025-04-13,Otoño,C1373,Premium,Sur,Chile,Ropa,17,161,2737,1664.25
871,2024-09-24,Primavera,C8149,Estándar,Sur,Chile,Ropa,5,89,445,277.6
872,2024-09-20,Primavera,C4971,Premium,Sur,Chile,Hogar,11,124,1364,920.34
873,2025-07-30,Invierno,C8850,Premium,Sur,Chile,Deportes,1,128,128,77.99
874,2024-10-20,Primavera,C9208,Estándar,Centro,Colombia,Deportes,14,108,1512,1004.77
875,2025-02-11,Verano,C2218,Estándar,Centro,Perú,Ropa,23,57,1311,773.85
876,2025-09-21,Primavera,C7123,Estándar,Sur,Perú,Ropa,13,88,1144,804.47
877,2024-07-09,Invierno,C9992,Premium,Norte,Chile,Electrónica,2,136,272,172.46
878,2024-08-07,Invierno,C2875,Estándar,Norte,Perú,Hogar,6,113,678,421.27
879,2024-03-10,Otoño,C5563,Estándar,Centro,Colombia,Electrónica,16,83,1328,984.73
880,2025-12-25,Verano,C2752,Estándar,Sur,Chile,Deportes,15,70,1050,772.34
881,2024-04-10,Otoño,C3953,Estándar,Centro,Colombia,Hogar,17,109,1853,1258.71
882,2025-12-05,Verano,C7571,Premium,Norte,Perú,Electrónica,18,116,2088,1513.39
883,2025-11-26,Primavera,C6124,Estándar,Norte,Chile,Deportes,8,74,592,360.49
884,2025-02-22,Verano,C6315,Estándar,Norte,Perú,Electrónica,16,51,816,538.67
885,2024-02-10,Verano,C3951,Estándar,Sur,Chile,Ropa,14,53,742,427.54
886,2024-04-22,Otoño,C1686,Económico,Norte,Colombia,Electrónica,6,28,168,95.9
887,2025-10-20,Primavera,C2098,Estándar,Sur,Chile,Electrónica,7,93,651,484.18
888,2024-11-21,Primavera,C1698,Estándar,Sur,Chile,Hogar,11,104,1144,691.22
889,2024-09-01,Primavera,C7180,Estándar,Centro,Perú,Ropa,5,86,430,252.83
890,2024-02-08,Verano,C5245,Premium,Centro,Perú,Deportes,13,161,2093,1296.11
891,2024-06-26,Invierno,C4714,Estándar,Norte,Perú,Hogar,7,102,714,460.07
892,2025-08-20,Invierno,C7019,Estándar,Centro,Colombia,Hogar,4,85,340,249.54
893,2025-04-26,Otoño,C2729,Estándar,Norte,Perú,Electrónica,13,54,702,513.71
894,2025-05-24,Otoño,C2820,Estándar,Sur,Perú,Hogar,10,115,1150,677.82
895,2024-05-27,Otoño,C9091,Económico,Sur,Perú,Hogar,12,27,324,194.94
896,2025-08-14,Invierno,C7511,Premium,Sur,Perú,Electrónica,4,198,792,515.86
897,2024-08-22,Invierno,C7894,Estándar,Norte,Perú,Hogar,3,75,225,124.1
898,2025-06-03,Invierno,C1399,Estándar,Sur,Chile,Deportes,1,102,102,73.33
899,2025-10-06,Primavera,C5311,Estándar,Sur,Perú,Deportes,14,107,1498,1114.34
900,2025-09-11,Primavera,C6371,Económico,Norte,Colombia,Ropa,10,58,580,403.07
901,2024-07-30,Invierno,C6705,Estándar,Norte,Colombia,Deportes,10,93,930,596.02
902,2024-04-15,Otoño,C4689,Estándar,Sur,Chile,Deportes,9,58,522,304.21
903,2024-07-02,Invierno,C3842,Económico,Sur,Chile,Hogar,5,55,275,158.69
904,2024-01-01,Verano,C8532,Premium,Centro,Chile,Electrónica,20,127,2540,1407.31
905,2025-11-19,Primavera,C8215,Estándar,Centro,Chile,Electrónica,10,94,940,603.22
906,2025-04-25,Otoño,C1096,Económico,Sur,Perú,Deportes,14,65,910,526.88
907,2025-08-14,Invierno,C5748,Económico,Sur,Chile,Electrónica,6,58,348,257.05
908,2024-10-17,Primavera,C5246,Económico,Centro,Colombia,Deportes,13,24,312,202.74
909,2025-08-17,Invierno,C4259,Económico,Centro,Perú,Deportes,8,52,416,283.61
910,2025-02-27,Verano,C1996,Estándar,Sur,Chile,Ropa,25,97,2425,1588.18
911,2024-03-06,Otoño,C7903,Estándar,Centro,Colombia,Electrónica,11,65,715,397.09
912,2025-12-15,Verano,C5420,Premium,Norte,Perú,Deportes,13,105,1365,833.18
913,2025-08-30,Invierno,C8723,Económico,Norte,Colombia,Deportes,8,44,352,209.48
914,2024-12-23,Verano,C2983,Económico,Sur,Colombia,Hogar,12,28,336,218.32
915,2024-09-22,Primavera,C2781,Estándar,Sur,Perú,Electrónica,12,84,1008,641.5
916,2025-05-17,Otoño,C3677,Premium,Sur,Chile,Hogar,12,120,1440,857.68
917,2025-01-10,Verano,C2391,Premium,Centro,Perú,Deportes,13,183,2379,1624.62
918,2024-02-14,Verano,C5458,Premium,Centro,Perú,Electrónica,20,136,2720,1857.56
919,2024-05-02,Otoño,C3827,Premium,Centro,Chile,Ropa,17,148,2516,1795.1
920,2024-05-12,Otoño,C6138,Económico,Sur,Colombia,Hogar,5,29,145,97.28
921,2025-07-30,Invierno,C3916,Estándar,Sur,Colombia,Ropa,9,87,783,576.64
922,2024-02-01,Verano,C4942,Económico,Sur,Chile,Deportes,34,45,1530,871.63
923,2024-08-12,Invierno,C3913,Estándar,Sur,Perú,Electrónica,9,57,513,286.28
924,2024-01-22,Verano,C2134,Estándar,Norte,Chile,Electrónica,29,64,1856,1074.49
925,2025-06-07,Invierno,C5987,Estándar,Centro,Chile,Electrónica,1,116,116,81.82
926,2025-09-04,Primavera,C7331,Estándar,Centro,Chile,Deportes,9,64,576,408.29
927,2024-11-30,Primavera,C8451,Premium,Centro,Perú,Ropa,8,141,1128,745.89
928,2024-07-29,Invierno,C2460,Premium,Norte,Colombia,Ropa,5,175,875,584.73
929,2024-01-11,Verano,C3214,Premium,Norte,Chile,Deportes,30,188,5640,3754.51
930,2025-10-05,Primavera,C3389,Económico,Sur,Colombia,Deportes,17,44,748,512.57
931,2024-05-29,Otoño,C3730,Económico,Norte,Chile,Hogar,12,25,300,212.12
932,2025-03-05,Otoño,C3195,Estándar,Norte,Chile,Deportes,14,54,756,420.83
933,2025-08-13,Invierno,C5156,Estándar,Norte,Colombia,Ropa,6,94,564,403.15
934,2024-04-11,Otoño,C5198,Estándar,Sur,Chile,Electrónica,8,101,808,460.49
935,2025-04-23,Otoño,C8105,Premium,Norte,Perú,Electrónica,10,153,1530,920.2
936,2025-12-02,Verano,C8529,Premium,Centro,Colombia,Ropa,19,176,3344,1997.15
937,2025-09-22,Primavera,C5400,Económico,Sur,Chile,Deportes,10,67,670,412.23
938,2025-06-07,Invierno,C5647,Estándar,Norte,Colombia,Hogar,6,100,600,415.05
939,2024-06-21,Invierno,C6589,Premium,Centro,Perú,Deportes,4,139,556,381.19
940,2025-09-11,Primavera,C5626,Estándar,Centro,Colombia,Hogar,10,107,1070,598.74
941,2024-10-01,Primavera,C6038,Económico,Centro,Chile,Deportes,8,60,480,331.04
942,2024-08-19,Invierno,C6737,Estándar,Sur,Perú,Hogar,2,117,234,138.57
943,2024-02-25,Verano,C6438,Estándar,Sur,Colombia,Electrónica,8,53,424,262.49
944,2024-05-20,Otoño,C4864,Premium,Centro,Chile,Electrónica,11,185,2035,1507.97
945,2024-08-13,Invierno,C2332,Estándar,Norte,Chile,Hogar,7,60,420,249.57
946,2025-04-29,Otoño,C7055,Económico,Sur,Colombia,Hogar,12,39,468,275.62
947,2025-10-26,Primavera,C1736,Estándar,Sur,Perú,Hogar,7,85,595,389.61
948,2025-08-13,Invierno,C9213,Premium,Norte,Perú,Ropa,9,103,927,538.45
949,2024-05-24,Otoño,C8030,Premium,Centro,Colombia,Deportes,17,137,2329,1482.15
950,2025-10-30,Primavera,C8747,Económico,Norte,Perú,Deportes,10,66,660,462.44
951,2024-01-08,Verano,C2989,Estándar,Norte,Perú,Hogar,10,109,1090,705.75
952,2025-03-14,Otoño,C3644,Premium,Norte,Perú,Deportes,17,142,2414,1417.96
953,2024-11-09,Primavera,C2912,Estándar,Norte,Chile,Hogar,9,69,621,448.63
954,2025-07-02,Invierno,C2329,Económico,Sur,Perú,Deportes,9,31,279,199.56
955,2024-07-09,Invierno,C1201,Estándar,Norte,Perú,Ropa,6,95,570,316.81
956,2024-01-09,Verano,C1670,Estándar,Norte,Chile,Deportes,34,104,3536,2001.03
957,2024-03-22,Otoño,C2238,Premium,Sur,Perú,Electrónica,5,160,800,540.42
958,2024-06-09,Invierno,C9179,Estándar,Norte,Chile,Hogar,5,75,375,244.06
959,2024-09-26,Primavera,C8165,Premium,Centro,Chile,Deportes,12,103,1236,909.66
960,2024-11-30,Primavera,C3791,Premium,Sur,Chile,Electrónica,8,130,1040,764.31
961,2025-06-19,Invierno,C8243,Premium,Sur,Chile,Deportes,7,198,1386,780.38
962,2024-06-06,Invierno,C4353,Económico,Norte,Chile,Electrónica,7,55,385,233.52
963,2024-04-13,Otoño,C7747,Premium,Norte,Colombia,Electrónica,6,144,864,571.89
964,2025-10-29,Primavera,C3005,Premium,Centro,Perú,Electrónica,13,173,2249,1405.26
965,2025-01-23,Verano,C6082,Premium,Centro,Chile,Deportes,34,117,3978,2772.25
966,2024-05-13,Otoño,C7436,Estándar,Norte,Chile,Deportes,15,110,1650,1058.54
967,2024-10-03,Primavera,C8796,Estándar,Sur,Chile,Deportes,16,52,832,466.56
968,2025-10-07,Primavera,C9504,Económico,Norte,Colombia,Deportes,6,62,372,210.8
969,2025-07-27,Invierno,C2970,Premium,Sur,Chile,Deportes,6,176,1056,721.75
970,2024-12-30,Verano,C6984,Estándar,Centro,Chile,Hogar,19,85,1615,932.55
971,2025-11-24,Primavera,C3978,Estándar,Sur,Chile,Hogar,14,108,1512,1073.2
972,2025-01-17,Verano,C5362,Estándar,Norte,Colombia,Deportes,9,98,882,641.71
973,2025-03-06,Otoño,C2358,Económico,Sur,Perú,Electrónica,13,21,273,172.06
974,2025-12-08,Verano,C7994,Premium,Centro,Colombia,Deportes,10,190,1900,1061.28
975,2024-05-02,Otoño,C4804,Estándar,Norte,Perú,Electrónica,8,99,792,485.65
976,2024-07-15,Invierno,C3697,Económico,Centro,Chile,Hogar,2,61,122,88.93
977,2025-09-12,Primavera,C4893,Económico,Norte,Colombia,Ropa,17,33,561,329.34
978,2024-04-28,Otoño,C6793,Estándar,Norte,Perú,Deportes,17,82,1394,878.09
979,2025-08-23,Invierno,C1125,Estándar,Sur,Colombia,Deportes,4,107,428,281.73
980,2025-08-23,Invierno,C2715,Económico,Centro,Colombia,Ropa,11,21,231,157.89
981,2024-04-26,Otoño,C9230,Premium,Norte,Colombia,Electrónica,15,101,1515,1013.15
982,2025-06-02,Invierno,C7105,Premium,Centro,Perú,Hogar,7,145,1015,610.95
983,2025-06-05,Invierno,C2919,Premium,Norte,Perú,Deportes,5,180,900,572.11
984,2025-01-04,Verano,C4090,Económico,Centro,Chile,Electrónica,22,52,1144,735.66
985,2024-03-21,Otoño,C4151,Estándar,Norte,Colombia,Electrónica,6,97,582,407.43
986,2024-04-03,Otoño,C2856,Estándar,Centro,Chile,Electrónica,16,79,1264,776.53
987,2024-09-06,Primavera,C6226,Económico,Centro,Chile,Hogar,9,21,189,110.03
988,2025-02-23,Verano,C5837,Estándar,Sur,Chile,Electrónica,21,90,1890,1337.82
989,2025-04-23,Otoño,C6342,Estándar,Norte,Perú,Ropa,13,63,819,523.25
990,2025-08-06,Invierno,C3546,Estándar,Norte,Colombia,Hogar,9,51,459,319.17
991,2024-10-02,Primavera,C4959,Estándar,Norte,Chile,Hogar,9,86,774,504.63
992,2025-08-08,Invierno,C1480,Estándar,Centro,Colombia,Deportes,7,55,385,246.86
993,2025-09-19,Primavera,C6041,Premium,Centro,Perú,Ropa,6,135,810,600.06
994,2025-07-25,Invierno,C7603,Estándar,Sur,Perú,Electrónica,5,67,335,245.8
995,2024-06-23,Invierno,C1029,Estándar,Norte,Perú,Electrónica,5,110,550,402.51
996,2024-05-07,Otoño,C8371,Premium,Norte,Perú,Deportes,16,180,2880,1945.73
997,2024-05-29,Otoño,C2049,Estándar,Centro,Colombia,Hogar,5,81,405,256.08
998,2025-03-09,Otoño,C1931,Estándar,Norte,Perú,Electrónica,9,88,792,518.7
999,2024-01-14,Verano,C7020,Premium,Norte,Colombia,Hogar,15,170,2550,1586.71
1000,2024-09-23,Primavera,C6399,Premium,Centro,Perú,Deportes,9,179,1611,1132.62
1001,2024-10-04,Primavera,C3992,Estándar,Norte,Colombia,Ropa,16,53,848,565.11
1002,2024-07-25,Invierno,C1747,Económico,Norte,Chile,Deportes,7,38,266,160.37
1003,2024-04-06,Otoño,C1856,Estándar,Sur,Perú,Deportes,12,73,876,562.73
1004,2024-05-15,Otoño,C1700,Estándar,Norte,Chile,Deportes,11,90,990,704.78
1005,2024-01-29,Verano,C4331,Económico,Norte,Colombia,Electrónica,8,66,528,386.14
1006,2025-10-14,Primavera,C4433,Estándar,Centro,Colombia,Electrónica,8,68,544,391.3
1007,2025-07-15,Invierno,C5286,Económico,Sur,Colombia,Electrónica,9,23,207,145.37
1008,2024-12-04,Verano,C3191,Estándar,Centro,Perú,Electrónica,22,53,1166,720.76
1009,2024-11-17,Primavera,C8649,Económico,Sur,Colombia,Electrónica,5,66,330,210.3
1010,2025-09-08,Primavera,C3239,Estándar,Sur,Colombia,Hogar,10,111,1110,638.99
1011,2024-08-11,Invierno,C9245,Premium,Sur,Perú,Deportes,8,175,1400,1017.32
1012,2024-08-04,Invierno,C5893,Económico,Centro,Chile,Ropa,6,41,246,164.18
1013,2024-12-10,Verano,C9249,Premium,Sur,Chile,Ropa,22,122,2684,1973.58
1014,2025-12-31,Verano,C7616,Premium,Centro,Perú,Hogar,14,160,2240,1348.69
1015,2024-01-24,Verano,C8916,Premium,Sur,Colombia,Hogar,9,158,1422,838.89
1016,2024-03-29,Otoño,C4870,Premium,Centro,Chile,Hogar,13,186,2418,1399.21
1017,2024-04-28,Otoño,C4519,Estándar,Norte,Chile,Electrónica,5,86,430,306.15
1018,2024-08-15,Invierno,C2713,Estándar,Norte,Perú,Electrónica,7,117,819,516.15
1019,2025-11-18,Primavera,C8142,Económico,Sur,Perú,Electrónica,12,20,240,170.4
1020,2025-10-29,Primavera,C9569,Estándar,Centro,Chile,Deportes,12,52,624,383.37
1021,2024-04-26,Otoño,C8596,Estándar,Norte,Perú,Electrónica,14,82,1148,853.88
1022,2024-11-13,Primavera,C7928,Premium,Centro,Chile,Electrónica,8,191,1528,1072.41
1023,2024-12-10,Verano,C9442,Económico,Norte,Colombia,Hogar,15,58,870,549.76
1024,2024-11-21,Primavera,C2492,Económico,Norte,Chile,Electrónica,6,43,258,160.54
1025,2025-07-21,Invierno,C1992,Económico,Norte,Perú,Deportes,8,36,288,206.36
1026,2024-06-22,Invierno,C5845,Premium,Sur,Perú,Deportes,8,182,1456,1026.1
1027,2025-12-04,Verano,C6655,Estándar,Sur,Perú,Deportes,14,109,1526,1051.41
1028,2025-10-15,Primavera,C4926,Estándar,Norte,Chile,Electrónica,9,106,954,623.58
1029,2024-06-25,Invierno,C6158,Económico,Sur,Chile,Deportes,2,39,78,50.62
1030,2025-12-10,Verano,C8562,Estándar,Norte,Perú,Electrónica,21,64,1344,859.5
1031,2025-01-19,Verano,C5981,Económico,Norte,Colombia,Hogar,17,34,578,390.08
1032,2024-05-07,Otoño,C5901,Estándar,Norte,Perú,Ropa,13,99,1287,809.6
1033,2024-09-28,Primavera,C7102,Premium,Centro,Perú,Electrónica,16,186,2976,1706.95
1034,2024-03-23,Otoño,C8035,Premium,Sur,Perú,Electrónica,16,105,1680,1017.93
1035,2024-10-09,Primavera,C7472,Premium,Centro,Chile,Ropa,12,134,1608,1096.53
1036,2024-10-20,Primavera,C9919,Estándar,Sur,Perú,Electrónica,14,61,854,518.01
1037,2024-07-16,Invierno,C2564,Estándar,Sur,Chile,Deportes,1,119,119,78.08
1038,2025-03-06,Otoño,C9402,Estándar,Sur,Perú,Hogar,12,61,732,469.61
1039,2025-10-18,Primavera,C6474,Estándar,Sur,Perú,Ropa,14,107,1498,832.13
1040,2024-04-12,Otoño,C3712,Premium,Norte,Colombia,Deportes,6,138,828,569.1
1041,2025-09-11,Primavera,C3603,Estándar,Sur,Colombia,Hogar,8,112,896,664.97
1042,2024-09-30,Primavera,C2573,Premium,Norte,Chile,Electrónica,11,124,1364,990.87
1043,2025-11-16,Primavera,C7493,Económico,Norte,Perú,Electrónica,13,39,507,303.8
1044,2025-07-08,Invierno,C2122,Estándar,Centro,Perú,Electrónica,4,64,256,176.66
1045,2024-06-20,Invierno,C7973,Económico,Sur,Chile,Deportes,6,37,222,161.46
1046,2025-05-10,Otoño,C7190,Estándar,Norte,Perú,Hogar,17,101,1717,1212.54
1047,2025-02-28,Verano,C2549,Premium,Norte,Colombia,Deportes,9,134,1206,903.79
1048,2025-09-19,Primavera,C4671,Económico,Centro,Perú,Deportes,14,34,476,292.92
1049,2025-07-22,Invierno,C8478,Estándar,Centro,Colombia,Electrónica,6,99,594,419.56
1050,2025-09-20,Primavera,C3855,Económico,Norte,Perú,Ropa,15,30,450,314.13
1051,2025-11-28,Primavera,C7311,Estándar,Centro,Perú,Electrónica,15,116,1740,966.7
1052,2024-01-29,Verano,C5515,Premium,Norte,Colombia,Ropa,15,183,2745,1557.8
1053,2025-02-06,Verano,C6704,Premium,Centro,Chile,Ropa,23,108,2484,1648.71
1054,2025-10-06,Primavera,C2810,Económico,Norte,Perú,Deportes,7,36,252,167.99
1055,2025-12-25,Verano,C4218,Estándar,Norte,Colombia,Ropa,12,104,1248,855.35
1056,2025-12-12,Verano,C3035,Premium,Norte,Perú,Deportes,20,173,3460,2095.65
1057,2025-11-24,Primavera,C9829,Premium,Centro,Chile,Ropa,14,141,1974,1377.67
1058,2025-10-12,Primavera,C8472,Estándar,Centro,Perú,Ropa,9,96,864,569.68
1059,2025-03-25,Otoño,C1499,Estándar,Sur,Perú,Electrónica,10,77,770,490.41
1060,2024-10-14,Primavera,C3804,Estándar,Norte,Perú,Ropa,14,63,882,542.67
1061,2025-06-17,Invierno,C7981,Económico,Centro,Perú,Deportes,3,30,90,52.02
1062,2024-06-26,Invierno,C4582,Premium,Sur,Colombia,Ropa,7,180,1260,892.05
1063,2025-05-03,Otoño,C2353,Estándar,Norte,Chile,Electrónica,14,119,1666,966.8
1064,2024-12-26,Verano,C9398,Estándar,Centro,Perú,Hogar,18,117,2106,1476.05
1065,2024-08-17,Invierno,C2832,Estándar,Norte,Chile,Deportes,2,88,176,110.61
1066,2025-07-16,Invierno,C7390,Económico,Norte,Colombia,Hogar,11,61,671,409.3
1067,2024-09-30,Primavera,C6536,Estándar,Norte,Perú,Ropa,9,64,576,418.75
1068,2024-03-20,Otoño,C3864,Estándar,Norte,Colombia,Electrónica,14,116,1624,933.06
1069,2025-11-27,Primavera,C6732,Estándar,Centro,Colombia,Hogar,14,118,1652,1016
1070,2024-08-15,Invierno,C3824,Premium,Sur,Colombia,Electrónica,7,120,840,567.37
1071,2025-04-29,Otoño,C9188,Estándar,Sur,Colombia,Hogar,7,113,791,497.87
1072,2025-02-12,Verano,C7351,Premium,Centro,Chile,Hogar,24,144,3456,2430.56
1073,2024-12-09,Verano,C1463,Estándar,Sur,Chile,Deportes,33,74,2442,1529.35
1074,2025-06-22,Invierno,C8988,Estándar,Sur,Chile,Electrónica,2,75,150,89.56
1075,2025-08-25,Invierno,C6575,Económico,Centro,Colombia,Hogar,11,22,242,162.03
1076,2025-07-14,Invierno,C6294,Premium,Centro,Chile,Hogar,2,104,208,134.18
1077,2024-03-27,Otoño,C5485,Estándar,Norte,Perú,Electrónica,14,119,1666,1086.71
1078,2025-09-24,Primavera,C7736,Premium,Norte,Chile,Ropa,17,135,2295,1351.79
1079,2024-01-12,Verano,C3587,Premium,Centro,Colombia,Hogar,14,119,1666,1066.21
1080,2024-05-05,Otoño,C6147,Premium,Centro,Colombia,Deportes,17,173,2941,2040.84
1081,2024-08-12,Invierno,C4694,Estándar,Sur,Perú,Hogar,7,54,378,234.83
1082,2024-02-22,Verano,C9274,Premium,Norte,Perú,Electrónica,14,152,2128,1589.39
1083,2025-06-17,Invierno,C4000,Económico,Norte,Perú,Deportes,5,63,315,194.48
1084,2025-02-13,Verano,C6339,Estándar,Sur,Chile,Ropa,13,75,975,715.51
1085,2025-01-08,Verano,C4017,Económico,Centro,Perú,Hogar,17,25,425,314.14
1086,2024-04-21,Otoño,C3577,Estándar,Sur,Colombia,Deportes,15,79,1185,710.77
1087,2024-09-17,Primavera,C2428,Estándar,Sur,Chile,Hogar,7,71,497,299.62
1088,2024-08-07,Invierno,C3410,Premium,Centro,Perú,Electrónica,8,146,1168,664.64
1089,2025-01-29,Verano,C8791,Estándar,Centro,Chile,Electrónica,17,106,1802,1319.83
1090,2024-05-24,Otoño,C8637,Económico,Norte,Colombia,Hogar,16,64,1024,694.84
1091,2024-09-18,Primavera,C3343,Estándar,Norte,Perú,Electrónica,14,75,1050,743.01
1092,2025-11-07,Primavera,C2943,Estándar,Sur,Perú,Ropa,7,113,791,485.02
1093,2024-05-25,Otoño,C7946,Estándar,Norte,Colombia,Ropa,9,119,1071,653.77
1094,2024-11-07,Primavera,C6569,Premium,Norte,Perú,Hogar,12,138,1656,1035.49
1095,2024-01-06,Verano,C8262,Económico,Sur,Chile,Deportes,15,48,720,462.68
1096,2024-12-31,Verano,C2128,Premium,Centro,Chile,Hogar,20,141,2820,1594.95
1097,2024-11-28,Primavera,C3689,Estándar,Centro,Perú,Electrónica,17,100,1700,1258.71
1098,2025-12-25,Verano,C6606,Económico,Norte,Perú,Ropa,11,33,363,237.05
1099,2024-04-14,Otoño,C3591,Estándar,Centro,Colombia,Hogar,16,81,1296,718.57
1100,2025-02-28,Verano,C2634,Estándar,Centro,Colombia,Hogar,14,114,1596,1166.44
1101,2024-10-15,Primavera,C3782,Económico,Norte,Chile,Deportes,12,52,624,462.08
1102,2025-11-17,Primavera,C2428,Económico,Norte,Colombia,Electrónica,7,41,287,193.46
1103,2025-02-07,Verano,C4583,Premium,Centro,Colombia,Ropa,17,172,2924,1809.14
1104,2024-06-28,Invierno,C9711,Económico,Norte,Perú,Electrónica,9,64,576,379.92
1105,2025-10-18,Primavera,C9783,Estándar,Centro,Perú,Electrónica,12,94,1128,691.98
1106,2025-09-24,Primavera,C9861,Estándar,Centro,Chile,Hogar,6,60,360,268.98
1107,2025-05-21,Otoño,C2238,Estándar,Sur,Colombia,Electrónica,9,118,1062,703.61
1108,2025-02-11,Verano,C9969,Económico,Norte,Colombia,Hogar,8,26,208,153.45
1109,2025-10-29,Primavera,C2219,Económico,Centro,Perú,Hogar,11,43,473,291.2
1110,2025-07-05,Invierno,C8751,Premium,Norte,Chile,Electrónica,6,106,636,431.13
1111,2024-12-02,Verano,C2886,Estándar,Norte,Chile,Ropa,26,88,2288,1326.95
1112,2025-10-11,Primavera,C9071,Económico,Sur,Perú,Hogar,5,38,190,123.64
1113,2025-08-13,Invierno,C8684,Estándar,Centro,Perú,Ropa,5,76,380,232.57
1114,2025-11-24,Primavera,C4224,Premium,Sur,Perú,Deportes,12,191,2292,1479.66
1115,2025-12-23,Verano,C3214,Estándar,Sur,Perú,Ropa,24,102,2448,1370.63
1116,2024-02-19,Verano,C7726,Estándar,Sur,Colombia,Hogar,12,95,1140,760.48
1117,2024-03-10,Otoño,C7674,Premium,Norte,Chile,Electrónica,12,143,1716,1168.3
1118,2024-10-07,Primavera,C8187,Estándar,Norte,Chile,Ropa,10,66,660,467.71
1119,2024-08-17,Invierno,C8121,Estándar,Sur,Colombia,Ropa,4,84,336,241.65
1120,2025-01-26,Verano,C7780,Premium,Centro,Perú,Ropa,11,191,2101,1496.12
1121,2025-07-28,Invierno,C1702,Económico,Centro,Chile,Deportes,6,24,144,95.83
1122,2025-08-19,Invierno,C2549,Estándar,Norte,Perú,Deportes,6,101,606,414.64
1123,2025-05-04,Otoño,C9365,Estándar,Norte,Colombia,Hogar,14,104,1456,836.71
1124,2024-05-08,Otoño,C8044,Estándar,Norte,Colombia,Hogar,16,62,992,687.19
1125,2025-03-31,Otoño,C3036,Premium,Norte,Chile,Ropa,12,162,1944,1425.59
1126,2025-09-02,Primavera,C6288,Estándar,Sur,Colombia,Deportes,9,55,495,273.34
1127,2024-12-25,Verano,C7450,Estándar,Sur,Colombia,Deportes,18,53,954,594.97
1128,2024-12-18,Verano,C3579,Estándar,Centro,Perú,Electrónica,18,57,1026,568.13
1129,2024-03-08,Otoño,C5772,Premium,Norte,Colombia,Electrónica,16,135,2160,1464.04
1130,2025-10-23,Primavera,C4346,Estándar,Centro,Colombia,Deportes,16,106,1696,1166.56
1131,2024-01-06,Verano,C7688,Estándar,Centro,Perú,Hogar,14,75,1050,659.15
1132,2024-10-17,Primavera,C1654,Estándar,Sur,Perú,Deportes,6,111,666,393.58
1133,2024-04-05,Otoño,C9439,Económico,Sur,Perú,Hogar,14,50,700,457.96
1134,2025-05-08,Otoño,C7264,Premium,Centro,Colombia,Deportes,8,126,1008,571.14
1135,2025-05-29,Otoño,C4696,Estándar,Sur,Colombia,Deportes,6,67,402,247.2
1136,2025-02-11,Verano,C6396,Económico,Centro,Colombia,Electrónica,10,21,210,149.76
1137,2024-12-09,Verano,C2259,Estándar,Sur,Chile,Deportes,19,53,1007,681.99
1138,2025-01-27,Verano,C9781,Estándar,Norte,Chile,Hogar,12,96,1152,643.68
1139,2025-12-07,Verano,C1595,Estándar,Centro,Colombia,Electrónica,13,91,1183,858.52
1140,2025-06-04,Invierno,C5064,Estándar,Norte,Chile,Electrónica,6,50,300,175.38
1141,2024-06-20,Invierno,C7820,Económico,Centro,Perú,Deportes,7,45,315,215.06
1142,2024-03-28,Otoño,C8156,Premium,Centro,Chile,Ropa,16,102,1632,901.62
1143,2024-07-10,Invierno,C4230,Estándar,Norte,Chile,Deportes,1,83,83,49.93
1144,2024-09-07,Primavera,C2945,Estándar,Norte,Chile,Deportes,7,58,406,275.92
1145,2025-11-03,Primavera,C9808,Estándar,Centro,Chile,Electrónica,6,65,390,273.73
1146,2025-10-23,Primavera,C1762,Premium,Norte,Chile,Deportes,13,154,2002,1356.55
1147,2025-06-03,Invierno,C6930,Económico,Centro,Perú,Deportes,8,69,552,377.96
1148,2025-06-16,Invierno,C3031,Estándar,Norte,Perú,Hogar,2,60,120,89.76
1149,2025-06-13,Invierno,C8033,Estándar,Centro,Colombia,Electrónica,6,98,588,429.5
1150,2024-07-10,Invierno,C3170,Estándar,Sur,Chile,Hogar,1,91,91,67.94
1151,2025-03-19,Otoño,C1747,Premium,Centro,Perú,Deportes,11,157,1727,1289.07
1152,2024-11-12,Primavera,C4401,Estándar,Norte,Colombia,Hogar,6,89,534,340.76
1153,2024-11-25,Primavera,C3402,Premium,Norte,Colombia,Deportes,7,157,1099,657.77
1154,2025-07-07,Invierno,C4962,Estándar,Norte,Perú,Deportes,3,66,198,122.73
1155,2024-11-02,Primavera,C6282,Estándar,Centro,Chile,Hogar,15,60,900,588.18
1156,2025-01-15,Verano,C2619,Estándar,Centro,Chile,Deportes,20,52,1040,712.56
1157,2025-11-24,Primavera,C4736,Económico,Sur,Chile,Deportes,5,25,125,88.93
1158,2024-08-16,Invierno,C4422,Estándar,Centro,Chile,Electrónica,2,97,194,136.54
1159,2025-11-23,Primavera,C2240,Premium,Norte,Chile,Hogar,17,159,2703,1702.05
1160,2025-06-30,Invierno,C7175,Estándar,Centro,Chile,Ropa,1,75,75,53.36
1161,2025-08-30,Invierno,C4963,Estándar,Sur,Colombia,Ropa,10,101,1010,699.2
1162,2025-09-23,Primavera,C1138,Estándar,Centro,Perú,Deportes,6,59,354,256.52
1163,2025-05-30,Otoño,C3877,Estándar,Sur,Colombia,Ropa,9,57,513,300.49
1164,2025-06-20,Invierno,C6999,Premium,Sur,Perú,Electrónica,6,118,708,456.22
1165,2024-05-04,Otoño,C4541,Estándar,Sur,Perú,Deportes,11,64,704,443.61
1166,2025-03-20,Otoño,C7328,Estándar,Sur,Colombia,Ropa,15,87,1305,857.4
1167,2025-06-24,Invierno,C6303,Premium,Norte,Chile,Ropa,5,158,790,570.37
1168,2024-11-19,Primavera,C8769,Premium,Norte,Chile,Deportes,10,102,1020,751.96
1169,2024-10-11,Primavera,C6574,Estándar,Sur,Perú,Hogar,6,81,486,300.21
1170,2025-03-09,Otoño,C7349,Económico,Sur,Chile,Ropa,14,32,448,250.95
1171,2025-03-13,Otoño,C5953,Estándar,Norte,Chile,Deportes,12,111,1332,981.34
1172,2024-10-31,Primavera,C2052,Premium,Sur,Perú,Electrónica,5,123,615,353.88
1173,2024-08-05,Invierno,C2991,Económico,Centro,Perú,Deportes,3,44,132,82.76
1174,2024-03-30,Otoño,C5587,Premium,Norte,Chile,Hogar,17,143,2431,1536.9
1175,2025-02-23,Verano,C1355,Estándar,Norte,Chile,Electrónica,20,117,2340,1495.74
1176,2025-09-23,Primavera,C1184,Estándar,Sur,Perú,Deportes,16,75,1200,822.54
1177,2025-12-12,Verano,C8543,Premium,Norte,Chile,Ropa,23,105,2415,1417.48
1178,2025-04-04,Otoño,C9054,Estándar,Sur,Chile,Electrónica,16,98,1568,1059.55
1179,2025-04-24,Otoño,C8986,Estándar,Centro,Perú,Hogar,7,96,672,443.15
1180,2025-04-02,Otoño,C5394,Económico,Centro,Perú,Electrónica,12,35,420,299.21
1181,2024-10-12,Primavera,C8745,Económico,Centro,Colombia,Electrónica,16,21,336,249.01
1182,2024-12-01,Verano,C4617,Premium,Centro,Perú,Ropa,18,173,3114,1947.57
1183,2025-12-25,Verano,C7605,Económico,Norte,Chile,Hogar,27,41,1107,670.66
1184,2025-11-25,Primavera,C5458,Estándar,Norte,Colombia,Deportes,16,106,1696,1047.09
1185,2024-09-06,Primavera,C9114,Estándar,Sur,Chile,Ropa,8,103,824,581.33
1186,2025-06-14,Invierno,C9779,Premium,Norte,Chile,Deportes,3,129,387,229.36
1187,2024-02-14,Verano,C4477,Estándar,Centro,Perú,Electrónica,16,97,1552,1092.7
1188,2025-02-10,Verano,C5069,Económico,Norte,Colombia,Hogar,16,38,608,367.91
1189,2025-12-30,Verano,C7129,Económico,Sur,Perú,Deportes,25,34,850,519.42
1190,2025-10-15,Primavera,C5528,Estándar,Sur,Colombia,Ropa,16,76,1216,708.64
1191,2024-11-05,Primavera,C3575,Premium,Norte,Perú,Ropa,6,167,1002,578.24
1192,2025-12-20,Verano,C8278,Premium,Sur,Colombia,Hogar,10,190,1900,1130.49
1193,2025-04-27,Otoño,C1689,Económico,Norte,Perú,Ropa,7,30,210,127.29
1194,2024-01-03,Verano,C1144,Económico,Centro,Colombia,Deportes,22,52,1144,740.26
1195,2025-01-25,Verano,C5356,Estándar,Sur,Perú,Deportes,18,97,1746,1083.77
1196,2025-07-07,Invierno,C8038,Estándar,Norte,Perú,Deportes,8,97,776,509.17
1197,2025-10-16,Primavera,C2258,Económico,Sur,Perú,Ropa,15,63,945,598.25
1198,2024-09-07,Primavera,C9704,Premium,Norte,Colombia,Ropa,16,116,1856,1139.33
1199,2025-05-13,Otoño,C1615,Estándar,Norte,Chile,Deportes,6,71,426,264.38
1200,2024-07-25,Invierno,C1895,Económico,Centro,Chile,Deportes,3,38,114,82.83
1201,2024-10-04,Primavera,C6046,Premium,Sur,Colombia,Hogar,9,146,1314,736.78
1202,2025-07-04,Invierno,C6786,Estándar,Sur,Perú,Electrónica,4,95,380,216.06
1203,2024-03-12,Otoño,C3318,Premium,Norte,Colombia,Ropa,5,174,870,576.06
1204,2024-02-23,Verano,C5287,Económico,Sur,Colombia,Ropa,18,39,702,472.85
1205,2024-05-29,Otoño,C7718,Estándar,Norte,Chile,Hogar,16,54,864,606.65
1206,2024-03-25,Otoño,C5169,Estándar,Centro,Colombia,Hogar,5,107,535,397.91
1207,2025-08-17,Invierno,C5249,Premium,Centro,Colombia,Electrónica,5,104,520,297.26
1208,2024-05-23,Otoño,C4783,Económico,Sur,Perú,Deportes,8,42,336,222.63
1209,2025-06-22,Invierno,C1475,Premium,Centro,Chile,Ropa,1,178,178,124.48
1210,2024-12-30,Verano,C5900,Estándar,Norte,Perú,Deportes,19,51,969,600.89
1211,2024-04-26,Otoño,C6714,Premium,Norte,Perú,Deportes,13,170,2210,1471.47
1212,2025-07-29,Invierno,C4869,Estándar,Sur,Colombia,Electrónica,4,58,232,140.45
1213,2025-09-05,Primavera,C3810,Estándar,Centro,Perú,Electrónica,8,68,544,324.81
1214,2025-11-18,Primavera,C1461,Premium,Norte,Perú,Ropa,5,115,575,420.27
1215,2025-06-04,Invierno,C2055,Premium,Sur,Chile,Ropa,4,117,468,297.44
1216,2024-08-25,Invierno,C7868,Económico,Sur,Chile,Ropa,6,24,144,85.45
1217,2024-03-11,Otoño,C6146,Estándar,Centro,Colombia,Ropa,16,105,1680,1168.09
1218,2025-05-31,Otoño,C5561,Estándar,Centro,Colombia,Hogar,11,70,770,459.55
1219,2025-08-04,Invierno,C6418,Estándar,Sur,Colombia,Hogar,4,112,448,318.69
1220,2024-09-29,Primavera,C8622,Económico,Norte,Chile,Hogar,11,27,297,179.07
1221,2024-08-13,Invierno,C6075,Económico,Centro,Perú,Electrónica,4,67,268,156.34
1222,2024-05-14,Otoño,C6051,Estándar,Norte,Chile,Electrónica,12,110,1320,932.67
1223,2024-06-26,Invierno,C1500,Económico,Sur,Perú,Ropa,8,32,256,152.8
1224,2024-02-19,Verano,C4772,Estándar,Sur,Colombia,Electrónica,9,73,657,435.33
1225,2024-10-23,Primavera,C8860,Premium,Sur,Perú,Hogar,14,112,1568,1142.83
1226,2024-10-22,Primavera,C2802,Estándar,Norte,Chile,Electrónica,5,92,460,297.39
1227,2025-12-24,Verano,C5569,Estándar,Centro,Perú,Hogar,24,116,2784,1642.89
1228,2025-09-12,Primavera,C9458,Estándar,Centro,Perú,Electrónica,7,79,553,307.56
1229,2025-07-22,Invierno,C5656,Estándar,Centro,Chile,Hogar,1,58,58,42.51
1230,2025-06-29,Invierno,C8563,Estándar,Centro,Perú,Electrónica,6,110,660,479.67
1231,2024-07-06,Invierno,C5964,Premium,Sur,Perú,Deportes,9,103,927,666.03
1232,2025-11-30,Primavera,C3770,Estándar,Norte,Colombia,Deportes,15,56,840,480.17
1233,2025-11-19,Primavera,C9287,Económico,Centro,Chile,Electrónica,17,25,425,301.52
1234,2024-08-04,Invierno,C3553,Estándar,Centro,Perú,Hogar,4,83,332,246.54
1235,2025-09-17,Primavera,C9332,Estándar,Sur,Perú,Ropa,6,92,552,316.7
1236,2024-06-05,Invierno,C7417,Estándar,Sur,Chile,Ropa,6,63,378,243.56
1237,2025-07-04,Invierno,C1065,Económico,Norte,Perú,Electrónica,7,42,294,190.07
1238,2025-02-25,Verano,C8090,Premium,Sur,Perú,Deportes,21,187,3927,2526.98
1239,2024-12-19,Verano,C1098,Estándar,Centro,Chile,Deportes,33,100,3300,2261.34
1240,2025-03-08,Otoño,C9167,Económico,Centro,Perú,Ropa,10,28,280,191.16
1241,2024-01-25,Verano,C6026,Premium,Centro,Chile,Deportes,25,147,3675,2585.8
1242,2024-01-18,Verano,C4187,Estándar,Sur,Colombia,Electrónica,12,60,720,425.52
1243,2024-03-31,Otoño,C4121,Premium,Sur,Colombia,Electrónica,7,186,1302,718.16
1244,2024-11-18,Primavera,C4370,Premium,Norte,Chile,Deportes,11,190,2090,1162.46
1245,2025-11-12,Primavera,C1712,Estándar,Centro,Colombia,Deportes,13,53,689,474.29
1246,2025-10-23,Primavera,C7866,Económico,Sur,Chile,Deportes,15,58,870,503.67
1247,2024-04-21,Otoño,C1647,Económico,Centro,Colombia,Ropa,15,50,750,557.35
1248,2025-04-05,Otoño,C5506,Estándar,Sur,Colombia,Deportes,10,99,990,740.88
1249,2024-11-10,Primavera,C2089,Estándar,Centro,Chile,Ropa,9,93,837,598.3
1250,2024-05-02,Otoño,C5981,Estándar,Sur,Perú,Hogar,5,94,470,310.91
1251,2025-04-29,Otoño,C5465,Económico,Norte,Colombia,Deportes,13,50,650,480.17
1252,2025-05-28,Otoño,C3446,Económico,Norte,Perú,Ropa,12,39,468,345.79
1253,2025-05-13,Otoño,C2965,Premium,Centro,Perú,Ropa,17,141,2397,1757.43
1254,2024-06-12,Invierno,C6968,Estándar,Norte,Perú,Deportes,9,56,504,374.16
1255,2024-11-05,Primavera,C2513,Estándar,Norte,Chile,Electrónica,12,50,600,368.52
1256,2025-12-28,Verano,C3026,Estándar,Norte,Perú,Hogar,13,67,871,506.51
1257,2024-06-19,Invierno,C9446,Premium,Norte,Chile,Ropa,7,181,1267,713.6
1258,2024-02-17,Verano,C3769,Premium,Centro,Chile,Ropa,24,165,3960,2878.64
1259,2024-11-19,Primavera,C5619,Estándar,Norte,Colombia,Ropa,5,99,495,368.03
1260,2025-06-20,Invierno,C2643,Premium,Sur,Perú,Ropa,6,172,1032,707.4
1261,2024-02-19,Verano,C9816,Económico,Norte,Chile,Ropa,17,41,697,409.45
1262,2025-12-12,Verano,C2576,Premium,Norte,Perú,Deportes,25,174,4350,2947.91
1263,2024-09-28,Primavera,C4179,Estándar,Sur,Colombia,Ropa,8,99,792,593.65
1264,2025-07-17,Invierno,C9023,Premium,Centro,Chile,Deportes,1,107,107,74.32
1265,2024-02-20,Verano,C9935,Premium,Centro,Perú,Deportes,25,132,3300,2426.58
1266,2024-07-04,Invierno,C2758,Estándar,Norte,Colombia,Electrónica,7,57,399,253.17
1267,2025-03-02,Otoño,C2767,Estándar,Centro,Perú,Electrónica,11,108,1188,764.49
1268,2024-06-22,Invierno,C9140,Premium,Sur,Perú,Ropa,3,121,363,207.84
1269,2025-12-12,Verano,C1837,Estándar,Norte,Colombia,Electrónica,15,56,840,612.99
1270,2024-10-27,Primavera,C5781,Premium,Norte,Chile,Hogar,9,172,1548,922.36
1271,2024-10-06,Primavera,C3988,Premium,Centro,Chile,Deportes,15,105,1575,1130.7
1272,2024-10-31,Primavera,C8109,Económico,Norte,Perú,Ropa,12,48,576,342.29
1273,2025-03-08,Otoño,C2547,Económico,Centro,Chile,Deportes,15,36,540,372.8
1274,2024-12-31,Verano,C7415,Estándar,Sur,Chile,Ropa,25,74,1850,1048.6
1275,2025-04-03,Otoño,C4106,Estándar,Norte,Colombia,Deportes,15,65,975,632.46
1276,2024-07-24,Invierno,C1928,Premium,Sur,Chile,Ropa,5,160,800,567.53
1277,2024-01-05,Verano,C6654,Estándar,Norte,Chile,Hogar,28,84,2352,1543.28
1278,2025-03-13,Otoño,C4457,Premium,Sur,Colombia,Electrónica,14,151,2114,1224.96
1279,2025-01-13,Verano,C2916,Estándar,Norte,Chile,Ropa,21,78,1638,1213.89
1280,2024-12-20,Verano,C8866,Premium,Sur,Perú,Electrónica,10,139,1390,933.25
1281,2024-09-27,Primavera,C2643,Estándar,Norte,Chile,Ropa,17,86,1462,844.41
1282,2025-12-31,Verano,C6640,Premium,Sur,Perú,Electrónica,10,101,1010,725.49
1283,2024-09-10,Primavera,C8330,Premium,Sur,Chile,Deportes,5,122,610,437.68
1284,2025-08-30,Invierno,C3149,Premium,Norte,Perú,Hogar,4,146,584,359.07
1285,2025-06-11,Invierno,C1818,Estándar,Centro,Chile,Deportes,6,74,444,311.68
1286,2024-12-08,Verano,C8003,Estándar,Centro,Chile,Ropa,18,102,1836,1065.5
1287,2024-02-26,Verano,C9535,Premium,Centro,Perú,Ropa,13,136,1768,1084.25
1288,2025-11-02,Primavera,C7288,Estándar,Centro,Chile,Deportes,10,98,980,580.98
1289,2024-12-30,Verano,C6208,Premium,Norte,Chile,Electrónica,21,150,3150,1754.64
1290,2025-03-10,Otoño,C6252,Premium,Norte,Chile,Hogar,15,162,2430,1409.94
1291,2024-11-22,Primavera,C9937,Económico,Centro,Colombia,Electrónica,14,36,504,277.49
1292,2025-06-28,Invierno,C3089,Premium,Centro,Colombia,Electrónica,9,153,1377,948.05
1293,2024-11-04,Primavera,C2728,Premium,Sur,Colombia,Deportes,12,154,1848,1184.02
1294,2025-06-03,Invierno,C3317,Premium,Sur,Chile,Electrónica,4,173,692,465.66
1295,2024-10-28,Primavera,C5751,Premium,Norte,Chile,Hogar,17,133,2261,1633.84
1296,2024-04-22,Otoño,C3951,Premium,Norte,Perú,Ropa,13,174,2262,1465.26
1297,2025-06-26,Invierno,C5710,Estándar,Centro,Chile,Deportes,6,57,342,194.07
1298,2024-04-26,Otoño,C5946,Económico,Norte,Colombia,Hogar,12,21,252,140.13
1299,2025-12-11,Verano,C6248,Estándar,Centro,Colombia,Ropa,12,65,780,494.08
1300,2024-12-10,Verano,C7469,Económico,Sur,Colombia,Deportes,19,47,893,591.85
1301,2024-06-19,Invierno,C8892,Premium,Norte,Chile,Deportes,6,123,738,421.79
1302,2024-09-16,Primavera,C9179,Estándar,Centro,Chile,Deportes,14,102,1428,825.76
1303,2025-01-24,Verano,C5859,Estándar,Norte,Chile,Ropa,28,84,2352,1319.16
1304,2025-08-27,Invierno,C2459,Estándar,Centro,Perú,Electrónica,7,115,805,481.79
1305,2024-12-26,Verano,C8801,Estándar,Sur,Chile,Hogar,14,64,896,646.79
1306,2024-04-24,Otoño,C1757,Premium,Sur,Chile,Hogar,15,175,2625,1480.1
1307,2025-09-24,Primavera,C3511,Estándar,Sur,Chile,Electrónica,16,75,1200,726.01
1308,2025-09-03,Primavera,C3175,Premium,Centro,Perú,Hogar,10,199,1990,1284.85
1309,2024-05-17,Otoño,C7979,Estándar,Centro,Perú,Hogar,7,66,462,287.69
1310,2025-08-25,Invierno,C9533,Premium,Sur,Chile,Deportes,2,117,234,133.18
1311,2024-03-21,Otoño,C7128,Económico,Sur,Chile,Deportes,13,65,845,633.33
1312,2025-10-28,Primavera,C2497,Económico,Sur,Colombia,Ropa,14,53,742,445.51
1313,2024-08-09,Invierno,C7307,Económico,Sur,Chile,Ropa,2,68,136,96.49
1314,2024-09-02,Primavera,C1335,Estándar,Sur,Chile,Electrónica,13,105,1365,883.3
1315,2025-04-28,Otoño,C1722,Estándar,Sur,Chile,Hogar,6,94,564,373.8
1316,2025-11-13,Primavera,C2456,Premium,Sur,Chile,Hogar,10,144,1440,830.63
1317,2024-06-30,Invierno,C4560,Económico,Norte,Colombia,Deportes,10,55,550,350.47
1318,2025-11-17,Primavera,C9338,Estándar,Centro,Colombia,Deportes,11,74,814,526.98
1319,2024-03-29,Otoño,C8368,Estándar,Centro,Chile,Electrónica,7,59,413,264.48
1320,2025-06-06,Invierno,C8806,Económico,Centro,Colombia,Ropa,4,62,248,183.65
1321,2024-01-18,Verano,C2175,Estándar,Sur,Perú,Deportes,14,85,1190,727.46
1322,2025-11-19,Primavera,C7879,Estándar,Centro,Perú,Hogar,15,92,1380,861.09
1323,2024-06-11,Invierno,C2348,Premium,Sur,Perú,Ropa,3,106,318,180.34
1324,2024-05-23,Otoño,C6237,Estándar,Norte,Chile,Ropa,17,67,1139,772.17
1325,2024-04-30,Otoño,C6871,Premium,Centro,Perú,Electrónica,17,140,2380,1417.62
1326,2025-06-23,Invierno,C4787,Estándar,Sur,Colombia,Deportes,11,103,1133,679.2
1327,2025-12-04,Verano,C1241,Premium,Centro,Perú,Hogar,13,184,2392,1646.24
1328,2024-12-04,Verano,C3841,Estándar,Centro,Colombia,Hogar,11,58,638,410.36
1329,2024-04-24,Otoño,C5351,Premium,Centro,Colombia,Deportes,10,144,1440,907.45
1330,2024-04-22,Otoño,C6626,Estándar,Centro,Colombia,Electrónica,11,99,1089,613.01
1331,2024-10-14,Primavera,C3478,Premium,Norte,Chile,Hogar,16,151,2416,1805.16
1332,2025-06-11,Invierno,C2694,Estándar,Sur,Colombia,Hogar,4,98,392,264.99
1333,2024-06-25,Invierno,C9181,Estándar,Sur,Chile,Deportes,6,109,654,447.57
1334,2025-05-08,Otoño,C4687,Premium,Norte,Chile,Electrónica,8,100,800,520.14
1335,2025-06-09,Invierno,C9357,Estándar,Sur,Chile,Deportes,5,101,505,293.02
1336,2025-07-12,Invierno,C8206,Premium,Norte,Perú,Deportes,2,148,296,175.4
1337,2025-09-27,Primavera,C5125,Premium,Norte,Perú,Deportes,7,135,945,580.41
1338,2024-03-26,Otoño,C1680,Estándar,Sur,Perú,Deportes,14,81,1134,712.61
1339,2025-01-19,Verano,C9302,Estándar,Sur,Chile,Electrónica,25,82,2050,1410.78
1340,2024-09-16,Primavera,C7107,Estándar,Norte,Chile,Electrónica,10,82,820,471.82
1341,2024-03-11,Otoño,C5965,Premium,Centro,Perú,Deportes,15,121,1815,1277.08
1342,2024-01-27,Verano,C1061,Premium,Norte,Perú,Hogar,24,121,2904,1607.06
1343,2024-08-25,Invierno,C3578,Estándar,Norte,Colombia,Hogar,5,69,345,235.14
1344,2025-12-09,Verano,C1559,Estándar,Sur,Colombia,Electrónica,13,52,676,475.41
1345,2024-02-04,Verano,C6343,Premium,Sur,Chile,Hogar,29,110,3190,1866.32
1346,2025-09-06,Primavera,C9628,Estándar,Sur,Perú,Deportes,7,113,791,464.87
1347,2025-10-27,Primavera,C8817,Económico,Norte,Colombia,Electrónica,7,62,434,307.69
1348,2024-10-04,Primavera,C7457,Estándar,Norte,Colombia,Electrónica,17,50,850,629.72
1349,2024-12-12,Verano,C1912,Estándar,Centro,Perú,Electrónica,12,109,1308,729.13
1350,2024-04-12,Otoño,C1815,Estándar,Centro,Chile,Deportes,7,67,469,263.75
1351,2025-01-16,Verano,C9811,Estándar,Norte,Colombia,Electrónica,9,106,954,599.92
1352,2024-05-19,Otoño,C8979,Estándar,Centro,Chile,Deportes,14,119,1666,1096.08
1353,2025-10-05,Primavera,C2830,Premium,Centro,Chile,Hogar,15,142,2130,1518.52
1354,2025-05-16,Otoño,C4351,Estándar,Centro,Chile,Hogar,6,107,642,373.35
1355,2025-12-23,Verano,C8797,Premium,Centro,Chile,Electrónica,12,176,2112,1188.85
1356,2025-01-01,Verano,C5308,Estándar,Sur,Perú,Deportes,28,113,3164,1742.25
1357,2025-06-17,Invierno,C1163,Premium,Sur,Chile,Hogar,6,144,864,493.06
1358,2025-03-06,Otoño,C3645,Premium,Centro,Perú,Hogar,16,108,1728,954.79
1359,2024-08-12,Invierno,C4748,Premium,Sur,Chile,Deportes,1,196,196,113.75
1360,2025-03-09,Otoño,C9447,Estándar,Norte,Chile,Ropa,11,106,1166,684.11
1361,2025-01-23,Verano,C8786,Económico,Sur,Perú,Deportes,16,48,768,489.11
1362,2025-04-14,Otoño,C1199,Económico,Centro,Chile,Ropa,9,38,342,242.56
1363,2025-01-13,Verano,C2124,Estándar,Norte,Perú,Ropa,14,56,784,449.13
1364,2025-07-07,Invierno,C2197,Estándar,Norte,Chile,Ropa,5,111,555,329.13
1365,2024-07-25,Invierno,C7137,Económico,Sur,Chile,Ropa,1,49,49,36.14
1366,2025-12-14,Verano,C2561,Estándar,Norte,Perú,Deportes,12,74,888,549.91
1367,2024-02-25,Verano,C1300,Estándar,Sur,Perú,Deportes,18,97,1746,1033.59
1368,2025-11-06,Primavera,C1849,Estándar,Sur,Colombia,Hogar,11,97,1067,706.02
1369,2024-08-12,Invierno,C7504,Estándar,Norte,Perú,Hogar,9,119,1071,796.83
1370,2025-12-03,Verano,C1112,Premium,Norte,Perú,Deportes,28,121,3388,2321.78
1371,2024-04-14,Otoño,C6451,Económico,Norte,Chile,Electrónica,8,68,544,394.82
1372,2025-11-01,Primavera,C7919,Estándar,Sur,Perú,Ropa,8,103,824,537.64
1373,2025-03-13,Otoño,C2676,Estándar,Centro,Perú,Ropa,11,103,1133,742.3
1374,2025-05-07,Otoño,C4970,Estándar,Sur,Chile,Hogar,8,90,720,455.12
1375,2025-11-25,Primavera,C1353,Premium,Sur,Perú,Deportes,8,110,880,516.33
1376,2024-03-03,Otoño,C1990,Premium,Norte,Chile,Electrónica,16,165,2640,1831.06
1377,2024-03-30,Otoño,C9282,Económico,Centro,Perú,Deportes,16,61,976,542.96
1378,2024-01-31,Verano,C1318,Económico,Sur,Chile,Electrónica,25,32,800,591.17
1379,2024-08-19,Invierno,C4163,Estándar,Centro,Colombia,Electrónica,5,74,370,239.12
1380,2024-02-16,Verano,C5459,Premium,Sur,Perú,Electrónica,11,198,2178,1552.08
1381,2024-09-24,Primavera,C5085,Premium,Centro,Chile,Ropa,14,159,2226,1260.96
1382,2024-01-30,Verano,C9271,Estándar,Centro,Chile,Deportes,20,98,1960,1280.58
1383,2025-09-12,Primavera,C4355,Económico,Sur,Perú,Deportes,8,27,216,134.44
1384,2024-07-11,Invierno,C6962,Estándar,Norte,Chile,Electrónica,7,116,812,456.68
1385,2024-07-26,Invierno,C4717,Económico,Sur,Chile,Deportes,7,53,371,241
1386,2025-01-13,Verano,C4373,Premium,Centro,Perú,Hogar,22,103,2266,1540.77
1387,2025-02-08,Verano,C6106,Económico,Sur,Perú,Ropa,24,21,504,370.33
1388,2025-01-09,Verano,C2182,Estándar,Sur,Colombia,Hogar,16,88,1408,838.78
1389,2024-11-17,Primavera,C2803,Estándar,Sur,Perú,Ropa,10,98,980,540.76
1390,2024-09-16,Primavera,C3890,Premium,Centro,Perú,Ropa,7,172,1204,715.72
1391,2025-06-13,Invierno,C1864,Premium,Sur,Chile,Hogar,6,141,846,519
1392,2024-07-17,Invierno,C2955,Estándar,Centro,Chile,Hogar,4,107,428,310.04
1393,2025-08-14,Invierno,C4148,Estándar,Centro,Perú,Ropa,2,89,178,126.33
1394,2024-08-21,Invierno,C8321,Estándar,Centro,Chile,Ropa,5,72,360,204.57
1395,2025-11-02,Primavera,C1071,Económico,Sur,Colombia,Deportes,7,47,329,231.29
1396,2025-06-25,Invierno,C6355,Premium,Centro,Chile,Electrónica,4,138,552,406.92
1397,2025-09-30,Primavera,C1639,Económico,Sur,Colombia,Electrónica,17,49,833,570.25
1398,2025-08-10,Invierno,C6584,Estándar,Norte,Chile,Ropa,4,76,304,219.91
1399,2025-02-14,Verano,C2363,Estándar,Norte,Perú,Deportes,20,109,2180,1271.71
1400,2025-04-16,Otoño,C4383,Estándar,Norte,Colombia,Deportes,12,102,1224,897.68
1401,2025-12-28,Verano,C7320,Estándar,Sur,Colombia,Ropa,17,100,1700,1163.55
1402,2025-12-15,Verano,C8568,Estándar,Norte,Perú,Electrónica,22,117,2574,1774.07
1403,2025-03-09,Otoño,C5652,Estándar,Norte,Perú,Deportes,5,79,395,235.04
1404,2025-11-13,Primavera,C3134,Económico,Sur,Colombia,Ropa,5,27,135,75.32
1405,2024-08-05,Invierno,C6158,Estándar,Norte,Colombia,Hogar,8,92,736,502.08
1406,2024-06-23,Invierno,C1684,Estándar,Centro,Perú,Hogar,9,79,711,486.66
1407,2024-11-13,Primavera,C9765,Estándar,Norte,Chile,Electrónica,7,107,749,551.05
1408,2025-01-13,Verano,C9411,Premium,Norte,Perú,Deportes,28,192,5376,3728.54
1409,2024-03-11,Otoño,C5059,Estándar,Centro,Perú,Hogar,11,51,561,404.37
1410,2024-02-14,Verano,C9052,Premium,Centro,Perú,Deportes,25,193,4825,2666.73
1411,2025-03-30,Otoño,C1164,Económico,Sur,Chile,Ropa,13,31,403,232.34
1412,2024-05-13,Otoño,C2070,Premium,Centro,Chile,Ropa,11,176,1936,1161.15
1413,2024-11-17,Primavera,C4162,Estándar,Centro,Chile,Electrónica,5,58,290,187.93
1414,2025-12-31,Verano,C5755,Premium,Norte,Colombia,Electrónica,19,191,3629,2236.53
1415,2025-06-28,Invierno,C4599,Estándar,Sur,Perú,Electrónica,6,69,414,279.59
1416,2024-10-02,Primavera,C3140,Premium,Centro,Perú,Electrónica,15,144,2160,1518.28
1417,2025-01-20,Verano,C5159,Estándar,Sur,Perú,Hogar,18,86,1548,1011.51
1418,2025-05-10,Otoño,C7579,Estándar,Norte,Perú,Deportes,15,74,1110,629.64
1419,2024-10-04,Primavera,C2964,Estándar,Centro,Colombia,Hogar,12,86,1032,677.14
1420,2024-07-12,Invierno,C6716,Estándar,Norte,Chile,Deportes,7,113,791,489.43
1421,2024-12-16,Verano,C5592,Estándar,Centro,Colombia,Ropa,13,65,845,540.26
1422,2025-06-10,Invierno,C5192,Estándar,Centro,Colombia,Ropa,8,113,904,575.19
1423,2024-10-07,Primavera,C4899,Premium,Sur,Colombia,Ropa,8,164,1312,805.58
1424,2025-04-16,Otoño,C3494,Estándar,Sur,Perú,Hogar,11,54,594,326.92
1425,2024-03-19,Otoño,C2771,Económico,Norte,Colombia,Hogar,10,55,550,341.14
1426,2024-03-25,Otoño,C4736,Económico,Sur,Perú,Electrónica,8,44,352,257.1
1427,2024-01-26,Verano,C4054,Premium,Norte,Chile,Electrónica,22,177,3894,2614.96
1428,2024-01-04,Verano,C5994,Económico,Norte,Colombia,Hogar,12,34,408,235.44
1429,2025-07-20,Invierno,C8289,Económico,Centro,Chile,Deportes,4,47,188,128.15
1430,2024-05-31,Otoño,C1969,Estándar,Centro,Colombia,Deportes,17,102,1734,1192
1431,2025-01-08,Verano,C2369,Estándar,Centro,Chile,Hogar,21,50,1050,744.69
1432,2024-09-20,Primavera,C1116,Estándar,Norte,Perú,Hogar,14,105,1470,1087.7
1433,2024-01-17,Verano,C5727,Estándar,Sur,Chile,Electrónica,16,110,1760,1293.23
1434,2025-11-05,Primavera,C9375,Estándar,Sur,Chile,Ropa,9,88,792,560.75
1435,2025-12-13,Verano,C3018,Estándar,Norte,Chile,Electrónica,17,106,1802,1169.9
1436,2025-10-28,Primavera,C3631,Estándar,Norte,Chile,Ropa,5,63,315,184.77
1437,2024-06-05,Invierno,C5500,Estándar,Sur,Chile,Hogar,3,55,165,92.95
1438,2025-04-04,Otoño,C7526,Premium,Centro,Perú,Hogar,17,108,1836,1374.11
1439,2025-04-05,Otoño,C1701,Premium,Norte,Chile,Electrónica,13,119,1547,904.88
1440,2025-02-09,Verano,C8013,Económico,Sur,Colombia,Hogar,14,61,854,480.26
1441,2024-09-29,Primavera,C3337,Estándar,Norte,Perú,Hogar,7,60,420,296.76
1442,2024-06-09,Invierno,C5868,Estándar,Norte,Chile,Deportes,5,91,455,336.83
1443,2024-03-27,Otoño,C8475,Económico,Centro,Colombia,Ropa,11,53,583,384.01
1444,2024-05-05,Otoño,C4404,Premium,Norte,Perú,Deportes,13,111,1443,944.1
1445,2024-06-12,Invierno,C8625,Estándar,Norte,Chile,Electrónica,4,86,344,230.38
1446,2025-10-28,Primavera,C9052,Estándar,Norte,Colombia,Ropa,16,73,1168,705.79
1447,2024-01-16,Verano,C7159,Premium,Sur,Colombia,Ropa,13,110,1430,965.01
1448,2024-01-10,Verano,C7513,Estándar,Centro,Perú,Ropa,12,102,1224,813.11
1449,2024-02-17,Verano,C5764,Estándar,Sur,Colombia,Deportes,12,54,648,386.45
1450,2024-03-19,Otoño,C2297,Estándar,Norte,Chile,Hogar,13,118,1534,1134.28
1451,2024-03-04,Otoño,C7635,Estándar,Sur,Colombia,Deportes,12,104,1248,745.23
1452,2024-01-26,Verano,C3734,Premium,Centro,Perú,Ropa,23,187,4301,2974.16
1453,2025-11-28,Primavera,C2085,Económico,Sur,Perú,Electrónica,16,44,704,408.72
1454,2025-06-01,Invierno,C2459,Estándar,Centro,Colombia,Ropa,6,76,456,334.79
1455,2025-12-02,Verano,C6157,Estándar,Sur,Chile,Deportes,27,50,1350,830.64
1456,2025-05-15,Otoño,C9381,Premium,Sur,Chile,Ropa,16,159,2544,1578.63
1457,2024-05-28,Otoño,C2930,Económico,Norte,Perú,Deportes,11,24,264,150.19
1458,2025-04-19,Otoño,C6984,Estándar,Norte,Colombia,Ropa,12,69,828,586.48
1459,2025-12-04,Verano,C7244,Premium,Sur,Perú,Electrónica,19,128,2432,1528.92
1460,2024-06-04,Invierno,C7031,Económico,Centro,Colombia,Hogar,8,41,328,217.6
1461,2025-05-12,Otoño,C3529,Premium,Centro,Chile,Hogar,10,160,1600,1141.69
1462,2025-04-11,Otoño,C5614,Estándar,Norte,Perú,Ropa,7,94,658,430.98
1463,2025-05-27,Otoño,C2243,Estándar,Norte,Chile,Hogar,13,75,975,567.11
1464,2024-03-03,Otoño,C2589,Estándar,Norte,Colombia,Hogar,11,99,1089,609.43
1465,2024-03-03,Otoño,C8218,Premium,Sur,Chile,Ropa,17,199,3383,2275.69
1466,2024-09-05,Primavera,C6466,Económico,Centro,Colombia,Hogar,10,49,490,292.21
1467,2024-02-20,Verano,C7200,Estándar,Norte,Chile,Deportes,15,67,1005,612.88
1468,2024-02-12,Verano,C5690,Económico,Centro,Colombia,Hogar,9,60,540,374.06
1469,2024-12-23,Verano,C3957,Estándar,Sur,Colombia,Electrónica,16,62,992,568.2
1470,2024-11-18,Primavera,C4905,Premium,Sur,Colombia,Electrónica,11,175,1925,1162.57
1471,2024-01-26,Verano,C1147,Económico,Norte,Colombia,Electrónica,18,43,774,458.18
1472,2024-03-26,Otoño,C8132,Estándar,Sur,Chile,Electrónica,15,84,1260,935.29
1473,2025-06-10,Invierno,C2702,Estándar,Norte,Chile,Deportes,4,68,272,166.76
1474,2025-09-05,Primavera,C4475,Premium,Sur,Chile,Deportes,5,169,845,629.57
1475,2024-09-05,Primavera,C8314,Económico,Sur,Colombia,Deportes,5,35,175,113.55
1476,2024-11-24,Primavera,C2759,Económico,Centro,Chile,Hogar,8,58,464,336.82
1477,2025-04-14,Otoño,C1513,Económico,Sur,Perú,Hogar,9,29,261,181.61
1478,2024-10-06,Primavera,C3043,Premium,Sur,Chile,Ropa,8,189,1512,940.5
1479,2025-04-03,Otoño,C6885,Estándar,Norte,Perú,Hogar,12,66,792,522.67
1480,2024-06-24,Invierno,C4750,Estándar,Sur,Chile,Hogar,6,93,558,394.13
1481,2025-11-24,Primavera,C4282,Estándar,Sur,Chile,Electrónica,15,50,750,522.15
1482,2024-08-09,Invierno,C7328,Económico,Sur,Chile,Ropa,3,35,105,71.3
1483,2024-08-15,Invierno,C9006,Premium,Norte,Perú,Electrónica,2,186,372,271.58
1484,2025-04-21,Otoño,C5373,Estándar,Norte,Chile,Hogar,12,113,1356,834.56
1485,2025-06-20,Invierno,C4841,Premium,Norte,Perú,Hogar,7,169,1183,782.59
1486,2025-11-05,Primavera,C4352,Estándar,Norte,Chile,Electrónica,6,91,546,375.11
1487,2025-08-27,Invierno,C2209,Estándar,Sur,Chile,Deportes,2,59,118,75.02
1488,2024-07-14,Invierno,C1272,Estándar,Sur,Chile,Hogar,5,95,475,301.88
1489,2024-03-08,Otoño,C1674,Estándar,Norte,Perú,Deportes,17,81,1377,845.65
1490,2024-06-30,Invierno,C2612,Económico,Norte,Chile,Electrónica,6,62,372,250.93
1491,2024-08-26,Invierno,C1568,Premium,Sur,Chile,Deportes,5,124,620,369.25
1492,2025-11-09,Primavera,C4532,Estándar,Sur,Perú,Deportes,12,76,912,538.78
1493,2025-06-14,Invierno,C8019,Económico,Sur,Chile,Hogar,4,56,224,149.48
1494,2024-11-23,Primavera,C4680,Estándar,Centro,Colombia,Electrónica,8,52,416,270.75
1495,2025-09-30,Primavera,C6216,Premium,Norte,Perú,Hogar,10,120,1200,798.77
1496,2024-04-25,Otoño,C6465,Económico,Sur,Colombia,Hogar,13,21,273,153.01
1497,2024-09-17,Primavera,C1238,Estándar,Sur,Perú,Ropa,11,85,935,617.14
1498,2024-07-20,Invierno,C5415,Económico,Sur,Colombia,Ropa,7,24,168,122.57
1499,2024-09-06,Primavera,C5852,Estándar,Centro,Chile,Deportes,7,81,567,336.23
1500,2024-01-17,Verano,C3684,Económico,Norte,Colombia,Ropa,19,22,418,298.13
1501,2025-01-25,Verano,C2602,Estándar,Sur,Perú,Deportes,24,90,2160,1258.57
1502,2025-11-03,Primavera,C8943,Premium,Sur,Perú,Electrónica,6,157,942,611.23
1503,2024-04-09,Otoño,C8726,Estándar,Norte,Perú,Electrónica,5,53,265,172.34
1504,2025-02-10,Verano,C1906,Estándar,Sur,Chile,Hogar,17,54,918,512.98
1505,2025-02-27,Verano,C6366,Estándar,Norte,Perú,Ropa,18,50,900,586.26
1506,2024-12-30,Verano,C7335,Premium,Norte,Chile,Deportes,20,184,3680,2300.13
1507,2025-09-03,Primavera,C6913,Premium,Centro,Chile,Hogar,10,118,1180,788.48
1508,2024-01-30,Verano,C1061,Premium,Centro,Perú,Deportes,20,197,3940,2845.18
1509,2024-09-06,Primavera,C1754,Premium,Sur,Perú,Electrónica,6,159,954,531.67
1510,2024-08-30,Invierno,C4189,Estándar,Centro,Chile,Electrónica,4,119,476,353.08
1511,2024-01-08,Verano,C7536,Económico,Sur,Perú,Hogar,16,25,400,267.05
1512,2025-05-29,Otoño,C8047,Premium,Norte,Perú,Ropa,11,134,1474,939.49
1513,2025-01-15,Verano,C8617,Estándar,Sur,Chile,Ropa,17,112,1904,1181.64
1514,2025-12-18,Verano,C5911,Estándar,Norte,Colombia,Ropa,9,118,1062,674.1
1515,2025-01-20,Verano,C8046,Económico,Norte,Colombia,Deportes,10,58,580,320.18
1516,2025-02-24,Verano,C2514,Estándar,Centro,Colombia,Hogar,12,95,1140,845.58
1517,2024-03-13,Otoño,C4500,Estándar,Norte,Chile,Hogar,10,82,820,608.27
1518,2025-04-20,Otoño,C9783,Premium,Norte,Perú,Electrónica,14,163,2282,1438.18
1519,2024-07-19,Invierno,C1851,Estándar,Sur,Chile,Electrónica,4,72,288,169.57
1520,2025-06-18,Invierno,C5145,Premium,Centro,Perú,Ropa,7,139,973,667.77
1521,2024-10-01,Primavera,C6965,Estándar,Norte,Chile,Electrónica,5,61,305,214.61
1522,2025-02-26,Verano,C8189,Estándar,Sur,Colombia,Deportes,16,94,1504,1114.02
1523,2024-04-11,Otoño,C7867,Estándar,Norte,Perú,Ropa,7,52,364,209.98
1524,2025-06-06,Invierno,C3319,Premium,Sur,Chile,Deportes,3,159,477,356.96
1525,2024-10-12,Primavera,C9375,Estándar,Sur,Colombia,Deportes,10,111,1110,739.6
1526,2024-01-09,Verano,C9769,Estándar,Sur,Perú,Electrónica,15,104,1560,1116.39
1527,2024-05-06,Otoño,C1284,Económico,Sur,Chile,Hogar,13,36,468,286.7
1528,2025-03-07,Otoño,C8408,Económico,Centro,Perú,Deportes,9,56,504,281.67
1529,2024-04-22,Otoño,C6040,Estándar,Centro,Colombia,Ropa,6,53,318,182.34
1530,2024-01-27,Verano,C6518,Económico,Norte,Chile,Hogar,25,52,1300,897.7
1531,2024-01-23,Verano,C8184,Estándar,Centro,Perú,Ropa,11,101,1111,649.66
1532,2025-06-03,Invierno,C9389,Estándar,Norte,Chile,Electrónica,4,62,248,182.86
1533,2024-06-01,Invierno,C6460,Premium,Centro,Perú,Deportes,4,154,616,398.59
1534,2025-10-20,Primavera,C5419,Estándar,Centro,Perú,Electrónica,11,119,1309,777.87
1535,2024-10-07,Primavera,C4181,Económico,Sur,Chile,Electrónica,8,56,448,318.46
1536,2024-01-31,Verano,C2186,Económico,Sur,Perú,Hogar,12,38,456,264.36
1537,2024-01-27,Verano,C7393,Estándar,Sur,Chile,Deportes,30,51,1530,1138.66
1538,2024-11-27,Primavera,C6097,Estándar,Sur,Perú,Ropa,16,56,896,670.89
1539,2024-06-27,Invierno,C7217,Estándar,Centro,Perú,Ropa,8,86,688,449.67
1540,2025-02-09,Verano,C3504,Estándar,Centro,Colombia,Ropa,15,103,1545,1146.45
1541,2025-02-21,Verano,C8497,Estándar,Sur,Chile,Hogar,24,74,1776,1170.86
1542,2024-12-20,Verano,C6785,Premium,Sur,Perú,Hogar,12,190,2280,1257.86
1543,2025-08-28,Invierno,C5899,Premium,Norte,Perú,Ropa,5,195,975,658.28
1544,2024-06-21,Invierno,C9160,Premium,Norte,Perú,Electrónica,2,119,238,157.79
1545,2025-03-10,Otoño,C7862,Estándar,Centro,Perú,Ropa,14,61,854,575.16
1546,2025-08-24,Invierno,C4534,Premium,Sur,Perú,Electrónica,9,162,1458,886.28
1547,2025-02-10,Verano,C3370,Premium,Norte,Colombia,Deportes,18,100,1800,1215.77
1548,2024-12-29,Verano,C9656,Estándar,Sur,Perú,Deportes,14,107,1498,893.92
1549,2025-06-16,Invierno,C6515,Estándar,Sur,Chile,Deportes,2,104,208,148.03
1550,2024-10-13,Primavera,C4442,Premium,Centro,Colombia,Deportes,5,191,955,626.12
1551,2025-08-03,Invierno,C6745,Estándar,Sur,Perú,Ropa,8,91,728,497.36
1552,2024-09-30,Primavera,C1181,Estándar,Centro,Perú,Deportes,15,65,975,649.16
1553,2024-03-28,Otoño,C6327,Estándar,Sur,Perú,Deportes,16,70,1120,740.86
1554,2024-11-26,Primavera,C3404,Económico,Sur,Chile,Hogar,5,22,110,66.13
1555,2024-02-26,Verano,C5621,Estándar,Norte,Perú,Ropa,11,117,1287,890.2
1556,2025-07-27,Invierno,C3285,Estándar,Sur,Chile,Hogar,2,50,100,71.5
1557,2025-04-01,Otoño,C3482,Premium,Sur,Perú,Deportes,17,198,3366,2060.81
1558,2025-12-22,Verano,C3324,Estándar,Centro,Chile,Hogar,16,113,1808,1268.22
1559,2025-02-04,Verano,C1151,Económico,Sur,Chile,Deportes,34,27,918,616.63
1560,2024-06-04,Invierno,C9152,Estándar,Centro,Perú,Ropa,2,102,204,131.38
1561,2024-12-13,Verano,C7768,Premium,Centro,Perú,Deportes,21,189,3969,2454.08
1562,2024-03-08,Otoño,C9127,Económico,Norte,Perú,Ropa,12,44,528,360.9
1563,2025-03-06,Otoño,C3405,Estándar,Norte,Perú,Ropa,5,55,275,175.68
1564,2024-05-28,Otoño,C3941,Premium,Sur,Chile,Electrónica,7,109,763,450.15
1565,2024-06-11,Invierno,C1151,Premium,Norte,Colombia,Deportes,8,110,880,611.74
1566,2024-05-14,Otoño,C2295,Premium,Centro,Chile,Deportes,15,127,1905,1300.57
1567,2025-03-15,Otoño,C4180,Premium,Centro,Colombia,Electrónica,6,123,738,473.24
1568,2025-04-23,Otoño,C7415,Premium,Norte,Chile,Hogar,15,198,2970,2056.01
1569,2024-02-18,Verano,C8787,Estándar,Norte,Perú,Hogar,14,117,1638,1166.92
1570,2024-01-15,Verano,C2904,Estándar,Sur,Colombia,Deportes,12,56,672,394.05
1571,2024-12-14,Verano,C5069,Estándar,Norte,Colombia,Electrónica,9,77,693,483.64
1572,2025-08-02,Invierno,C4676,Estándar,Norte,Perú,Deportes,3,116,348,246.84
1573,2024-03-14,Otoño,C4228,Estándar,Sur,Perú,Hogar,6,87,522,328.91
1574,2025-03-19,Otoño,C8398,Premium,Norte,Chile,Hogar,5,111,555,365.79
1575,2025-06-03,Invierno,C2749,Premium,Centro,Perú,Deportes,4,160,640,451.72
1576,2025-10-07,Primavera,C4645,Estándar,Norte,Perú,Hogar,6,51,306,225.66
1577,2024-11-26,Primavera,C9587,Económico,Norte,Colombia,Deportes,9,67,603,346.43
1578,2024-09-27,Primavera,C8258,Premium,Centro,Chile,Ropa,9,126,1134,812
1579,2024-07-27,Invierno,C8418,Estándar,Sur,Colombia,Deportes,6,93,558,400.69
1580,2024-01-30,Verano,C7544,Premium,Norte,Perú,Deportes,19,111,2109,1361.2
1581,2025-06-19,Invierno,C3251,Premium,Norte,Colombia,Ropa,11,166,1826,1257.55
1582,2025-04-08,Otoño,C4180,Económico,Sur,Perú,Deportes,13,35,455,268.68
1583,2024-02-18,Verano,C9066,Económico,Sur,Perú,Hogar,18,49,882,631.01
1584,2025-07-08,Invierno,C8048,Económico,Sur,Colombia,Hogar,7,62,434,313.32
1585,2024-08-26,Invierno,C9067,Estándar,Norte,Chile,Deportes,5,79,395,267.71
1586,2025-11-07,Primavera,C9712,Premium,Sur,Chile,Ropa,14,167,2338,1517.53
1587,2024-12-03,Verano,C1039,Premium,Norte,Colombia,Electrónica,19,192,3648,2241.32
1588,2025-06-14,Invierno,C9303,Estándar,Norte,Perú,Hogar,4,92,368,229.24
1589,2025-01-16,Verano,C3471,Estándar,Centro,Colombia,Hogar,13,91,1183,822.2
1590,2025-01-05,Verano,C4399,Estándar,Norte,Perú,Electrónica,13,96,1248,729.17
1591,2025-09-05,Primavera,C4504,Premium,Centro,Perú,Ropa,12,146,1752,1032.47
1592,2025-08-29,Invierno,C9073,Económico,Sur,Colombia,Electrónica,9,35,315,207.04
1593,2024-12-02,Verano,C7478,Premium,Sur,Perú,Hogar,12,161,1932,1259.74
1594,2024-07-12,Invierno,C3409,Premium,Sur,Perú,Ropa,9,155,1395,806.54
1595,2024-03-23,Otoño,C2476,Estándar,Centro,Perú,Hogar,10,106,1060,733.88
1596,2024-11-27,Primavera,C1098,Estándar,Sur,Perú,Ropa,7,65,455,322.22
1597,2024-09-05,Primavera,C4279,Premium,Norte,Perú,Ropa,17,152,2584,1490.61
1598,2024-09-15,Primavera,C6582,Estándar,Sur,Perú,Hogar,12,96,1152,687.67
1599,2025-10-30,Primavera,C4534,Estándar,Centro,Chile,Ropa,13,114,1482,954.17
1600,2024-01-30,Verano,C5968,Estándar,Norte,Perú,Electrónica,13,110,1430,884.52
1601,2025-01-30,Verano,C8130,Estándar,Norte,Chile,Deportes,28,76,2128,1441.61
1602,2024-09-24,Primavera,C5316,Estándar,Sur,Perú,Deportes,7,116,812,515.31
1603,2024-05-31,Otoño,C3117,Estándar,Centro,Perú,Hogar,5,82,410,275.99
1604,2024-04-13,Otoño,C8897,Premium,Centro,Perú,Electrónica,13,178,2314,1512.74
1605,2024-08-17,Invierno,C8151,Estándar,Sur,Perú,Deportes,3,101,303,198.52
1606,2024-12-20,Verano,C6150,Premium,Sur,Chile,Electrónica,21,105,2205,1425.66
1607,2025-09-20,Primavera,C4533,Estándar,Centro,Chile,Ropa,10,98,980,653.68
1608,2024-02-03,Verano,C5879,Estándar,Sur,Perú,Electrónica,16,56,896,520.24
1609,2025-07-28,Invierno,C9506,Estándar,Sur,Chile,Hogar,3,70,210,149.12
1610,2024-03-11,Otoño,C4970,Económico,Sur,Perú,Hogar,8,47,376,211.38
1611,2025-07-29,Invierno,C6875,Premium,Sur,Perú,Deportes,2,133,266,169.83
1612,2025-05-19,Otoño,C7973,Estándar,Centro,Perú,Electrónica,8,53,424,251.18
1613,2025-03-16,Otoño,C6684,Económico,Norte,Chile,Hogar,16,38,608,406.33
1614,2025-03-02,Otoño,C8643,Estándar,Norte,Perú,Hogar,10,59,590,352.35
1615,2024-07-05,Invierno,C3221,Estándar,Centro,Colombia,Electrónica,6,52,312,194.08
1616,2025-02-23,Verano,C6057,Económico,Norte,Chile,Hogar,13,39,507,317.98
1617,2024-05-07,Otoño,C2083,Premium,Centro,Chile,Hogar,5,130,650,426.21
1618,2025-02-04,Verano,C5623,Premium,Centro,Perú,Electrónica,12,164,1968,1168.71
1619,2025-10-04,Primavera,C8072,Premium,Norte,Chile,Deportes,5,179,895,574.43
1620,2025-07-12,Invierno,C7929,Económico,Centro,Chile,Hogar,6,39,234,160.25
1621,2024-07-22,Invierno,C1285,Premium,Norte,Colombia,Deportes,4,159,636,416.46
1622,2024-09-10,Primavera,C6421,Estándar,Centro,Chile,Electrónica,12,85,1020,608.91
1623,2024-12-30,Verano,C8267,Premium,Centro,Chile,Ropa,22,114,2508,1705.29
1624,2025-10-24,Primavera,C4001,Estándar,Centro,Chile,Electrónica,15,106,1590,1078.61
1625,2024-09-16,Primavera,C8146,Estándar,Norte,Perú,Deportes,12,116,1392,895.29
1626,2024-01-13,Verano,C9898,Premium,Sur,Perú,Ropa,22,185,4070,2751.12
1627,2025-02-13,Verano,C2373,Estándar,Norte,Chile,Deportes,28,111,3108,1731.73
1628,2024-04-12,Otoño,C6924,Estándar,Sur,Chile,Deportes,6,76,456,254.23
1629,2025-05-01,Otoño,C9841,Estándar,Norte,Colombia,Hogar,14,54,756,434.23
1630,2025-02-11,Verano,C6727,Estándar,Norte,Perú,Electrónica,14,95,1330,759.12
1631,2024-10-04,Primavera,C7501,Premium,Sur,Perú,Hogar,5,175,875,611.73
1632,2025-07-24,Invierno,C6127,Estándar,Norte,Colombia,Electrónica,10,50,500,325.07
1633,2025-11-16,Primavera,C9123,Estándar,Centro,Perú,Deportes,17,93,1581,1118.96
1634,2025-01-18,Verano,C8225,Premium,Norte,Colombia,Electrónica,13,184,2392,1340.38
1635,2024-09-23,Primavera,C5646,Estándar,Norte,Chile,Hogar,14,78,1092,777.67
1636,2024-10-12,Primavera,C4279,Estándar,Norte,Colombia,Ropa,5,61,305,182.67
1637,2025-10-05,Primavera,C1875,Premium,Sur,Perú,Deportes,14,100,1400,1021.23
1638,2025-11-14,Primavera,C6697,Estándar,Norte,Chile,Hogar,6,94,564,376.06
1639,2025-01-17,Verano,C4104,Premium,Centro,Perú,Electrónica,13,119,1547,1008.71
1640,2024-02-16,Verano,C7616,Premium,Sur,Chile,Deportes,31,164,5084,3490.43
1641,2024-09-17,Primavera,C4921,Económico,Centro,Colombia,Electrónica,6,46,276,160.61
1642,2024-03-04,Otoño,C7158,Estándar,Norte,Chile,Electrónica,6,117,702,489.43
1643,2025-10-06,Primavera,C3356,Premium,Sur,Perú,Electrónica,14,165,2310,1594.06
1644,2024-03-27,Otoño,C2201,Estándar,Sur,Colombia,Deportes,11,85,935,611.08
1645,2024-07-16,Invierno,C1596,Estándar,Centro,Chile,Hogar,6,106,636,455.18
1646,2024-12-11,Verano,C3322,Estándar,Sur,Perú,Ropa,11,68,748,493.69
1647,2024-11-01,Primavera,C1303,Estándar,Norte,Chile,Ropa,7,92,644,470.54
1648,2025-02-24,Verano,C7568,Estándar,Sur,Perú,Electrónica,24,71,1704,1153.75
1649,2024-11-17,Primavera,C9633,Premium,Norte,Perú,Hogar,11,109,1199,857.79
1650,2024-04-18,Otoño,C7382,Premium,Norte,Perú,Ropa,8,149,1192,712.31
1651,2024-02-07,Verano,C5993,Estándar,Centro,Perú,Ropa,17,101,1717,976.8
1652,2025-05-19,Otoño,C3750,Estándar,Sur,Perú,Electrónica,6,119,714,456.04
1653,2025-01-14,Verano,C1453,Estándar,Centro,Perú,Ropa,22,55,1210,830.77
1654,2024-10-15,Primavera,C1840,Premium,Norte,Perú,Deportes,9,157,1413,917
1655,2024-09-18,Primavera,C2840,Estándar,Centro,Perú,Ropa,7,62,434,292.33
1656,2024-01-15,Verano,C2152,Premium,Norte,Colombia,Ropa,10,107,1070,680.75
1657,2024-06-17,Invierno,C6563,Estándar,Sur,Perú,Deportes,9,89,801,447.46
1658,2024-10-06,Primavera,C2014,Estándar,Centro,Perú,Deportes,9,70,630,348.77
1659,2024-12-04,Verano,C8756,Estándar,Sur,Perú,Deportes,16,90,1440,1045.5
1660,2024-08-05,Invierno,C3778,Premium,Sur,Chile,Deportes,3,197,591,375.3
1661,2025-07-11,Invierno,C1116,Estándar,Centro,Perú,Ropa,8,68,544,307.62
1662,2024-05-25,Otoño,C1569,Estándar,Centro,Perú,Deportes,17,62,1054,777.85
1663,2025-12-17,Verano,C9612,Premium,Sur,Chile,Hogar,21,154,3234,2202.65
1664,2024-09-11,Primavera,C4360,Premium,Norte,Perú,Electrónica,8,173,1384,896.17
1665,2025-01-14,Verano,C5124,Económico,Sur,Chile,Hogar,27,52,1404,901.48
1666,2024-10-07,Primavera,C4132,Estándar,Sur,Chile,Deportes,12,65,780,568.58
1667,2025-05-01,Otoño,C6216,Premium,Centro,Perú,Deportes,15,113,1695,1142.03
1668,2024-12-07,Verano,C3422,Estándar,Sur,Chile,Electrónica,20,80,1600,923.05
1669,2024-01-17,Verano,C6135,Premium,Sur,Colombia,Electrónica,16,168,2688,1992.55
1670,2024-06-26,Invierno,C3520,Estándar,Norte,Colombia,Hogar,5,99,495,286.8
1671,2024-03-05,Otoño,C4084,Estándar,Norte,Colombia,Hogar,9,65,585,326.27
1672,2024-12-24,Verano,C1083,Estándar,Sur,Perú,Ropa,15,84,1260,915.5
1673,2025-09-11,Primavera,C3562,Económico,Sur,Chile,Electrónica,14,20,280,205.83
1674,2025-12-13,Verano,C6246,Estándar,Sur,Chile,Hogar,26,91,2366,1570.41
1675,2025-02-15,Verano,C5095,Estándar,Sur,Perú,Ropa,24,50,1200,821.53
1676,2024-09-09,Primavera,C6176,Estándar,Sur,Perú,Hogar,13,63,819,550.11
1677,2024-11-02,Primavera,C5882,Premium,Norte,Colombia,Electrónica,15,121,1815,1057.19
1678,2025-03-12,Otoño,C6749,Estándar,Sur,Perú,Hogar,7,56,392,225.68
1679,2025-04-27,Otoño,C3816,Estándar,Norte,Chile,Hogar,8,99,792,447.96
1680,2025-06-06,Invierno,C8345,Premium,Sur,Colombia,Ropa,8,106,848,498.57
1681,2025-12-19,Verano,C8704,Estándar,Sur,Perú,Ropa,10,101,1010,682.97
1682,2024-03-07,Otoño,C9711,Estándar,Sur,Chile,Hogar,12,112,1344,953.52
1683,2024-03-25,Otoño,C8691,Económico,Sur,Chile,Electrónica,16,58,928,627.38
1684,2024-07-23,Invierno,C6940,Estándar,Centro,Perú,Electrónica,2,75,150,86.02
1685,2024-03-25,Otoño,C8828,Premium,Sur,Chile,Electrónica,8,124,992,708.7
1686,2025-09-25,Primavera,C2955,Premium,Sur,Colombia,Deportes,6,195,1170,745.54
1687,2025-08-03,Invierno,C3267,Estándar,Centro,Colombia,Ropa,9,72,648,445.93
1688,2024-06-11,Invierno,C7930,Estándar,Norte,Perú,Hogar,4,62,248,175.28
1689,2025-07-05,Invierno,C7518,Estándar,Sur,Colombia,Deportes,7,100,700,524.67
1690,2025-09-30,Primavera,C6519,Premium,Norte,Chile,Hogar,5,157,785,442.36
1691,2025-01-22,Verano,C8714,Económico,Sur,Perú,Ropa,20,27,540,379.24
1692,2024-01-27,Verano,C3396,Estándar,Centro,Chile,Deportes,22,119,2618,1708.17
1693,2024-05-14,Otoño,C4710,Estándar,Sur,Chile,Electrónica,9,65,585,350.63
1694,2024-12-23,Verano,C9539,Estándar,Norte,Colombia,Electrónica,10,115,1150,758.72
1695,2024-01-01,Verano,C8091,Estándar,Norte,Perú,Electrónica,19,90,1710,1020.56
1696,2025-09-16,Primavera,C2708,Estándar,Norte,Perú,Deportes,7,54,378,228.88
1697,2025-10-01,Primavera,C5820,Económico,Norte,Colombia,Ropa,11,38,418,267.93
1698,2025-10-24,Primavera,C4968,Estándar,Sur,Chile,Ropa,8,59,472,343
1699,2025-11-16,Primavera,C7483,Estándar,Centro,Perú,Hogar,15,118,1770,1218.05
1700,2025-12-09,Verano,C1236,Económico,Norte,Chile,Hogar,14,45,630,385.13
1701,2025-11-26,Primavera,C4289,Estándar,Centro,Chile,Ropa,8,58,464,279.63
1702,2024-03-06,Otoño,C7670,Estándar,Centro,Perú,Deportes,11,65,715,515.09
1703,2025-01-04,Verano,C6184,Premium,Sur,Perú,Ropa,18,177,3186,2138.8
1704,2025-03-24,Otoño,C5335,Estándar,Centro,Perú,Electrónica,6,118,708,393.28
1705,2024-11-08,Primavera,C6582,Premium,Centro,Chile,Deportes,14,175,2450,1523.04
1706,2024-01-26,Verano,C9579,Premium,Sur,Perú,Electrónica,23,105,2415,1596.12
1707,2024-05-12,Otoño,C5493,Premium,Sur,Chile,Electrónica,15,170,2550,1883.44
1708,2024-01-13,Verano,C9849,Estándar,Sur,Chile,Electrónica,20,78,1560,956.79
1709,2025-08-26,Invierno,C8091,Estándar,Sur,Chile,Hogar,3,111,333,211.51
1710,2024-06-14,Invierno,C1180,Premium,Sur,Perú,Ropa,8,130,1040,709.59
1711,2024-02-11,Verano,C8379,Estándar,Centro,Chile,Deportes,30,75,2250,1618.48
1712,2025-11-25,Primavera,C8842,Económico,Norte,Perú,Electrónica,14,65,910,526.43
1713,2025-09-30,Primavera,C1239,Premium,Sur,Chile,Electrónica,17,152,2584,1729.79
1714,2024-03-21,Otoño,C4736,Estándar,Norte,Chile,Electrónica,12,71,852,473.51
1715,2024-07-31,Invierno,C8350,Premium,Norte,Perú,Hogar,8,176,1408,853.71
1716,2025-06-09,Invierno,C6699,Premium,Sur,Colombia,Hogar,5,105,525,368.14
1717,2024-01-10,Verano,C1674,Premium,Centro,Colombia,Deportes,21,130,2730,2013.7
1718,2025-03-17,Otoño,C2865,Estándar,Centro,Perú,Deportes,7,94,658,422.08
1719,2025-03-31,Otoño,C7476,Estándar,Centro,Colombia,Deportes,8,119,952,543.45
1720,2024-02-04,Verano,C8334,Económico,Sur,Perú,Hogar,24,40,960,585.35
1721,2025-10-13,Primavera,C1412,Premium,Norte,Perú,Deportes,16,102,1632,1000.21
1722,2025-08-18,Invierno,C8192,Premium,Sur,Colombia,Ropa,11,138,1518,977.25
1723,2024-04-15,Otoño,C7285,Estándar,Sur,Chile,Electrónica,15,69,1035,722.19
1724,2024-07-24,Invierno,C5820,Estándar,Sur,Perú,Hogar,5,106,530,385.51
1725,2025-07-11,Invierno,C5975,Premium,Sur,Colombia,Hogar,7,189,1323,943.8
1726,2024-05-04,Otoño,C9344,Estándar,Centro,Chile,Electrónica,17,95,1615,1157.02
1727,2024-01-13,Verano,C3886,Económico,Sur,Perú,Ropa,21,63,1323,955.59
1728,2024-09-18,Primavera,C4565,Estándar,Sur,Perú,Ropa,15,85,1275,772.35
1729,2025-06-22,Invierno,C2117,Premium,Centro,Colombia,Hogar,10,133,1330,764.95
1730,2024-07-27,Invierno,C9949,Estándar,Norte,Perú,Deportes,2,90,180,123.5
1731,2024-02-22,Verano,C9387,Estándar,Norte,Perú,Hogar,20,67,1340,846.73
1732,2024-03-29,Otoño,C9748,Estándar,Centro,Colombia,Hogar,15,77,1155,825.9
1733,2024-08-04,Invierno,C9152,Estándar,Sur,Perú,Deportes,3,119,357,216.19
1734,2024-05-29,Otoño,C9580,Premium,Sur,Colombia,Hogar,14,125,1750,1196.3
1735,2025-11-03,Primavera,C8152,Estándar,Centro,Colombia,Hogar,9,82,738,440.57
1736,2025-01-19,Verano,C1595,Premium,Sur,Chile,Deportes,28,180,5040,3573.28
1737,2025-01-25,Verano,C8979,Premium,Norte,Colombia,Ropa,8,157,1256,816.34
1738,2025-07-08,Invierno,C4848,Estándar,Norte,Perú,Deportes,4,98,392,226.75
1739,2024-04-17,Otoño,C5060,Estándar,Norte,Chile,Deportes,9,94,846,583.45
1740,2025-05-23,Otoño,C9234,Estándar,Norte,Perú,Hogar,12,115,1380,821.87
1741,2024-10-17,Primavera,C9504,Premium,Norte,Perú,Electrónica,9,102,918,660.76
1742,2024-03-25,Otoño,C4124,Estándar,Sur,Chile,Deportes,14,81,1134,639.77
1743,2024-06-23,Invierno,C8405,Estándar,Centro,Chile,Electrónica,6,84,504,372.05
1744,2024-12-29,Verano,C9082,Económico,Sur,Perú,Deportes,27,26,702,494.66
1745,2024-07-21,Invierno,C7922,Premium,Sur,Perú,Electrónica,4,183,732,538.01
1746,2025-09-21,Primavera,C4385,Económico,Centro,Colombia,Ropa,17,30,510,283.44
1747,2024-01-25,Verano,C2262,Económico,Centro,Chile,Ropa,12,32,384,223.73
1748,2024-09-16,Primavera,C1084,Económico,Centro,Colombia,Hogar,5,28,140,104.21
1749,2024-07-11,Invierno,C8412,Premium,Norte,Colombia,Ropa,8,178,1424,937.12
1750,2024-11-17,Primavera,C8769,Estándar,Sur,Colombia,Electrónica,7,91,637,395.63
1751,2024-01-12,Verano,C1823,Estándar,Norte,Chile,Deportes,27,100,2700,1984.71
1752,2025-10-08,Primavera,C6687,Premium,Sur,Chile,Electrónica,11,140,1540,1083.19
1753,2024-01-12,Verano,C8757,Estándar,Centro,Perú,Electrónica,22,69,1518,1087.34
1754,2025-08-23,Invierno,C8012,Premium,Centro,Colombia,Ropa,7,116,812,548.05
1755,2024-08-06,Invierno,C6680,Premium,Centro,Colombia,Hogar,4,106,424,301.22
1756,2025-06-26,Invierno,C7025,Estándar,Centro,Chile,Hogar,4,57,228,136.07
1757,2025-09-27,Primavera,C9057,Estándar,Centro,Perú,Deportes,16,57,912,603.06
1758,2024-04-23,Otoño,C1158,Económico,Sur,Colombia,Electrónica,9,32,288,205.36
1759,2025-02-03,Verano,C9797,Premium,Norte,Perú,Deportes,14,125,1750,1275.83
1760,2024-11-07,Primavera,C7399,Estándar,Centro,Perú,Electrónica,7,118,826,555.6
1761,2024-08-09,Invierno,C6174,Premium,Norte,Perú,Deportes,5,112,560,388.42
1762,2024-06-22,Invierno,C1568,Premium,Sur,Perú,Electrónica,4,195,780,445.38
1763,2025-01-24,Verano,C8729,Estándar,Sur,Perú,Ropa,18,118,2124,1257.92
1764,2024-12-10,Verano,C3816,Estándar,Sur,Chile,Electrónica,17,101,1717,987.78
1765,2025-07-25,Invierno,C7170,Estándar,Sur,Colombia,Hogar,9,70,630,388.17
1766,2025-03-03,Otoño,C6672,Económico,Centro,Colombia,Electrónica,10,45,450,268.58
1767,2025-04-08,Otoño,C3285,Estándar,Norte,Colombia,Hogar,13,105,1365,1020.8
1768,2025-01-10,Verano,C9049,Estándar,Norte,Chile,Hogar,16,97,1552,931.67
1769,2024-12-20,Verano,C4728,Estándar,Centro,Colombia,Ropa,9,52,468,316.4
1770,2024-07-03,Invierno,C9735,Estándar,Sur,Perú,Hogar,2,95,190,120.61
1771,2024-06-28,Invierno,C7196,Premium,Sur,Chile,Hogar,7,132,924,641.13
1772,2024-05-09,Otoño,C9024,Premium,Centro,Chile,Hogar,9,191,1719,1181.97
1773,2024-06-25,Invierno,C7467,Económico,Centro,Perú,Deportes,6,26,156,116.68
1774,2024-11-10,Primavera,C7149,Estándar,Sur,Perú,Electrónica,15,105,1575,931.25
1775,2024-07-29,Invierno,C3108,Económico,Norte,Chile,Deportes,3,40,120,85.35
1776,2024-04-05,Otoño,C4556,Económico,Norte,Chile,Hogar,12,27,324,214.13
1777,2025-01-19,Verano,C5731,Estándar,Sur,Chile,Ropa,27,106,2862,1674.73
1778,2024-06-22,Invierno,C3565,Económico,Sur,Chile,Deportes,7,65,455,300.18
1779,2025-11-12,Primavera,C3294,Estándar,Centro,Chile,Electrónica,9,119,1071,795.04
1780,2025-07-06,Invierno,C9746,Estándar,Sur,Chile,Electrónica,5,79,395,266.11
1781,2025-12-02,Verano,C2298,Estándar,Norte,Colombia,Ropa,15,86,1290,941.67
1782,2025-06-17,Invierno,C1795,Estándar,Sur,Perú,Deportes,4,50,200,121.04
1783,2025-03-03,Otoño,C2640,Premium,Centro,Colombia,Deportes,13,162,2106,1493.25
1784,2025-10-20,Primavera,C4729,Económico,Centro,Colombia,Hogar,17,45,765,496.39
1785,2025-04-08,Otoño,C6871,Económico,Centro,Colombia,Ropa,9,55,495,348.75
1786,2024-12-17,Verano,C9556,Premium,Centro,Perú,Deportes,22,186,4092,2604.49
1787,2025-04-01,Otoño,C5790,Premium,Centro,Chile,Electrónica,13,182,2366,1643.71
1788,2025-12-29,Verano,C1487,Económico,Centro,Chile,Deportes,31,37,1147,693.29
1789,2025-03-02,Otoño,C5032,Estándar,Centro,Colombia,Electrónica,6,109,654,396.01
1790,2025-06-06,Invierno,C1677,Económico,Norte,Chile,Hogar,3,45,135,93.6
1791,2024-05-03,Otoño,C9137,Económico,Centro,Colombia,Electrónica,10,53,530,349.48
1792,2024-01-10,Verano,C5868,Estándar,Sur,Perú,Electrónica,13,111,1443,1048.7
1793,2025-12-20,Verano,C1989,Económico,Norte,Chile,Electrónica,12,40,480,359.42
1794,2024-11-15,Primavera,C2735,Premium,Centro,Chile,Deportes,8,116,928,576.5
1795,2025-11-12,Primavera,C1881,Estándar,Centro,Chile,Hogar,16,52,832,509.05
1796,2024-10-23,Primavera,C4729,Premium,Centro,Chile,Hogar,6,148,888,519.51
1797,2024-04-21,Otoño,C9871,Estándar,Norte,Perú,Ropa,11,116,1276,749.88
1798,2024-04-25,Otoño,C2506,Estándar,Centro,Chile,Deportes,6,98,588,326.31
1799,2025-01-03,Verano,C1073,Premium,Norte,Perú,Hogar,14,189,2646,1622.45
1800,2025-06-12,Invierno,C9319,Estándar,Norte,Colombia,Deportes,10,89,890,514.05
1801,2024-07-10,Invierno,C1274,Premium,Sur,Chile,Ropa,2,147,294,192.61
1802,2025-08-28,Invierno,C2800,Premium,Centro,Colombia,Hogar,10,189,1890,1403.78
1803,2025-03-25,Otoño,C8678,Económico,Norte,Chile,Electrónica,16,61,976,623.72
1804,2024-05-08,Otoño,C9525,Estándar,Norte,Colombia,Hogar,15,84,1260,871.03
1805,2024-12-07,Verano,C4440,Premium,Centro,Perú,Ropa,24,132,3168,1882.37
1806,2024-10-20,Primavera,C7831,Estándar,Sur,Perú,Electrónica,16,111,1776,1167.78
1807,2025-05-07,Otoño,C5265,Estándar,Norte,Perú,Electrónica,9,103,927,662.59
1808,2024-11-23,Primavera,C3127,Premium,Norte,Chile,Deportes,13,188,2444,1571.82
1809,2024-01-22,Verano,C9725,Estándar,Centro,Chile,Hogar,26,74,1924,1209.95
1810,2025-10-08,Primavera,C5696,Premium,Sur,Chile,Ropa,13,172,2236,1283.33
1811,2025-12-27,Verano,C6255,Estándar,Centro,Chile,Electrónica,27,71,1917,1400.58
1812,2024-10-02,Primavera,C5161,Premium,Centro,Colombia,Ropa,6,109,654,405.12
1813,2025-05-26,Otoño,C1341,Premium,Sur,Perú,Electrónica,9,173,1557,969.46
1814,2025-03-19,Otoño,C4139,Económico,Centro,Chile,Electrónica,15,67,1005,563.31
1815,2024-03-06,Otoño,C8052,Premium,Sur,Colombia,Electrónica,13,184,2392,1575.54
1816,2024-09-03,Primavera,C2553,Estándar,Sur,Perú,Electrónica,15,71,1065,649.8
1817,2024-01-20,Verano,C7046,Premium,Sur,Chile,Electrónica,28,110,3080,1713.87
1818,2024-01-19,Verano,C9093,Premium,Sur,Perú,Electrónica,14,117,1638,917.71
1819,2025-04-09,Otoño,C8543,Estándar,Norte,Chile,Electrónica,16,93,1488,994.85
1820,2024-10-19,Primavera,C2681,Premium,Centro,Perú,Deportes,9,154,1386,888.47
1821,2024-12-03,Verano,C6951,Estándar,Centro,Chile,Ropa,29,62,1798,1329.18
1822,2024-06-29,Invierno,C3070,Estándar,Sur,Colombia,Hogar,11,102,1122,645.21
1823,2025-11-25,Primavera,C2322,Premium,Sur,Colombia,Electrónica,5,158,790,546.65
1824,2024-09-04,Primavera,C8745,Estándar,Centro,Perú,Deportes,9,75,675,492.57
1825,2024-05-25,Otoño,C7156,Estándar,Centro,Perú,Ropa,6,104,624,429.45
1826,2025-05-16,Otoño,C3081,Estándar,Centro,Chile,Electrónica,5,93,465,287.57
1827,2024-08-26,Invierno,C1330,Estándar,Sur,Chile,Electrónica,4,77,308,187.74
1828,2025-06-24,Invierno,C9593,Premium,Norte,Chile,Deportes,1,176,176,113.79
1829,2025-11-15,Primavera,C8454,Económico,Centro,Perú,Hogar,11,62,682,471.78
1830,2025-02-17,Verano,C5085,Económico,Sur,Colombia,Electrónica,13,51,663,423.13
1831,2024-02-10,Verano,C5266,Premium,Sur,Chile,Electrónica,20,107,2140,1374.03
1832,2025-08-17,Invierno,C1617,Premium,Sur,Perú,Deportes,9,199,1791,1259.7
1833,2024-02-27,Verano,C1627,Premium,Sur,Perú,Ropa,15,122,1830,1050.19
1834,2025-06-28,Invierno,C4293,Económico,Centro,Perú,Hogar,4,58,232,161.49
1835,2024-09-27,Primavera,C6823,Estándar,Centro,Chile,Deportes,17,90,1530,861.11
1836,2025-10-13,Primavera,C5083,Premium,Norte,Chile,Electrónica,10,175,1750,1265.78
1837,2024-01-01,Verano,C1915,Premium,Sur,Chile,Electrónica,20,125,2500,1453.91
1838,2024-08-14,Invierno,C9923,Estándar,Sur,Colombia,Hogar,4,82,328,228.35
1839,2024-06-11,Invierno,C3762,Premium,Sur,Colombia,Hogar,8,166,1328,972.16
1840,2025-11-03,Primavera,C1865,Económico,Sur,Colombia,Hogar,9,37,333,193.6
1841,2024-12-18,Verano,C9321,Estándar,Centro,Chile,Deportes,15,109,1635,1061.7
1842,2025-07-12,Invierno,C1773,Estándar,Norte,Colombia,Electrónica,7,90,630,349.98
1843,2024-11-05,Primavera,C5323,Estándar,Norte,Colombia,Electrónica,9,106,954,630.17
1844,2025-09-27,Primavera,C2639,Económico,Norte,Perú,Electrónica,11,48,528,362.35
1845,2025-01-22,Verano,C3263,Estándar,Norte,Chile,Hogar,23,59,1357,965.64
1846,2025-08-08,Invierno,C4368,Premium,Sur,Perú,Hogar,3,133,399,282.92
1847,2025-01-17,Verano,C9931,Estándar,Centro,Chile,Electrónica,27,63,1701,993.73
1848,2025-03-24,Otoño,C4800,Estándar,Norte,Colombia,Hogar,17,54,918,512.11
1849,2024-07-14,Invierno,C9878,Estándar,Norte,Perú,Ropa,4,64,256,146.21
1850,2024-08-12,Invierno,C7631,Económico,Norte,Chile,Deportes,6,59,354,216.1
1851,2025-03-01,Otoño,C9082,Premium,Norte,Perú,Hogar,13,107,1391,992.8
1852,2024-03-22,Otoño,C2600,Económico,Norte,Perú,Ropa,16,20,320,198.88
1853,2025-12-09,Verano,C7469,Estándar,Centro,Perú,Hogar,14,106,1484,935.79
1854,2024-06-30,Invierno,C7137,Estándar,Centro,Perú,Electrónica,2,92,184,122.5
1855,2025-08-31,Invierno,C1533,Estándar,Norte,Perú,Hogar,9,96,864,520.36
1856,2024-12-26,Verano,C8076,Premium,Centro,Perú,Deportes,27,145,3915,2744.86
1857,2025-02-09,Verano,C8875,Estándar,Norte,Chile,Hogar,29,101,2929,1654.61
1858,2024-09-02,Primavera,C9110,Estándar,Sur,Colombia,Deportes,14,93,1302,733.07
1859,2024-12-17,Verano,C9691,Económico,Centro,Chile,Hogar,19,65,1235,882.73
1860,2024-11-19,Primavera,C2577,Premium,Centro,Perú,Deportes,10,158,1580,1146.59
1861,2024-04-22,Otoño,C4806,Estándar,Sur,Colombia,Electrónica,7,60,420,287.1
1862,2025-04-07,Otoño,C2079,Económico,Sur,Chile,Electrónica,15,20,300,208.53
1863,2024-03-23,Otoño,C4074,Estándar,Centro,Chile,Hogar,9,115,1035,770.39
1864,2024-09-19,Primavera,C2708,Económico,Sur,Perú,Electrónica,16,44,704,476.07
1865,2024-03-07,Otoño,C8548,Estándar,Norte,Chile,Hogar,6,110,660,473.74
1866,2024-07-09,Invierno,C7953,Estándar,Norte,Perú,Deportes,4,74,296,168.41
1867,2025-05-02,Otoño,C3979,Estándar,Sur,Chile,Deportes,8,51,408,241.89
1868,2025-06-07,Invierno,C6007,Estándar,Centro,Chile,Hogar,7,118,826,613.69
1869,2025-02-14,Verano,C2560,Estándar,Norte,Perú,Hogar,18,75,1350,816.71
1870,2025-06-25,Invierno,C5626,Estándar,Sur,Colombia,Ropa,5,75,375,272.39
1871,2025-01-25,Verano,C8001,Estándar,Sur,Perú,Electrónica,12,53,636,418.66
1872,2025-04-18,Otoño,C1035,Estándar,Norte,Chile,Hogar,12,109,1308,865.38
1873,2024-07-13,Invierno,C9604,Estándar,Norte,Chile,Deportes,7,109,763,427.09
1874,2024-02-29,Verano,C9110,Premium,Norte,Perú,Electrónica,18,193,3474,2218.75
1875,2024-03-08,Otoño,C3843,Premium,Sur,Colombia,Ropa,10,175,1750,1040.05
1876,2024-10-01,Primavera,C7579,Económico,Norte,Colombia,Electrónica,16,33,528,361.97
1877,2024-10-29,Primavera,C8901,Premium,Centro,Perú,Electrónica,15,160,2400,1506.73
1878,2025-11-30,Primavera,C6590,Estándar,Centro,Chile,Electrónica,5,64,320,229.95
1879,2025-11-09,Primavera,C5800,Estándar,Norte,Chile,Hogar,17,94,1598,1160.47
1880,2024-08-09,Invierno,C1101,Estándar,Sur,Chile,Deportes,5,57,285,199.14
1881,2025-08-05,Invierno,C6610,Estándar,Norte,Perú,Electrónica,4,77,308,197.02
1882,2025-05-21,Otoño,C4069,Estándar,Centro,Perú,Ropa,5,73,365,222.21
1883,2025-04-24,Otoño,C4945,Económico,Sur,Perú,Electrónica,6,58,348,217.13
1884,2024-07-05,Invierno,C4368,Estándar,Sur,Chile,Electrónica,1,82,82,55.38
1885,2025-12-15,Verano,C7154,Económico,Centro,Chile,Deportes,14,24,336,241.82
1886,2024-12-26,Verano,C9672,Premium,Norte,Perú,Electrónica,22,134,2948,2097.29
1887,2025-03-25,Otoño,C8628,Premium,Sur,Chile,Hogar,7,165,1155,691.4
1888,2024-12-10,Verano,C9615,Económico,Norte,Colombia,Hogar,14,56,784,573.68
1889,2025-10-22,Primavera,C5261,Premium,Centro,Chile,Deportes,15,125,1875,1110.28
1890,2025-12-12,Verano,C7013,Económico,Centro,Colombia,Electrónica,13,32,416,236.75
1891,2024-02-21,Verano,C1803,Estándar,Norte,Perú,Ropa,10,106,1060,769.28
1892,2025-09-24,Primavera,C3400,Premium,Norte,Chile,Electrónica,5,186,930,614.38
1893,2025-02-24,Verano,C7484,Estándar,Norte,Perú,Electrónica,17,107,1819,1280.08
1894,2025-01-18,Verano,C5979,Económico,Centro,Chile,Ropa,29,34,986,689.07
1895,2024-11-10,Primavera,C9056,Económico,Sur,Perú,Ropa,5,50,250,153.78
1896,2024-06-08,Invierno,C8533,Estándar,Norte,Chile,Ropa,7,108,756,564.58
1897,2024-03-22,Otoño,C5768,Estándar,Centro,Chile,Hogar,12,64,768,529.38
1898,2024-02-23,Verano,C8320,Estándar,Sur,Perú,Hogar,23,79,1817,1282.09
1899,2024-02-05,Verano,C6798,Premium,Norte,Colombia,Deportes,16,152,2432,1592.1
1900,2025-05-05,Otoño,C3120,Estándar,Centro,Perú,Ropa,13,93,1209,835.15
1901,2025-08-19,Invierno,C2457,Estándar,Sur,Colombia,Electrónica,9,103,927,685.96
1902,2024-04-04,Otoño,C9687,Estándar,Norte,Colombia,Hogar,9,67,603,417.32
1903,2025-02-12,Verano,C3114,Económico,Sur,Perú,Electrónica,21,20,420,277.9
1904,2024-12-29,Verano,C4931,Económico,Centro,Colombia,Ropa,11,56,616,374.59
1905,2024-09-04,Primavera,C4461,Económico,Sur,Colombia,Electrónica,8,56,448,282.54
1906,2024-03-16,Otoño,C6657,Estándar,Centro,Chile,Hogar,12,65,780,554.93
1907,2024-03-27,Otoño,C3063,Estándar,Centro,Colombia,Hogar,16,60,960,688.28
1908,2025-05-24,Otoño,C5049,Económico,Sur,Perú,Electrónica,13,68,884,517.44
1909,2025-02-27,Verano,C6738,Económico,Centro,Colombia,Ropa,11,24,264,185.99
1910,2024-01-02,Verano,C5983,Estándar,Centro,Perú,Hogar,17,61,1037,689.25
1911,2024-03-08,Otoño,C6151,Estándar,Centro,Chile,Hogar,9,93,837,481.82
1912,2024-02-22,Verano,C9395,Estándar,Norte,Chile,Electrónica,13,64,832,466.23
1913,2024-07-18,Invierno,C2999,Premium,Centro,Perú,Ropa,7,115,805,473.33
1914,2025-08-04,Invierno,C1509,Económico,Centro,Colombia,Hogar,7,20,140,79.51
1915,2024-03-23,Otoño,C3252,Premium,Centro,Perú,Hogar,7,155,1085,639.61
1916,2025-02-01,Verano,C5914,Económico,Norte,Colombia,Deportes,13,69,897,582.76
1917,2025-01-12,Verano,C8494,Estándar,Norte,Chile,Deportes,33,95,3135,1954.58
1918,2024-09-06,Primavera,C1680,Económico,Centro,Perú,Hogar,7,27,189,107.08
1919,2025-11-06,Primavera,C1582,Estándar,Sur,Perú,Ropa,5,93,465,269.14
1920,2025-02-27,Verano,C6490,Estándar,Norte,Perú,Electrónica,20,94,1880,1115.84
1921,2025-10-02,Primavera,C9596,Estándar,Sur,Chile,Electrónica,5,75,375,243.97
1922,2025-03-08,Otoño,C2068,Estándar,Sur,Perú,Electrónica,14,117,1638,1193.12
1923,2024-01-25,Verano,C1657,Estándar,Norte,Perú,Hogar,18,75,1350,928.35
1924,2024-07-13,Invierno,C5379,Premium,Sur,Colombia,Hogar,9,124,1116,639.28
1925,2025-08-26,Invierno,C3490,Estándar,Centro,Perú,Electrónica,8,93,744,463.48
1926,2025-03-18,Otoño,C9735,Estándar,Sur,Chile,Electrónica,16,100,1600,1191.99
1927,2024-06-27,Invierno,C2187,Estándar,Centro,Chile,Ropa,3,85,255,188.96
1928,2024-12-06,Verano,C3215,Económico,Sur,Chile,Electrónica,12,64,768,471.85
1929,2024-10-28,Primavera,C1720,Estándar,Centro,Chile,Deportes,12,54,648,440.65
1930,2024-07-29,Invierno,C5633,Premium,Centro,Chile,Electrónica,6,110,660,395.61
1931,2024-07-05,Invierno,C5455,Premium,Centro,Chile,Deportes,4,162,648,396.08
1932,2025-10-01,Primavera,C5048,Económico,Norte,Perú,Hogar,9,34,306,211.16
1933,2024-05-28,Otoño,C9373,Estándar,Centro,Perú,Electrónica,17,104,1768,1021.89
1934,2024-07-13,Invierno,C4742,Estándar,Centro,Perú,Electrónica,2,93,186,103.22
1935,2025-08-18,Invierno,C2435,Económico,Norte,Chile,Electrónica,7,45,315,215.89
1936,2025-07-31,Invierno,C6122,Estándar,Sur,Chile,Hogar,2,102,204,125.14
1937,2024-05-29,Otoño,C4467,Estándar,Norte,Perú,Hogar,16,100,1600,904.66
1938,2025-07-20,Invierno,C2015,Estándar,Norte,Colombia,Deportes,11,55,605,340.27
1939,2025-12-26,Verano,C7827,Estándar,Sur,Perú,Hogar,17,67,1139,668.09
1940,2024-04-19,Otoño,C1672,Estándar,Sur,Colombia,Electrónica,8,110,880,619.68
1941,2024-05-29,Otoño,C3794,Económico,Norte,Chile,Deportes,9,38,342,236.64
1942,2025-02-23,Verano,C9334,Económico,Centro,Colombia,Electrónica,16,52,832,496.23
1943,2025-04-04,Otoño,C9343,Estándar,Norte,Perú,Hogar,15,71,1065,601.39
1944,2025-03-26,Otoño,C1062,Estándar,Sur,Perú,Ropa,9,63,567,399.86
1945,2025-05-02,Otoño,C9757,Estándar,Norte,Colombia,Hogar,16,84,1344,840.21
1946,2024-02-10,Verano,C7648,Estándar,Centro,Perú,Deportes,24,51,1224,904.73
1947,2024-07-26,Invierno,C3193,Premium,Norte,Perú,Deportes,9,129,1161,854.47
1948,2024-06-27,Invierno,C6529,Estándar,Sur,Perú,Ropa,2,93,186,136.38
1949,2025-02-11,Verano,C6191,Estándar,Norte,Perú,Electrónica,11,55,605,366.12
1950,2025-05-14,Otoño,C5288,Estándar,Norte,Chile,Ropa,8,110,880,658.01
1951,2025-02-20,Verano,C5932,Estándar,Norte,Chile,Electrónica,12,54,648,440.04
1952,2025-05-09,Otoño,C8800,Estándar,Sur,Chile,Electrónica,14,53,742,440.15
1953,2025-04-28,Otoño,C9086,Estándar,Centro,Chile,Deportes,16,66,1056,693.14
1954,2024-12-26,Verano,C9589,Estándar,Centro,Perú,Electrónica,12,74,888,598.36
1955,2024-07-05,Invierno,C4878,Estándar,Centro,Colombia,Ropa,7,118,826,572.21
1956,2025-12-12,Verano,C8796,Económico,Sur,Perú,Hogar,10,48,480,344.63
1957,2025-02-16,Verano,C8291,Estándar,Norte,Colombia,Ropa,12,99,1188,826.81
1958,2024-06-30,Invierno,C2737,Estándar,Norte,Chile,Ropa,1,56,56,33.94
1959,2025-08-01,Invierno,C7713,Económico,Centro,Perú,Hogar,5,28,140,89.17
1960,2025-07-01,Invierno,C7813,Estándar,Norte,Perú,Hogar,4,72,288,198.07
1961,2024-08-07,Invierno,C7700,Económico,Sur,Chile,Deportes,4,31,124,68.64
1962,2025-05-15,Otoño,C7407,Económico,Norte,Colombia,Electrónica,17,65,1105,701.8
1963,2025-07-23,Invierno,C7367,Premium,Norte,Perú,Deportes,6,186,1116,628.43
1964,2025-12-02,Verano,C5327,Premium,Sur,Perú,Deportes,27,157,4239,2773.84
1965,2025-02-02,Verano,C2491,Premium,Centro,Chile,Ropa,28,161,4508,2777.88
1966,2025-08-20,Invierno,C4420,Estándar,Norte,Perú,Ropa,2,54,108,78.02
1967,2024-08-19,Invierno,C2429,Económico,Norte,Chile,Ropa,7,49,343,194.43
1968,2024-01-09,Verano,C1030,Estándar,Centro,Colombia,Deportes,18,52,936,622.79
1969,2025-02-23,Verano,C6575,Económico,Norte,Chile,Ropa,29,29,841,480.23
1970,2025-02-12,Verano,C7233,Estándar,Norte,Colombia,Electrónica,17,77,1309,762.21
1971,2024-07-07,Invierno,C1640,Económico,Centro,Perú,Hogar,3,27,81,51.71
1972,2024-01-22,Verano,C5471,Estándar,Sur,Colombia,Hogar,18,101,1818,1204.65
1973,2024-04-13,Otoño,C9725,Estándar,Norte,Colombia,Electrónica,7,56,392,220.54
1974,2025-06-30,Invierno,C4071,Estándar,Centro,Perú,Ropa,3,112,336,223.58
1975,2024-12-06,Verano,C2234,Premium,Norte,Perú,Deportes,20,156,3120,2025.5
1976,2024-10-19,Primavera,C6476,Estándar,Centro,Colombia,Ropa,12,89,1068,788.14
1977,2025-04-16,Otoño,C4115,Estándar,Norte,Chile,Deportes,17,98,1666,1062.54
1978,2024-01-03,Verano,C6452,Premium,Sur,Colombia,Ropa,11,111,1221,774.74
1979,2024-11-25,Primavera,C7830,Estándar,Centro,Perú,Hogar,17,65,1105,718.52
1980,2025-11-19,Primavera,C4909,Estándar,Sur,Chile,Deportes,13,70,910,638.35
1981,2024-04-28,Otoño,C2611,Premium,Sur,Colombia,Hogar,8,160,1280,877.02
1982,2025-04-05,Otoño,C2405,Premium,Norte,Perú,Deportes,10,151,1510,1053.14
1983,2024-12-09,Verano,C4353,Económico,Sur,Colombia,Deportes,22,68,1496,895.36
1984,2025-12-10,Verano,C7233,Económico,Sur,Chile,Electrónica,21,45,945,609.77
1985,2024-03-25,Otoño,C4712,Económico,Centro,Chile,Ropa,13,32,416,267.17
1986,2025-12-21,Verano,C7860,Estándar,Sur,Perú,Electrónica,14,82,1148,651.8
1987,2024-07-06,Invierno,C3573,Premium,Centro,Colombia,Deportes,10,141,1410,979.57
1988,2024-10-20,Primavera,C3566,Estándar,Norte,Colombia,Ropa,5,87,435,320.88
1989,2024-04-29,Otoño,C9584,Premium,Sur,Perú,Electrónica,16,183,2928,2081.82
1990,2024-04-02,Otoño,C8771,Económico,Centro,Colombia,Ropa,10,25,250,184.28
1991,2025-06-18,Invierno,C9896,Estándar,Sur,Colombia,Deportes,5,113,565,360.46
1992,2024-04-28,Otoño,C5028,Estándar,Sur,Colombia,Ropa,11,66,726,448.2
1993,2024-06-09,Invierno,C9444,Estándar,Centro,Perú,Electrónica,8,58,464,342.59
1994,2024-01-14,Verano,C6634,Estándar,Norte,Colombia,Electrónica,14,63,882,543.99
1995,2025-12-05,Verano,C2961,Estándar,Centro,Chile,Ropa,20,60,1200,874.6
1996,2024-12-31,Verano,C8082,Estándar,Norte,Chile,Hogar,27,88,2376,1619.4
1997,2025-03-20,Otoño,C5992,Económico,Sur,Perú,Deportes,7,23,161,90.44
1998,2025-04-28,Otoño,C7402,Económico,Sur,Perú,Ropa,15,38,570,331.14
1999,2025-10-03,Primavera,C2214,Estándar,Sur,Perú,Hogar,15,54,810,483.19
2000,2025-01-15,Verano,C9406,Premium,Centro,Colombia,Ropa,8,144,1152,841.72
2001,2025-09-01,Primavera,C6643,Premium,Centro,Perú,Hogar,5,129,645,407.05
2002,2024-06-20,Invierno,C9809,Económico,Sur,Chile,Deportes,4,69,276,202.98
2003,2025-08-18,Invierno,C8643,Económico,Norte,Colombia,Deportes,4,34,136,91.34
2004,2025-05-05,Otoño,C1194,Estándar,Centro,Perú,Hogar,11,68,748,457.69
2005,2025-12-24,Verano,C5310,Económico,Norte,Colombia,Ropa,18,24,432,273.75
2006,2024-05-14,Otoño,C7394,Estándar,Norte,Perú,Hogar,11,88,968,601.48
2007,2025-08-14,Invierno,C4110,Económico,Norte,Colombia,Hogar,9,47,423,238.87
2008,2025-07-28,Invierno,C1963,Estándar,Sur,Chile,Hogar,4,117,468,310.04
2009,2024-11-15,Primavera,C2081,Premium,Sur,Perú,Hogar,5,106,530,333.46
2010,2025-06-18,Invierno,C1202,Estándar,Sur,Colombia,Hogar,5,111,555,357.55
2011,2025-03-10,Otoño,C3196,Económico,Sur,Perú,Deportes,8,63,504,335.22
2012,2024-07-14,Invierno,C3117,Estándar,Norte,Chile,Ropa,4,61,244,177.08
2013,2025-11-23,Primavera,C5491,Económico,Norte,Chile,Electrónica,8,67,536,313.35
2014,2024-06-22,Invierno,C5473,Estándar,Sur,Chile,Deportes,2,50,100,69.12
2015,2025-03-09,Otoño,C3146,Premium,Norte,Colombia,Hogar,17,136,2312,1273.07
2016,2025-09-01,Primavera,C3149,Premium,Centro,Colombia,Electrónica,7,119,833,459.81
2017,2024-06-28,Invierno,C7236,Estándar,Centro,Colombia,Deportes,10,94,940,578.51
2018,2024-11-07,Primavera,C1829,Estándar,Sur,Colombia,Deportes,12,76,912,573.55
2019,2024-10-22,Primavera,C3823,Estándar,Norte,Chile,Ropa,6,66,396,232.61
2020,2025-11-09,Primavera,C2854,Económico,Sur,Chile,Deportes,15,54,810,561.39
2021,2025-08-17,Invierno,C5124,Estándar,Sur,Chile,Deportes,1,87,87,53.95
2022,2025-07-18,Invierno,C2816,Premium,Sur,Chile,Electrónica,4,104,416,271.7
2023,2025-06-11,Invierno,C5326,Premium,Sur,Perú,Hogar,6,143,858,498.16
2024,2025-10-14,Primavera,C7968,Estándar,Sur,Perú,Electrónica,7,112,784,565.66
2025,2024-01-04,Verano,C2251,Estándar,Norte,Perú,Electrónica,14,70,980,666.77
2026,2024-07-31,Invierno,C3914,Estándar,Sur,Chile,Ropa,1,82,82,46.8
2027,2025-03-23,Otoño,C2355,Económico,Sur,Chile,Electrónica,7,34,238,136.54
2028,2024-06-27,Invierno,C9037,Premium,Sur,Perú,Electrónica,5,115,575,323.15
2029,2025-12-05,Verano,C4362,Premium,Centro,Chile,Ropa,28,125,3500,2589.05
2030,2024-03-05,Otoño,C8522,Estándar,Norte,Chile,Hogar,5,97,485,361.22
2031,2024-12-07,Verano,C7001,Económico,Norte,Colombia,Deportes,10,20,200,116.88
2032,2025-01-31,Verano,C6782,Premium,Sur,Perú,Hogar,17,127,2159,1383.69
2033,2024-06-21,Invierno,C3551,Estándar,Sur,Perú,Deportes,7,104,728,405.15
2034,2024-07-08,Invierno,C7488,Estándar,Sur,Perú,Deportes,9,94,846,474.64
2035,2025-02-20,Verano,C7506,Estándar,Norte,Colombia,Ropa,19,113,2147,1442.8
2036,2025-03-03,Otoño,C6362,Estándar,Centro,Perú,Deportes,11,109,1199,855.52
2037,2024-05-31,Otoño,C7981,Económico,Norte,Colombia,Electrónica,11,43,473,270.88
2038,2024-05-19,Otoño,C3156,Premium,Centro,Chile,Deportes,6,191,1146,727.15
2039,2025-10-30,Primavera,C1262,Estándar,Norte,Perú,Deportes,8,78,624,420.67
2040,2025-07-29,Invierno,C9364,Estándar,Norte,Chile,Electrónica,6,66,396,261.57
2041,2024-01-21,Verano,C8151,Económico,Norte,Perú,Hogar,13,56,728,485.67
2042,2025-03-18,Otoño,C4548,Económico,Sur,Colombia,Electrónica,15,20,300,221.31
2043,2024-09-01,Primavera,C8459,Económico,Norte,Perú,Deportes,17,53,901,557.02
2044,2024-06-13,Invierno,C2116,Premium,Norte,Perú,Deportes,4,192,768,520.99
2045,2024-11-19,Primavera,C9063,Económico,Norte,Perú,Electrónica,7,29,203,150.36
2046,2024-11-18,Primavera,C7275,Económico,Norte,Colombia,Ropa,13,58,754,517.95
2047,2025-04-16,Otoño,C6871,Estándar,Norte,Colombia,Deportes,10,119,1190,858.11
2048,2024-11-17,Primavera,C4672,Estándar,Norte,Perú,Deportes,15,87,1305,948.66
2049,2025-01-11,Verano,C4648,Premium,Norte,Chile,Electrónica,14,179,2506,1475.93
2050,2024-03-20,Otoño,C1115,Económico,Centro,Perú,Ropa,17,50,850,600.91
2051,2025-06-23,Invierno,C6430,Estándar,Norte,Chile,Deportes,2,106,212,158.32
2052,2025-12-23,Verano,C4078,Premium,Norte,Perú,Electrónica,23,100,2300,1677.1
2053,2025-04-16,Otoño,C4831,Premium,Centro,Chile,Electrónica,10,176,1760,1167.14
2054,2024-01-25,Verano,C2192,Estándar,Sur,Chile,Electrónica,18,112,2016,1367.13
2055,2024-07-12,Invierno,C9194,Estándar,Sur,Chile,Hogar,4,91,364,268.44
2056,2024-06-20,Invierno,C5442,Estándar,Sur,Colombia,Hogar,9,97,873,488.62
2057,2025-07-01,Invierno,C1280,Estándar,Sur,Chile,Ropa,2,102,204,116.03
2058,2025-04-09,Otoño,C4077,Económico,Norte,Perú,Electrónica,15,37,555,403.88
2059,2025-11-02,Primavera,C2049,Estándar,Sur,Perú,Hogar,11,115,1265,886.26
2060,2025-10-07,Primavera,C3327,Estándar,Sur,Chile,Electrónica,13,85,1105,768.92
2061,2025-07-27,Invierno,C1917,Estándar,Centro,Perú,Electrónica,2,104,208,136.67
2062,2024-04-01,Otoño,C1181,Estándar,Norte,Chile,Hogar,11,109,1199,742.97
2063,2025-10-29,Primavera,C6842,Premium,Centro,Perú,Electrónica,9,162,1458,1060.52
2064,2024-09-24,Primavera,C9145,Premium,Centro,Chile,Hogar,13,154,2002,1166.37
2065,2025-08-13,Invierno,C5930,Estándar,Centro,Colombia,Deportes,5,106,530,367.89
2066,2025-11-24,Primavera,C8525,Estándar,Sur,Chile,Electrónica,16,108,1728,1259.88
2067,2024-11-11,Primavera,C4543,Estándar,Centro,Colombia,Hogar,7,76,532,306.99
2068,2024-09-28,Primavera,C5122,Premium,Sur,Colombia,Ropa,5,101,505,354.14
2069,2025-03-24,Otoño,C7279,Económico,Norte,Chile,Deportes,13,29,377,231.55
2070,2024-11-12,Primavera,C4594,Económico,Centro,Perú,Deportes,10,57,570,356.17
2071,2024-04-27,Otoño,C6499,Económico,Sur,Perú,Ropa,15,59,885,589.17
2072,2025-10-27,Primavera,C6161,Estándar,Centro,Chile,Deportes,8,61,488,337.74
2073,2025-08-29,Invierno,C3872,Estándar,Sur,Colombia,Deportes,9,112,1008,557.64
2074,2025-10-18,Primavera,C3226,Premium,Sur,Colombia,Deportes,10,133,1330,916.55
2075,2024-07-22,Invierno,C2790,Estándar,Norte,Perú,Ropa,4,115,460,331.43
2076,2025-12-05,Verano,C5264,Estándar,Norte,Chile,Ropa,24,65,1560,1087.74
2077,2024-06-28,Invierno,C1492,Estándar,Norte,Colombia,Deportes,11,88,968,589.98
2078,2024-01-31,Verano,C7157,Estándar,Norte,Colombia,Hogar,12,62,744,496.94
2079,2024-07-22,Invierno,C1645,Estándar,Norte,Colombia,Deportes,4,89,356,196.58
2080,2024-08-08,Invierno,C9901,Premium,Centro,Colombia,Hogar,8,189,1512,1103.89
2081,2024-06-17,Invierno,C9076,Estándar,Centro,Perú,Ropa,9,76,684,471.77
2082,2024-12-09,Verano,C6178,Estándar,Sur,Chile,Electrónica,12,56,672,400.41
2083,2024-10-25,Primavera,C8039,Premium,Centro,Chile,Electrónica,16,133,2128,1327.67
2084,2024-02-22,Verano,C1652,Estándar,Norte,Colombia,Ropa,10,94,940,557.19
2085,2024-04-09,Otoño,C8356,Estándar,Centro,Perú,Deportes,6,114,684,468.97
2086,2025-09-19,Primavera,C5445,Premium,Sur,Perú,Hogar,12,174,2088,1464.7
2087,2025-04-15,Otoño,C5412,Económico,Norte,Perú,Hogar,9,61,549,364.49
2088,2024-07-06,Invierno,C9563,Económico,Centro,Colombia,Ropa,4,67,268,173.68
2089,2024-01-21,Verano,C2374,Estándar,Centro,Perú,Ropa,21,60,1260,769.89
2090,2025-09-20,Primavera,C6758,Estándar,Centro,Perú,Deportes,5,119,595,385.87
2091,2025-06-21,Invierno,C5493,Estándar,Norte,Chile,Deportes,7,105,735,461.61
2092,2025-03-11,Otoño,C5498,Estándar,Sur,Perú,Hogar,8,110,880,493.74
2093,2024-12-31,Verano,C2635,Estándar,Sur,Chile,Hogar,28,52,1456,1086.01
2094,2025-04-01,Otoño,C4230,Estándar,Centro,Colombia,Hogar,9,85,765,551.36
2095,2025-09-29,Primavera,C8255,Estándar,Centro,Colombia,Ropa,16,102,1632,913.23
2096,2025-07-16,Invierno,C4311,Económico,Centro,Perú,Hogar,7,26,182,104.9
2097,2025-08-12,Invierno,C2821,Estándar,Norte,Chile,Electrónica,7,98,686,433.12
2098,2025-03-09,Otoño,C4554,Estándar,Norte,Colombia,Hogar,11,79,869,650.98
2099,2024-05-27,Otoño,C5037,Premium,Sur,Colombia,Ropa,17,126,2142,1326.96
2100,2025-07-13,Invierno,C2204,Estándar,Centro,Perú,Deportes,8,93,744,436.94
2101,2025-02-02,Verano,C8963,Económico,Centro,Perú,Hogar,10,65,650,459.02
2102,2024-09-17,Primavera,C9077,Estándar,Norte,Perú,Hogar,7,78,546,315.05
2103,2025-11-30,Primavera,C1786,Premium,Sur,Colombia,Electrónica,7,180,1260,748.35
2104,2024-05-25,Otoño,C5456,Premium,Sur,Chile,Deportes,13,198,2574,1677.74
2105,2024-12-15,Verano,C9804,Premium,Centro,Perú,Ropa,19,172,3268,2296.41
2106,2024-03-04,Otoño,C1632,Estándar,Norte,Chile,Hogar,12,97,1164,829.09
2107,2024-06-30,Invierno,C7096,Económico,Norte,Chile,Hogar,7,29,203,145.18
2108,2024-01-13,Verano,C7967,Estándar,Norte,Colombia,Electrónica,18,97,1746,1172.72
2109,2024-07-22,Invierno,C4210,Estándar,Centro,Colombia,Ropa,11,67,737,537.7
2110,2025-02-18,Verano,C4213,Estándar,Centro,Colombia,Hogar,13,71,923,516.53
2111,2025-06-24,Invierno,C9857,Estándar,Sur,Chile,Deportes,2,89,178,117.74
2112,2025-04-04,Otoño,C9695,Económico,Norte,Colombia,Deportes,7,56,392,275.9
2113,2025-11-23,Primavera,C5827,Económico,Sur,Perú,Ropa,8,51,408,300.93
2114,2024-11-01,Primavera,C7592,Premium,Centro,Colombia,Hogar,12,116,1392,896.87
2115,2024-11-14,Primavera,C3976,Premium,Centro,Chile,Ropa,6,179,1074,762.55
2116,2025-10-31,Primavera,C6193,Económico,Sur,Chile,Ropa,14,52,728,429.66
2117,2024-05-02,Otoño,C9852,Estándar,Norte,Perú,Electrónica,14,89,1246,690.43
2118,2025-12-19,Verano,C2452,Estándar,Centro,Colombia,Hogar,11,94,1034,644.78
2119,2025-02-03,Verano,C9943,Económico,Centro,Chile,Hogar,24,42,1008,741.28
2120,2024-09-27,Primavera,C8187,Económico,Centro,Chile,Hogar,7,20,140,94.74
2121,2025-01-14,Verano,C8357,Premium,Sur,Colombia,Electrónica,18,139,2502,1746.82
2122,2025-08-05,Invierno,C7289,Estándar,Centro,Colombia,Deportes,6,101,606,408.53
2123,2025-12-08,Verano,C6701,Económico,Centro,Perú,Ropa,13,65,845,534.98
2124,2025-06-05,Invierno,C8289,Económico,Sur,Perú,Electrónica,8,64,512,307.1
2125,2025-11-22,Primavera,C9078,Estándar,Sur,Chile,Ropa,17,101,1717,1038.49
2126,2024-01-26,Verano,C7017,Estándar,Sur,Colombia,Deportes,20,64,1280,790.21
2127,2025-07-05,Invierno,C8194,Económico,Norte,Perú,Electrónica,7,56,392,242.15
2128,2024-05-28,Otoño,C8728,Premium,Sur,Colombia,Hogar,14,195,2730,1709.91
2129,2024-04-13,Otoño,C9887,Estándar,Norte,Colombia,Hogar,7,113,791,548.54
2130,2024-09-17,Primavera,C5010,Económico,Norte,Perú,Deportes,12,42,504,309.15
2131,2025-04-17,Otoño,C8813,Premium,Norte,Chile,Hogar,11,144,1584,911.3
2132,2024-10-28,Primavera,C8098,Estándar,Centro,Chile,Deportes,14,60,840,584.12
2133,2025-12-02,Verano,C5189,Premium,Centro,Colombia,Ropa,14,132,1848,1317.22
2134,2025-09-17,Primavera,C7060,Estándar,Centro,Colombia,Deportes,16,61,976,724.23
2135,2025-12-27,Verano,C2841,Premium,Centro,Chile,Deportes,19,113,2147,1301.33
2136,2025-07-02,Invierno,C9230,Premium,Centro,Perú,Electrónica,8,193,1544,1065.8
2137,2024-06-28,Invierno,C4904,Económico,Sur,Colombia,Hogar,4,39,156,113.33
2138,2024-05-30,Otoño,C5506,Estándar,Centro,Chile,Hogar,17,101,1717,1103.96
2139,2024-12-25,Verano,C5001,Estándar,Norte,Perú,Hogar,12,55,660,364.55
2140,2024-04-26,Otoño,C4634,Premium,Sur,Perú,Deportes,10,137,1370,945.52
2141,2024-11-13,Primavera,C8690,Estándar,Centro,Perú,Hogar,8,75,600,367.94
2142,2024-04-26,Otoño,C5599,Económico,Centro,Chile,Hogar,16,54,864,496.8
2143,2025-07-16,Invierno,C9208,Estándar,Centro,Perú,Deportes,5,98,490,314.9
2144,2024-03-24,Otoño,C3864,Económico,Sur,Colombia,Ropa,10,67,670,502.01
2145,2025-03-12,Otoño,C7858,Premium,Sur,Colombia,Hogar,9,160,1440,1078.71
2146,2024-02-16,Verano,C2033,Estándar,Norte,Colombia,Hogar,19,54,1026,753.01
2147,2024-07-11,Invierno,C8849,Premium,Norte,Perú,Hogar,3,136,408,290.71
2148,2024-02-01,Verano,C6474,Estándar,Centro,Chile,Electrónica,15,91,1365,796.19
2149,2024-02-29,Verano,C3353,Premium,Sur,Perú,Deportes,18,126,2268,1277.17
2150,2024-01-03,Verano,C2662,Estándar,Sur,Chile,Ropa,25,117,2925,2116.32
2151,2025-01-09,Verano,C8767,Estándar,Sur,Perú,Ropa,20,100,2000,1334.1
2152,2025-08-17,Invierno,C5136,Estándar,Sur,Perú,Electrónica,4,75,300,211.89
2153,2025-05-01,Otoño,C7725,Estándar,Sur,Perú,Electrónica,8,95,760,458.41
2154,2024-09-11,Primavera,C2321,Premium,Sur,Chile,Ropa,15,198,2970,1709.38
2155,2024-01-15,Verano,C4530,Estándar,Sur,Perú,Ropa,18,117,2106,1196.2
2156,2025-01-05,Verano,C7376,Premium,Sur,Chile,Electrónica,27,117,3159,2227.34
2157,2024-09-24,Primavera,C3993,Estándar,Norte,Perú,Hogar,13,62,806,558.07
2158,2024-04-06,Otoño,C9426,Estándar,Sur,Perú,Deportes,9,62,558,398.85
2159,2024-12-15,Verano,C4757,Premium,Centro,Chile,Ropa,22,126,2772,2023.81
2160,2025-12-19,Verano,C6296,Premium,Norte,Perú,Deportes,22,169,3718,2576.56
2161,2025-05-03,Otoño,C8410,Estándar,Sur,Perú,Deportes,16,63,1008,748.9
2162,2025-12-09,Verano,C3591,Estándar,Sur,Perú,Deportes,19,91,1729,1228.95
2163,2025-09-24,Primavera,C6046,Económico,Norte,Chile,Hogar,5,64,320,225.1
2164,2024-10-18,Primavera,C4380,Económico,Centro,Perú,Ropa,6,39,234,165.89
2165,2024-06-15,Invierno,C5292,Estándar,Sur,Perú,Hogar,4,88,352,245.93
2166,2025-09-14,Primavera,C4184,Económico,Centro,Chile,Ropa,13,64,832,620.11
2167,2025-11-07,Primavera,C4454,Económico,Norte,Perú,Ropa,14,66,924,512.77
2168,2024-12-31,Verano,C7558,Premium,Sur,Perú,Hogar,18,168,3024,2200.81
2169,2024-12-30,Verano,C5775,Estándar,Sur,Chile,Hogar,20,118,2360,1754.6
2170,2024-06-24,Invierno,C3008,Premium,Centro,Perú,Hogar,2,190,380,265.38
2171,2025-01-31,Verano,C2580,Estándar,Centro,Chile,Electrónica,12,91,1092,667.36
2172,2025-09-19,Primavera,C1935,Económico,Sur,Perú,Deportes,12,33,396,232.99
2173,2024-04-28,Otoño,C9867,Estándar,Centro,Colombia,Deportes,7,101,707,454.27
2174,2024-06-09,Invierno,C9225,Estándar,Norte,Colombia,Hogar,6,75,450,253.1
2175,2024-05-27,Otoño,C8922,Premium,Sur,Perú,Electrónica,14,103,1442,851.1
2176,2024-04-18,Otoño,C3888,Estándar,Centro,Perú,Ropa,15,102,1530,1008.66
2177,2025-03-09,Otoño,C1744,Económico,Norte,Perú,Electrónica,6,23,138,97.44
2178,2025-09-22,Primavera,C6210,Económico,Centro,Perú,Deportes,13,23,299,174.31
2179,2024-09-15,Primavera,C5640,Premium,Norte,Perú,Hogar,15,103,1545,904.28
2180,2024-02-11,Verano,C1985,Estándar,Centro,Perú,Deportes,12,115,1380,973.96
2181,2024-11-13,Primavera,C9495,Estándar,Sur,Chile,Hogar,16,70,1120,666.14
2182,2025-01-25,Verano,C9551,Estándar,Centro,Chile,Ropa,23,93,2139,1343.02
2183,2024-01-14,Verano,C3697,Estándar,Sur,Colombia,Deportes,9,67,603,360.79
2184,2025-11-15,Primavera,C3479,Económico,Sur,Perú,Electrónica,16,69,1104,726.47
2185,2024-08-04,Invierno,C6294,Premium,Centro,Chile,Electrónica,1,194,194,141.5
2186,2025-05-16,Otoño,C5835,Premium,Norte,Colombia,Deportes,15,158,2370,1424.16
2187,2024-06-19,Invierno,C1832,Estándar,Centro,Chile,Deportes,1,60,60,33.5
2188,2025-08-27,Invierno,C7012,Premium,Sur,Chile,Hogar,4,188,752,451.62
2189,2024-11-06,Primavera,C8400,Económico,Centro,Colombia,Hogar,15,55,825,478.36
2190,2025-03-28,Otoño,C9883,Estándar,Norte,Perú,Hogar,12,87,1044,774.5
2191,2024-07-13,Invierno,C7082,Estándar,Norte,Chile,Ropa,5,61,305,206.68
2192,2024-01-15,Verano,C3039,Premium,Centro,Chile,Ropa,23,145,3335,1838.59
2193,2024-12-13,Verano,C6049,Premium,Norte,Chile,Ropa,20,162,3240,2395.89
2194,2024-01-02,Verano,C5313,Estándar,Norte,Colombia,Deportes,12,110,1320,906.34
2195,2024-03-02,Otoño,C7468,Premium,Norte,Colombia,Hogar,16,173,2768,2021.42
2196,2025-05-17,Otoño,C1422,Estándar,Centro,Chile,Ropa,5,85,425,306.08
2197,2024-05-17,Otoño,C8634,Económico,Sur,Chile,Ropa,5,20,100,60.33
2198,2025-08-19,Invierno,C7274,Premium,Sur,Perú,Deportes,6,187,1122,747.16
2199,2024-12-20,Verano,C4766,Estándar,Sur,Colombia,Electrónica,18,83,1494,921.07
2200,2025-08-20,Invierno,C3454,Estándar,Sur,Colombia,Ropa,4,100,400,268.74
2201,2025-06-14,Invierno,C7628,Estándar,Norte,Colombia,Hogar,11,93,1023,616.17
2202,2024-01-18,Verano,C4200,Económico,Centro,Perú,Electrónica,10,50,500,307.98
2203,2025-06-23,Invierno,C9909,Estándar,Centro,Chile,Electrónica,6,81,486,287.86
2204,2025-04-05,Otoño,C5261,Estándar,Centro,Colombia,Electrónica,17,91,1547,1125.64
2205,2025-05-06,Otoño,C1013,Económico,Norte,Chile,Hogar,11,20,220,164.74
2206,2024-11-23,Primavera,C4671,Premium,Norte,Chile,Deportes,12,170,2040,1360.43
2207,2024-07-22,Invierno,C5520,Estándar,Norte,Perú,Deportes,7,68,476,315.92
2208,2025-01-22,Verano,C2961,Estándar,Centro,Chile,Electrónica,16,100,1600,1145.25
2209,2024-05-23,Otoño,C3847,Estándar,Sur,Colombia,Hogar,10,62,620,434.93
2210,2024-01-09,Verano,C5625,Estándar,Sur,Perú,Electrónica,14,64,896,661.86
2211,2025-03-22,Otoño,C6824,Premium,Centro,Chile,Ropa,15,121,1815,1231.87
2212,2024-04-01,Otoño,C3213,Estándar,Centro,Perú,Electrónica,16,86,1376,908.14
2213,2024-06-07,Invierno,C7451,Estándar,Sur,Chile,Ropa,2,56,112,70.75
2214,2025-10-23,Primavera,C5112,Económico,Norte,Chile,Electrónica,13,62,806,565.97
2215,2024-10-05,Primavera,C4224,Premium,Centro,Perú,Ropa,14,164,2296,1421.21
2216,2024-07-18,Invierno,C7523,Premium,Norte,Perú,Hogar,4,195,780,553.46
2217,2024-05-13,Otoño,C2361,Premium,Centro,Perú,Electrónica,16,107,1712,1074.01
2218,2024-06-01,Invierno,C6371,Económico,Sur,Chile,Electrónica,3,58,174,105.99
2219,2025-09-07,Primavera,C4774,Estándar,Sur,Perú,Deportes,5,108,540,310.08
2220,2025-11-06,Primavera,C2117,Premium,Centro,Colombia,Deportes,10,156,1560,867.43
2221,2024-06-16,Invierno,C9715,Premium,Centro,Chile,Electrónica,4,114,456,278.45
2222,2025-09-10,Primavera,C8980,Estándar,Centro,Colombia,Hogar,5,50,250,153.04
2223,2025-09-25,Primavera,C8683,Estándar,Norte,Colombia,Deportes,14,70,980,701.57
2224,2025-08-24,Invierno,C4944,Premium,Sur,Colombia,Hogar,10,111,1110,751.89
2225,2024-03-22,Otoño,C8950,Estándar,Norte,Chile,Ropa,15,83,1245,821.35
2226,2025-12-30,Verano,C3180,Estándar,Sur,Perú,Hogar,15,112,1680,1073.03
2227,2024-01-13,Verano,C7696,Económico,Centro,Perú,Electrónica,20,36,720,448.58
2228,2024-07-31,Invierno,C3444,Estándar,Sur,Perú,Ropa,3,113,339,240.77
2229,2025-05-13,Otoño,C7621,Estándar,Sur,Perú,Deportes,5,56,280,204.8
2230,2025-08-29,Invierno,C8680,Estándar,Norte,Chile,Deportes,6,67,402,254.38
2231,2025-12-31,Verano,C7801,Económico,Norte,Perú,Ropa,18,26,468,340.85
2232,2024-04-08,Otoño,C6477,Premium,Norte,Chile,Ropa,7,173,1211,808.3
2233,2025-12-27,Verano,C2496,Premium,Centro,Perú,Hogar,11,116,1276,719.11
2234,2025-04-24,Otoño,C5474,Estándar,Sur,Perú,Deportes,17,65,1105,785.35
2235,2024-04-16,Otoño,C4824,Estándar,Norte,Colombia,Hogar,13,99,1287,939.86
2236,2025-10-06,Primavera,C9504,Económico,Centro,Chile,Deportes,17,26,442,290.81
2237,2025-02-19,Verano,C2138,Estándar,Norte,Colombia,Ropa,9,63,567,385.37
2238,2024-01-18,Verano,C9009,Estándar,Centro,Perú,Deportes,28,89,2492,1387.43
2239,2024-06-07,Invierno,C1316,Estándar,Centro,Colombia,Ropa,4,95,380,260.28
2240,2025-05-07,Otoño,C1589,Premium,Centro,Chile,Hogar,16,161,2576,1716.01
2241,2025-05-15,Otoño,C6589,Económico,Centro,Perú,Electrónica,8,50,400,278.18
2242,2024-03-03,Otoño,C9286,Económico,Centro,Colombia,Hogar,8,21,168,113.5
2243,2024-12-14,Verano,C3842,Premium,Sur,Colombia,Ropa,15,135,2025,1330.06
2244,2025-01-27,Verano,C6327,Económico,Centro,Colombia,Ropa,13,60,780,433.39
2245,2024-04-13,Otoño,C1861,Premium,Sur,Perú,Deportes,11,196,2156,1198.97
2246,2025-10-22,Primavera,C8749,Premium,Centro,Chile,Electrónica,13,106,1378,916.61
2247,2024-11-15,Primavera,C9250,Económico,Norte,Colombia,Deportes,10,48,480,293.47
2248,2025-01-06,Verano,C4930,Premium,Norte,Perú,Hogar,11,130,1430,912.76
2249,2025-07-06,Invierno,C4528,Estándar,Sur,Chile,Hogar,3,70,210,121.6
2250,2025-07-23,Invierno,C8346,Económico,Centro,Chile,Electrónica,2,62,124,75.14
2251,2024-05-30,Otoño,C1787,Estándar,Norte,Perú,Electrónica,16,90,1440,1052.59
2252,2025-08-26,Invierno,C6319,Premium,Norte,Colombia,Deportes,9,148,1332,942.25
2253,2024-09-24,Primavera,C3674,Estándar,Norte,Colombia,Electrónica,16,112,1792,1025
2254,2024-04-30,Otoño,C5776,Económico,Sur,Chile,Electrónica,10,31,310,230.22
2255,2024-04-15,Otoño,C6628,Estándar,Norte,Chile,Hogar,8,87,696,444.48
2256,2024-02-09,Verano,C1788,Premium,Norte,Chile,Ropa,27,108,2916,1825.05
2257,2025-04-03,Otoño,C2542,Económico,Sur,Chile,Electrónica,12,62,744,550.24
2258,2025-04-20,Otoño,C5162,Económico,Norte,Perú,Electrónica,6,20,120,89.68
2259,2025-04-08,Otoño,C1915,Económico,Sur,Chile,Deportes,6,27,162,111.65
2260,2025-12-13,Verano,C2118,Estándar,Centro,Perú,Electrónica,16,98,1568,910.94
2261,2025-03-26,Otoño,C7492,Premium,Sur,Colombia,Deportes,8,123,984,657.05
2262,2025-08-11,Invierno,C6671,Económico,Centro,Colombia,Deportes,6,69,414,288.02
2263,2025-12-24,Verano,C1817,Premium,Centro,Perú,Hogar,12,142,1704,1204.49
2264,2025-12-11,Verano,C2031,Estándar,Sur,Colombia,Hogar,14,73,1022,597.06
2265,2024-01-10,Verano,C9770,Estándar,Sur,Perú,Deportes,19,52,988,546.83
2266,2025-10-30,Primavera,C7640,Estándar,Centro,Colombia,Deportes,7,105,735,415.44
2267,2025-08-10,Invierno,C3942,Premium,Sur,Chile,Deportes,4,106,424,256.15
2268,2024-11-13,Primavera,C9808,Estándar,Centro,Colombia,Hogar,17,53,901,555.27
2269,2024-09-09,Primavera,C7048,Estándar,Sur,Chile,Electrónica,5,79,395,229.26
2270,2025-12-03,Verano,C3899,Estándar,Centro,Perú,Deportes,26,72,1872,1342.33
2271,2025-05-12,Otoño,C6203,Estándar,Sur,Colombia,Ropa,13,56,728,538.06
2272,2025-06-15,Invierno,C5353,Premium,Sur,Perú,Ropa,2,106,212,157.17
2273,2024-02-03,Verano,C2927,Estándar,Norte,Perú,Ropa,11,71,781,576.02
2274,2024-11-20,Primavera,C6478,Estándar,Norte,Colombia,Ropa,6,108,648,393.28
2275,2025-01-06,Verano,C6731,Económico,Centro,Perú,Hogar,14,23,322,215.77
2276,2025-02-27,Verano,C4383,Económico,Centro,Chile,Electrónica,24,40,960,630.37
2277,2025-07-28,Invierno,C6522,Estándar,Norte,Chile,Electrónica,3,94,282,178.55
2278,2024-03-23,Otoño,C2410,Premium,Norte,Chile,Deportes,17,144,2448,1565.67
2279,2024-01-30,Verano,C9556,Premium,Sur,Perú,Deportes,16,132,2112,1371.59
2280,2024-08-15,Invierno,C1795,Estándar,Norte,Perú,Ropa,4,53,212,150.45
2281,2024-09-04,Primavera,C6618,Estándar,Sur,Perú,Ropa,12,59,708,521.41
2282,2024-04-30,Otoño,C6661,Económico,Norte,Perú,Deportes,7,26,182,122.98
2283,2024-03-24,Otoño,C1660,Premium,Sur,Colombia,Electrónica,14,181,2534,1695.29
2284,2025-09-15,Primavera,C7775,Premium,Centro,Chile,Deportes,11,166,1826,1267.49
2285,2024-03-26,Otoño,C6648,Económico,Sur,Chile,Hogar,11,49,539,378.51
2286,2025-03-30,Otoño,C3523,Premium,Norte,Chile,Electrónica,15,179,2685,1817.39
2287,2025-07-14,Invierno,C1957,Estándar,Centro,Chile,Hogar,2,109,218,146.4
2288,2025-08-02,Invierno,C1447,Estándar,Sur,Perú,Deportes,6,80,480,271.06
2289,2025-01-23,Verano,C2244,Premium,Norte,Perú,Electrónica,20,199,3980,2332.58
2290,2025-04-09,Otoño,C7390,Estándar,Sur,Perú,Ropa,12,51,612,395.9
2291,2024-10-13,Primavera,C8989,Estándar,Centro,Perú,Hogar,7,57,399,221.18
2292,2025-09-28,Primavera,C1734,Económico,Centro,Chile,Deportes,17,59,1003,636.8
2293,2025-11-22,Primavera,C1235,Premium,Sur,Chile,Deportes,16,111,1776,1127.94
2294,2024-07-15,Invierno,C1482,Estándar,Norte,Chile,Ropa,3,82,246,141.36
2295,2024-04-25,Otoño,C8168,Estándar,Norte,Chile,Deportes,7,86,602,354.19
2296,2024-12-06,Verano,C7983,Estándar,Sur,Perú,Deportes,28,53,1484,985.78
2297,2025-03-10,Otoño,C3022,Económico,Norte,Perú,Ropa,10,40,400,237.48
2298,2025-11-14,Primavera,C3139,Premium,Centro,Perú,Hogar,16,178,2848,1976.04
2299,2024-10-02,Primavera,C9015,Estándar,Sur,Colombia,Ropa,9,94,846,529.81
2300,2025-04-24,Otoño,C2054,Estándar,Centro,Chile,Hogar,12,97,1164,726.86
2301,2024-05-05,Otoño,C6797,Premium,Sur,Chile,Hogar,10,186,1860,1391.65
2302,2024-12-28,Verano,C5815,Económico,Norte,Chile,Deportes,26,68,1768,1007.54
2303,2024-01-22,Verano,C7186,Estándar,Centro,Perú,Ropa,20,111,2220,1631
2304,2024-03-25,Otoño,C2457,Estándar,Norte,Colombia,Ropa,6,69,414,248.06
2305,2024-06-19,Invierno,C8770,Económico,Norte,Perú,Deportes,3,20,60,44.75
2306,2025-02-04,Verano,C3558,Premium,Sur,Colombia,Ropa,9,109,981,572.46
2307,2024-08-28,Invierno,C4723,Estándar,Sur,Chile,Hogar,2,111,222,148.53
2308,2024-01-15,Verano,C1627,Estándar,Sur,Chile,Hogar,13,78,1014,723.01
2309,2024-09-30,Primavera,C9410,Estándar,Sur,Chile,Deportes,9,63,567,391.8
2310,2025-11-07,Primavera,C3460,Estándar,Norte,Perú,Electrónica,5,62,310,180.06
2311,2025-07-07,Invierno,C7908,Estándar,Centro,Perú,Hogar,2,86,172,111.25
2312,2025-08-20,Invierno,C4559,Estándar,Norte,Perú,Electrónica,8,57,456,325
2313,2025-01-20,Verano,C1444,Económico,Norte,Chile,Hogar,14,45,630,436.4
2314,2025-10-30,Primavera,C9643,Estándar,Sur,Chile,Electrónica,9,93,837,615.88
2315,2024-11-10,Primavera,C2266,Estándar,Sur,Colombia,Deportes,11,87,957,600.05
2316,2025-11-29,Primavera,C1137,Estándar,Centro,Perú,Electrónica,7,88,616,378.44
2317,2025-01-07,Verano,C3626,Estándar,Centro,Chile,Electrónica,20,62,1240,741.09
2318,2024-11-06,Primavera,C5511,Económico,Centro,Perú,Deportes,14,65,910,563.54
2319,2024-04-28,Otoño,C4738,Premium,Norte,Chile,Deportes,17,147,2499,1427.72
2320,2024-06-06,Invierno,C4086,Estándar,Centro,Colombia,Deportes,9,115,1035,682.56
2321,2025-10-15,Primavera,C7723,Estándar,Sur,Chile,Electrónica,13,58,754,462.95
2322,2024-01-27,Verano,C5590,Estándar,Norte,Perú,Electrónica,17,81,1377,926.06
2323,2025-03-12,Otoño,C4797,Estándar,Sur,Colombia,Deportes,11,119,1309,807.76
2324,2024-03-06,Otoño,C7824,Estándar,Centro,Colombia,Ropa,15,57,855,551.22
2325,2025-03-27,Otoño,C8617,Premium,Centro,Perú,Hogar,14,103,1442,1054.09
2326,2024-06-14,Invierno,C3729,Económico,Norte,Perú,Hogar,2,56,112,80.95
2327,2025-05-11,Otoño,C4336,Económico,Sur,Colombia,Electrónica,8,51,408,276.16
2328,2024-01-19,Verano,C9045,Premium,Sur,Perú,Deportes,12,199,2388,1664.05
2329,2024-02-10,Verano,C9950,Estándar,Sur,Colombia,Hogar,18,117,2106,1314.38
2330,2024-04-18,Otoño,C6044,Económico,Centro,Perú,Ropa,8,51,408,241.38
2331,2025-06-03,Invierno,C6742,Estándar,Centro,Perú,Deportes,3,112,336,239.6
2332,2024-07-24,Invierno,C8577,Premium,Sur,Colombia,Deportes,11,192,2112,1442.63
2333,2024-03-20,Otoño,C3000,Económico,Sur,Perú,Electrónica,14,64,896,640.21
2334,2024-01-05,Verano,C4911,Estándar,Centro,Chile,Ropa,18,110,1980,1392.01
2335,2024-01-01,Verano,C1054,Premium,Centro,Chile,Electrónica,26,121,3146,2030.15
2336,2025-10-22,Primavera,C7612,Premium,Centro,Perú,Deportes,15,132,1980,1284.91
2337,2025-05-21,Otoño,C8633,Estándar,Norte,Perú,Deportes,14,107,1498,1113.83
2338,2024-02-15,Verano,C8834,Estándar,Sur,Perú,Ropa,24,60,1440,895.23
2339,2025-09-17,Primavera,C6796,Económico,Centro,Chile,Ropa,17,51,867,486.53
2340,2025-11-02,Primavera,C5508,Económico,Sur,Colombia,Ropa,12,40,480,269.73
2341,2024-06-22,Invierno,C5430,Premium,Norte,Colombia,Ropa,7,189,1323,836.8
2342,2025-06-12,Invierno,C5427,Premium,Centro,Perú,Ropa,8,144,1152,825.3
2343,2025-09-06,Primavera,C7947,Económico,Sur,Perú,Electrónica,15,48,720,444.52
2344,2024-09-15,Primavera,C3496,Estándar,Norte,Perú,Hogar,6,54,324,198.93
2345,2025-11-18,Primavera,C8666,Estándar,Centro,Chile,Deportes,12,51,612,363.92
2346,2025-01-29,Verano,C6929,Económico,Norte,Colombia,Ropa,15,29,435,313.02
2347,2024-12-14,Verano,C3630,Económico,Centro,Chile,Hogar,16,40,640,370.55
2348,2024-06-23,Invierno,C5666,Estándar,Sur,Perú,Hogar,6,54,324,211.54
2349,2024-05-05,Otoño,C4117,Premium,Norte,Colombia,Deportes,8,126,1008,574.79
2350,2024-02-20,Verano,C2304,Estándar,Sur,Chile,Hogar,20,66,1320,853.08
2351,2025-04-23,Otoño,C7390,Económico,Centro,Chile,Electrónica,6,20,120,71.76
2352,2024-11-15,Primavera,C2019,Estándar,Sur,Perú,Deportes,16,98,1568,899.56
2353,2025-09-01,Primavera,C3694,Estándar,Sur,Chile,Ropa,14,69,966,630.12
2354,2024-02-26,Verano,C8901,Estándar,Centro,Colombia,Ropa,8,101,808,524.51
2355,2025-12-03,Verano,C2694,Premium,Centro,Chile,Ropa,28,115,3220,1977.67
2356,2024-08-15,Invierno,C8141,Estándar,Centro,Perú,Hogar,6,56,336,192.82
2357,2024-09-21,Primavera,C8762,Estándar,Norte,Colombia,Deportes,16,51,816,606
2358,2024-05-26,Otoño,C6309,Estándar,Norte,Colombia,Electrónica,5,119,595,374.62
2359,2025-03-27,Otoño,C7281,Premium,Centro,Perú,Ropa,7,103,721,533.93
2360,2025-03-07,Otoño,C8446,Premium,Sur,Colombia,Electrónica,12,141,1692,1185.53
2361,2025-07-19,Invierno,C5294,Estándar,Norte,Perú,Deportes,3,101,303,166.68
2362,2024-07-11,Invierno,C6069,Premium,Norte,Colombia,Electrónica,10,155,1550,1039.67
2363,2025-03-27,Otoño,C2776,Económico,Norte,Perú,Deportes,13,44,572,319.58
2364,2024-12-15,Verano,C4115,Estándar,Norte,Perú,Ropa,18,86,1548,942.87
2365,2025-05-13,Otoño,C6459,Económico,Centro,Perú,Ropa,15,27,405,287.82
2366,2024-02-29,Verano,C7042,Estándar,Sur,Chile,Hogar,21,86,1806,1016.06
2367,2025-06-20,Invierno,C7257,Premium,Centro,Colombia,Ropa,8,189,1512,1022.49
2368,2024-11-11,Primavera,C7308,Premium,Centro,Perú,Electrónica,8,132,1056,660.04
2369,2024-09-06,Primavera,C9654,Estándar,Sur,Perú,Deportes,13,65,845,530.67
2370,2024-04-14,Otoño,C2265,Estándar,Norte,Chile,Deportes,9,63,567,322.36
2371,2025-08-24,Invierno,C3580,Premium,Sur,Chile,Deportes,6,100,600,409.68
2372,2024-11-04,Primavera,C5798,Premium,Sur,Colombia,Electrónica,12,142,1704,1251.78
2373,2024-11-14,Primavera,C2640,Estándar,Norte,Chile,Ropa,8,54,432,287.41
2374,2024-08-19,Invierno,C5946,Estándar,Norte,Chile,Electrónica,4,53,212,143.57
2375,2025-06-02,Invierno,C3801,Estándar,Norte,Colombia,Electrónica,5,88,440,322.61
2376,2024-10-12,Primavera,C9779,Estándar,Sur,Perú,Electrónica,13,57,741,441.3
2377,2024-09-09,Primavera,C8166,Económico,Sur,Chile,Hogar,10,68,680,491.5
2378,2025-05-29,Otoño,C6801,Estándar,Centro,Colombia,Electrónica,14,104,1456,1021.11
2379,2025-04-03,Otoño,C5075,Estándar,Sur,Colombia,Deportes,14,89,1246,827.74
2380,2025-06-04,Invierno,C8512,Estándar,Centro,Perú,Electrónica,5,72,360,224.59
2381,2024-01-27,Verano,C7144,Premium,Centro,Chile,Hogar,21,107,2247,1522.87
2382,2024-07-09,Invierno,C2908,Premium,Centro,Perú,Ropa,6,157,942,694.01
2383,2025-10-16,Primavera,C7516,Premium,Centro,Chile,Deportes,7,160,1120,683.46
2384,2025-10-26,Primavera,C4949,Económico,Sur,Perú,Hogar,5,33,165,123.11
2385,2024-07-29,Invierno,C7825,Estándar,Sur,Colombia,Ropa,4,50,200,143.5
2386,2025-07-17,Invierno,C3797,Premium,Centro,Perú,Electrónica,3,184,552,378.48
2387,2025-10-23,Primavera,C7852,Estándar,Sur,Perú,Ropa,15,113,1695,932.88
2388,2025-03-07,Otoño,C1092,Estándar,Centro,Colombia,Hogar,5,93,465,324.78
2389,2025-12-06,Verano,C9773,Premium,Centro,Chile,Ropa,20,172,3440,2071.46
2390,2024-01-02,Verano,C7469,Estándar,Norte,Perú,Hogar,11,68,748,537.81
2391,2024-10-14,Primavera,C9288,Estándar,Centro,Chile,Deportes,5,97,485,266.96
2392,2024-06-18,Invierno,C8564,Premium,Centro,Perú,Deportes,7,189,1323,752.74
2393,2024-06-20,Invierno,C4012,Económico,Sur,Chile,Electrónica,4,66,264,187.44
2394,2024-06-20,Invierno,C7197,Premium,Centro,Perú,Hogar,2,115,230,157.13
2395,2024-03-07,Otoño,C1807,Económico,Sur,Perú,Electrónica,15,44,660,475.65
2396,2025-05-14,Otoño,C4034,Económico,Sur,Colombia,Ropa,13,62,806,598.01
2397,2024-05-11,Otoño,C4107,Premium,Centro,Perú,Hogar,13,162,2106,1373.73
2398,2024-03-18,Otoño,C6941,Premium,Norte,Chile,Hogar,9,149,1341,903.18
2399,2024-10-25,Primavera,C2665,Estándar,Norte,Chile,Hogar,5,93,465,308.47
2400,2025-06-22,Invierno,C5684,Económico,Centro,Perú,Deportes,4,21,84,61.38
2401,2025-04-29,Otoño,C5256,Estándar,Norte,Perú,Electrónica,15,118,1770,1087.7
2402,2024-03-08,Otoño,C9296,Estándar,Centro,Colombia,Electrónica,16,94,1504,1092.61
2403,2025-10-14,Primavera,C2446,Estándar,Norte,Perú,Ropa,16,115,1840,1285.34
2404,2025-12-29,Verano,C1732,Económico,Centro,Perú,Ropa,24,32,768,508.24
2405,2025-05-03,Otoño,C4158,Estándar,Norte,Chile,Deportes,10,71,710,462.73
2406,2025-10-24,Primavera,C5504,Económico,Centro,Perú,Hogar,10,40,400,222.24
2407,2024-10-03,Primavera,C8606,Económico,Centro,Perú,Hogar,12,32,384,259.66
2408,2025-11-10,Primavera,C9121,Premium,Sur,Colombia,Electrónica,10,196,1960,1441.96
2409,2024-07-04,Invierno,C1694,Premium,Centro,Colombia,Electrónica,6,152,912,583.74
2410,2025-04-06,Otoño,C8327,Estándar,Centro,Colombia,Deportes,12,96,1152,655.11
2411,2025-08-31,Invierno,C9898,Estándar,Norte,Chile,Deportes,1,54,54,31.85
2412,2024-01-27,Verano,C8775,Económico,Centro,Perú,Ropa,23,47,1081,602.18
2413,2024-12-31,Verano,C2582,Premium,Norte,Colombia,Ropa,12,104,1248,787.94
2414,2024-07-18,Invierno,C5402,Económico,Sur,Colombia,Ropa,10,28,280,165.28
2415,2025-01-07,Verano,C6223,Estándar,Centro,Perú,Ropa,14,89,1246,764.69
2416,2024-12-31,Verano,C8730,Premium,Centro,Perú,Ropa,21,105,2205,1579.83
2417,2024-03-28,Otoño,C5411,Premium,Norte,Perú,Hogar,14,171,2394,1345.03
2418,2025-07-02,Invierno,C4926,Estándar,Sur,Colombia,Ropa,7,111,777,428.32
2419,2024-09-13,Primavera,C6597,Premium,Norte,Perú,Electrónica,13,148,1924,1085.8
2420,2025-12-27,Verano,C5310,Estándar,Norte,Colombia,Hogar,9,56,504,288.45
2421,2025-04-02,Otoño,C2767,Estándar,Sur,Colombia,Deportes,8,110,880,584.43
2422,2024-12-16,Verano,C1485,Económico,Centro,Perú,Deportes,16,21,336,214.28
2423,2024-09-09,Primavera,C4539,Estándar,Norte,Chile,Hogar,16,80,1280,814.62
2424,2025-08-22,Invierno,C5579,Estándar,Sur,Chile,Electrónica,4,88,352,221.14
2425,2025-11-21,Primavera,C9090,Premium,Sur,Perú,Ropa,14,179,2506,1422.06
2426,2024-04-04,Otoño,C7658,Premium,Norte,Chile,Hogar,9,175,1575,1072.44
2427,2025-05-29,Otoño,C5660,Premium,Centro,Chile,Deportes,17,180,3060,2132.62
2428,2024-05-19,Otoño,C9920,Estándar,Norte,Chile,Deportes,16,89,1424,823.71
2429,2025-05-24,Otoño,C6104,Estándar,Centro,Colombia,Electrónica,16,73,1168,705.08
2430,2024-11-25,Primavera,C9372,Estándar,Norte,Perú,Ropa,10,113,1130,773.05
2431,2025-08-02,Invierno,C9444,Económico,Centro,Perú,Ropa,7,23,161,93.3
2432,2024-08-08,Invierno,C7339,Estándar,Norte,Perú,Ropa,9,93,837,596.51
2433,2024-01-02,Verano,C4664,Premium,Norte,Colombia,Ropa,14,149,2086,1371.68
2434,2024-12-12,Verano,C6326,Estándar,Sur,Colombia,Electrónica,9,64,576,361.25
2435,2024-09-14,Primavera,C7271,Estándar,Norte,Colombia,Deportes,15,79,1185,835.34
2436,2025-09-19,Primavera,C5993,Económico,Centro,Chile,Deportes,14,51,714,488.17
2437,2025-10-19,Primavera,C3470,Premium,Sur,Perú,Hogar,6,161,966,689.72
2438,2024-06-30,Invierno,C1528,Premium,Norte,Perú,Hogar,4,128,512,317.54
2439,2025-02-17,Verano,C8041,Estándar,Sur,Perú,Electrónica,21,113,2373,1622.59
2440,2024-12-14,Verano,C9785,Premium,Sur,Chile,Electrónica,21,115,2415,1626.48
2441,2025-05-13,Otoño,C4471,Estándar,Norte,Colombia,Ropa,12,70,840,614.33
2442,2024-12-07,Verano,C7966,Económico,Norte,Perú,Ropa,12,37,444,283.45
2443,2024-10-19,Primavera,C9486,Estándar,Sur,Colombia,Hogar,15,98,1470,923.25
2444,2024-05-22,Otoño,C8850,Premium,Sur,Chile,Ropa,11,191,2101,1233.88
2445,2024-01-10,Verano,C1863,Económico,Norte,Chile,Electrónica,21,33,693,383.06
2446,2025-03-26,Otoño,C9334,Estándar,Norte,Perú,Electrónica,15,63,945,670.8
2447,2025-11-11,Primavera,C9555,Estándar,Sur,Perú,Hogar,6,66,396,259.1
2448,2024-08-30,Invierno,C7227,Económico,Centro,Perú,Electrónica,4,34,136,75.17
2449,2024-05-20,Otoño,C4443,Estándar,Norte,Perú,Deportes,10,68,680,387.18
2450,2025-01-18,Verano,C6602,Estándar,Centro,Chile,Deportes,24,76,1824,1096.93
2451,2025-06-14,Invierno,C5433,Estándar,Norte,Perú,Hogar,4,81,324,192.9
2452,2024-05-29,Otoño,C6831,Premium,Centro,Perú,Deportes,12,105,1260,915.54
2453,2024-08-13,Invierno,C6030,Estándar,Norte,Perú,Hogar,8,59,472,268.24
2454,2024-08-20,Invierno,C8513,Estándar,Sur,Colombia,Ropa,7,71,497,359.1
2455,2025-04-23,Otoño,C6094,Premium,Centro,Perú,Electrónica,14,161,2254,1319.3
2456,2025-03-04,Otoño,C9463,Premium,Centro,Perú,Electrónica,16,105,1680,1004.53
2457,2025-05-09,Otoño,C2702,Estándar,Centro,Perú,Ropa,7,97,679,434.04
2458,2025-12-09,Verano,C5281,Premium,Sur,Colombia,Hogar,19,194,3686,2616.29
2459,2025-02-10,Verano,C1977,Premium,Norte,Chile,Ropa,24,139,3336,2026.55
2460,2025-01-19,Verano,C3287,Estándar,Norte,Chile,Electrónica,12,75,900,621.99
2461,2024-12-29,Verano,C6402,Premium,Centro,Perú,Electrónica,15,142,2130,1501.51
2462,2025-10-04,Primavera,C3560,Estándar,Norte,Perú,Hogar,6,66,396,278.27
2463,2024-01-03,Verano,C1089,Premium,Norte,Perú,Hogar,16,145,2320,1424.43
2464,2024-04-26,Otoño,C2303,Estándar,Sur,Chile,Deportes,7,118,826,509.06
2465,2024-05-21,Otoño,C6951,Estándar,Centro,Chile,Electrónica,11,71,781,463.65
2466,2024-05-24,Otoño,C9318,Premium,Centro,Colombia,Hogar,12,194,2328,1418.06
2467,2025-01-09,Verano,C9526,Premium,Centro,Chile,Hogar,17,173,2941,2164.27
2468,2025-05-12,Otoño,C9983,Estándar,Norte,Colombia,Deportes,15,75,1125,809.78
2469,2024-08-31,Invierno,C8096,Económico,Centro,Colombia,Hogar,4,40,160,92.9
2470,2024-01-24,Verano,C6923,Estándar,Sur,Chile,Electrónica,12,61,732,463.67
2471,2025-02-20,Verano,C4073,Estándar,Sur,Colombia,Hogar,16,66,1056,719.78
2472,2025-01-16,Verano,C9676,Económico,Sur,Colombia,Deportes,20,22,440,280.38
2473,2024-07-06,Invierno,C4736,Económico,Norte,Perú,Electrónica,3,54,162,99.94
2474,2024-11-16,Primavera,C7127,Estándar,Sur,Perú,Hogar,10,117,1170,772.1
2475,2025-06-25,Invierno,C8964,Premium,Norte,Chile,Electrónica,3,187,561,418.25
2476,2024-12-17,Verano,C1384,Estándar,Centro,Perú,Electrónica,13,62,806,578.45
2477,2025-05-09,Otoño,C7606,Estándar,Norte,Colombia,Deportes,16,50,800,464.5
2478,2025-01-07,Verano,C7102,Económico,Norte,Chile,Ropa,15,48,720,442.23
2479,2024-04-03,Otoño,C1925,Estándar,Sur,Perú,Ropa,9,103,927,516.18
2480,2025-03-24,Otoño,C5052,Estándar,Centro,Colombia,Deportes,16,102,1632,921.45
2481,2024-04-04,Otoño,C8026,Estándar,Norte,Chile,Hogar,17,74,1258,908.05
2482,2025-12-25,Verano,C7446,Premium,Sur,Perú,Ropa,12,130,1560,1053
2483,2024-12-09,Verano,C6863,Estándar,Sur,Colombia,Ropa,14,71,994,574.81
2484,2024-12-01,Verano,C7684,Estándar,Norte,Colombia,Ropa,19,89,1691,1097.94
2485,2024-04-15,Otoño,C6076,Premium,Norte,Colombia,Electrónica,15,109,1635,1100.57
2486,2025-11-15,Primavera,C1967,Estándar,Sur,Perú,Electrónica,15,56,840,469.45
2487,2025-11-03,Primavera,C5181,Económico,Centro,Perú,Ropa,5,49,245,142.14
2488,2025-11-30,Primavera,C2748,Estándar,Norte,Chile,Ropa,12,94,1128,674.25
2489,2024-01-20,Verano,C4697,Estándar,Sur,Chile,Electrónica,25,86,2150,1246.82
2490,2025-12-13,Verano,C8405,Premium,Centro,Colombia,Hogar,15,164,2460,1650.02
2491,2024-05-07,Otoño,C7268,Estándar,Norte,Perú,Deportes,6,101,606,430.74
2492,2024-02-24,Verano,C9816,Estándar,Norte,Chile,Electrónica,28,99,2772,1526.97
2493,2025-12-13,Verano,C8373,Estándar,Norte,Colombia,Hogar,16,94,1504,1095.77
2494,2025-01-22,Verano,C1812,Estándar,Centro,Colombia,Hogar,12,75,900,564.4
2495,2025-01-30,Verano,C3651,Estándar,Norte,Chile,Electrónica,16,114,1824,1038.27
2496,2024-06-21,Invierno,C9570,Premium,Norte,Perú,Hogar,9,153,1377,1008.64
2497,2024-06-05,Invierno,C1065,Estándar,Norte,Perú,Hogar,8,112,896,643.21
2498,2025-12-24,Verano,C7197,Estándar,Sur,Perú,Electrónica,12,93,1116,634.07
2499,2024-12-28,Verano,C6496,Estándar,Centro,Chile,Deportes,27,113,3051,2170.44
2500,2024-10-27,Primavera,C5107,Estándar,Sur,Colombia,Ropa,11,71,781,568.77
2501,2024-03-17,Otoño,C1675,Premium,Norte,Perú,Hogar,13,106,1378,809.71
2502,2024-11-02,Primavera,C5648,Estándar,Norte,Colombia,Electrónica,11,57,627,441.29
2503,2025-06-16,Invierno,C2248,Económico,Centro,Chile,Deportes,2,48,96,62.82
2504,2024-07-03,Invierno,C7712,Premium,Norte,Colombia,Electrónica,10,174,1740,1184.99
2505,2024-04-30,Otoño,C7995,Premium,Norte,Chile,Hogar,11,175,1925,1308.13
2506,2025-03-04,Otoño,C8778,Estándar,Norte,Colombia,Hogar,9,77,693,492.46
2507,2025-10-20,Primavera,C3257,Premium,Sur,Perú,Ropa,13,162,2106,1179.86
2508,2024-11-02,Primavera,C1315,Premium,Norte,Chile,Electrónica,6,198,1188,755.69
2509,2024-09-02,Primavera,C3321,Estándar,Sur,Colombia,Electrónica,11,85,935,606.1
2510,2024-10-27,Primavera,C7698,Premium,Norte,Perú,Ropa,16,122,1952,1099.86
2511,2024-07-10,Invierno,C3239,Estándar,Sur,Perú,Hogar,9,109,981,677.23
2512,2025-05-12,Otoño,C4150,Premium,Sur,Chile,Electrónica,15,108,1620,1016.83
2513,2024-07-29,Invierno,C2150,Económico,Sur,Colombia,Electrónica,5,31,155,93.58
2514,2024-12-22,Verano,C4295,Estándar,Norte,Chile,Hogar,15,95,1425,904.16
2515,2024-11-07,Primavera,C9637,Económico,Centro,Colombia,Hogar,12,61,732,411.65
2516,2025-02-22,Verano,C1029,Premium,Sur,Chile,Deportes,20,100,2000,1279.15
2517,2025-12-16,Verano,C5972,Estándar,Norte,Chile,Electrónica,17,108,1836,1310.51
2518,2024-10-07,Primavera,C4568,Económico,Sur,Perú,Ropa,8,32,256,153.29
2519,2024-11-24,Primavera,C4419,Económico,Centro,Perú,Electrónica,16,48,768,507.45
2520,2024-08-17,Invierno,C5219,Estándar,Centro,Colombia,Deportes,5,66,330,197.19
2521,2025-11-22,Primavera,C2971,Premium,Norte,Chile,Hogar,12,189,2268,1289.36
2522,2025-12-08,Verano,C8533,Premium,Centro,Colombia,Deportes,21,147,3087,2229.52
2523,2024-07-12,Invierno,C5399,Premium,Centro,Perú,Deportes,5,156,780,577.78
2524,2025-11-20,Primavera,C5261,Premium,Centro,Chile,Deportes,10,144,1440,1079.52
2525,2025-10-28,Primavera,C3585,Estándar,Centro,Perú,Deportes,10,52,520,306.18
2526,2024-08-02,Invierno,C4705,Premium,Norte,Perú,Electrónica,9,103,927,543.81
2527,2025-07-02,Invierno,C8680,Premium,Sur,Colombia,Deportes,8,135,1080,773.16
2528,2024-05-14,Otoño,C5997,Estándar,Centro,Chile,Hogar,6,96,576,336.49
2529,2025-05-24,Otoño,C5859,Estándar,Norte,Perú,Ropa,12,110,1320,786
2530,2024-09-06,Primavera,C3947,Premium,Centro,Colombia,Deportes,11,166,1826,1137.6
2531,2024-05-12,Otoño,C5023,Premium,Centro,Perú,Ropa,16,155,2480,1857.99
2532,2024-01-27,Verano,C4098,Estándar,Norte,Colombia,Hogar,16,99,1584,1031.26
2533,2025-09-17,Primavera,C6732,Estándar,Norte,Chile,Ropa,8,119,952,538.9
2534,2025-08-25,Invierno,C5125,Estándar,Centro,Colombia,Ropa,7,90,630,470.57
2535,2025-12-31,Verano,C7076,Estándar,Centro,Chile,Ropa,19,57,1083,771.57
2536,2025-10-28,Primavera,C4393,Premium,Centro,Perú,Ropa,12,108,1296,923.86
2537,2024-03-08,Otoño,C2267,Estándar,Sur,Colombia,Hogar,10,69,690,429.19
2538,2024-10-23,Primavera,C7559,Estándar,Sur,Perú,Hogar,12,115,1380,760.64
2539,2024-03-14,Otoño,C4711,Premium,Centro,Perú,Hogar,13,108,1404,975.14
2540,2024-12-19,Verano,C9300,Premium,Centro,Perú,Ropa,13,170,2210,1542.43
2541,2024-02-02,Verano,C7592,Económico,Norte,Chile,Electrónica,23,62,1426,836.74
2542,2024-08-07,Invierno,C9106,Estándar,Centro,Chile,Ropa,3,96,288,166.63
2543,2024-08-21,Invierno,C4146,Estándar,Norte,Chile,Hogar,1,70,70,44.28
2544,2024-03-19,Otoño,C7724,Económico,Norte,Perú,Deportes,9,52,468,300.52
2545,2024-11-03,Primavera,C4643,Económico,Norte,Colombia,Electrónica,6,36,216,136.79
2546,2024-04-11,Otoño,C6647,Estándar,Centro,Colombia,Deportes,5,64,320,211.12
2547,2025-03-27,Otoño,C9340,Estándar,Sur,Chile,Electrónica,6,62,372,266.36
2548,2024-12-16,Verano,C8582,Económico,Norte,Perú,Deportes,15,54,810,562.78
2549,2025-08-18,Invierno,C7048,Económico,Sur,Perú,Deportes,3,55,165,110.01
2550,2025-04-11,Otoño,C4987,Estándar,Sur,Colombia,Hogar,16,92,1472,1017.23
2551,2024-12-25,Verano,C4669,Premium,Norte,Perú,Ropa,13,108,1404,1021.59
2552,2025-01-12,Verano,C5646,Estándar,Sur,Perú,Ropa,19,65,1235,790.77
2553,2024-09-12,Primavera,C5286,Premium,Centro,Chile,Electrónica,12,164,1968,1214.39
2554,2025-02-19,Verano,C9074,Estándar,Sur,Colombia,Ropa,14,91,1274,708.46
2555,2025-10-23,Primavera,C3084,Económico,Centro,Perú,Deportes,17,67,1139,686.1
2556,2024-02-27,Verano,C3315,Estándar,Sur,Chile,Electrónica,20,87,1740,997.44
2557,2024-07-04,Invierno,C8584,Económico,Norte,Colombia,Ropa,8,20,160,112.01
2558,2024-12-13,Verano,C6926,Premium,Sur,Chile,Hogar,21,163,3423,2228.31
2559,2025-09-17,Primavera,C6463,Estándar,Centro,Colombia,Deportes,9,106,954,552.96
2560,2024-05-27,Otoño,C4070,Estándar,Sur,Colombia,Electrónica,7,72,504,358.14
2561,2025-05-13,Otoño,C1782,Económico,Norte,Colombia,Deportes,17,24,408,270.06
2562,2025-12-21,Verano,C6727,Estándar,Centro,Colombia,Ropa,12,111,1332,966.77
2563,2024-02-21,Verano,C4173,Premium,Norte,Chile,Ropa,19,150,2850,1598.4
2564,2024-07-05,Invierno,C8505,Premium,Sur,Chile,Ropa,7,165,1155,752.7
2565,2024-01-26,Verano,C9206,Económico,Norte,Chile,Hogar,18,23,414,246.92
2566,2025-02-08,Verano,C8202,Premium,Sur,Perú,Deportes,26,174,4524,3222.16
2567,2025-05-26,Otoño,C8999,Económico,Norte,Chile,Ropa,14,52,728,429.35
2568,2024-05-05,Otoño,C5636,Estándar,Norte,Colombia,Ropa,10,110,1100,799.29
2569,2025-04-07,Otoño,C6575,Estándar,Norte,Colombia,Hogar,11,60,660,386.85
2570,2025-08-07,Invierno,C1435,Estándar,Norte,Perú,Deportes,6,82,492,280.07
2571,2025-01-04,Verano,C9063,Estándar,Sur,Perú,Electrónica,21,58,1218,706.92
2572,2024-01-11,Verano,C9560,Estándar,Centro,Chile,Deportes,20,69,1380,861.78
2573,2024-02-05,Verano,C2159,Económico,Norte,Colombia,Ropa,15,30,450,279.14
2574,2024-03-14,Otoño,C9706,Económico,Sur,Chile,Electrónica,14,62,868,614.64
2575,2025-05-25,Otoño,C4625,Estándar,Centro,Perú,Ropa,14,96,1344,783.15
2576,2024-07-04,Invierno,C4216,Estándar,Centro,Perú,Ropa,6,55,330,222.88
2577,2025-06-24,Invierno,C8459,Estándar,Sur,Chile,Hogar,2,102,204,147.02
2578,2025-11-03,Primavera,C2800,Premium,Centro,Colombia,Deportes,13,145,1885,1391.73
2579,2024-05-06,Otoño,C2755,Estándar,Sur,Chile,Electrónica,8,115,920,588.2
2580,2025-10-16,Primavera,C6826,Estándar,Norte,Chile,Hogar,14,69,966,615.34
2581,2024-12-13,Verano,C1946,Estándar,Sur,Colombia,Hogar,14,113,1582,1055.27
2582,2024-02-08,Verano,C4063,Estándar,Sur,Colombia,Hogar,13,110,1430,819.57
2583,2024-12-01,Verano,C6490,Económico,Centro,Perú,Deportes,27,35,945,534.21
2584,2025-01-03,Verano,C2868,Estándar,Norte,Chile,Hogar,14,81,1134,711.25
2585,2024-12-19,Verano,C2673,Premium,Sur,Perú,Ropa,22,148,3256,1926.5
2586,2024-12-16,Verano,C3521,Económico,Norte,Colombia,Ropa,10,32,320,200.94
2587,2025-01-05,Verano,C9012,Premium,Norte,Perú,Hogar,15,119,1785,1078.93
2588,2025-09-01,Primavera,C7679,Estándar,Norte,Chile,Electrónica,7,114,798,539.97
2589,2024-07-02,Invierno,C4625,Estándar,Norte,Colombia,Deportes,5,90,450,314.58
2590,2025-08-15,Invierno,C2735,Estándar,Norte,Colombia,Electrónica,10,117,1170,741.41
2591,2024-04-08,Otoño,C5034,Estándar,Sur,Perú,Hogar,10,102,1020,734.14
2592,2025-07-09,Invierno,C6152,Estándar,Norte,Perú,Deportes,9,95,855,508.01
2593,2025-10-04,Primavera,C9364,Premium,Sur,Colombia,Electrónica,7,178,1246,805.81
2594,2024-05-05,Otoño,C7131,Estándar,Norte,Chile,Ropa,6,91,546,398.44
2595,2024-04-07,Otoño,C9252,Estándar,Centro,Chile,Electrónica,9,80,720,491.13
2596,2024-02-20,Verano,C1142,Económico,Centro,Chile,Ropa,21,35,735,517.96
2597,2025-03-10,Otoño,C3193,Estándar,Norte,Perú,Ropa,15,80,1200,793.77
2598,2025-02-05,Verano,C9615,Estándar,Norte,Colombia,Deportes,22,103,2266,1421.47
2599,2024-11-07,Primavera,C9909,Estándar,Norte,Colombia,Deportes,8,72,576,408.69
2600,2024-11-29,Primavera,C3424,Premium,Norte,Perú,Ropa,14,192,2688,1921.18
2601,2025-10-28,Primavera,C9253,Premium,Norte,Colombia,Deportes,12,148,1776,1002.12
2602,2024-12-18,Verano,C7980,Premium,Norte,Perú,Ropa,23,125,2875,1958.91
2603,2024-03-12,Otoño,C4341,Estándar,Sur,Chile,Electrónica,7,89,623,442.79
2604,2024-01-16,Verano,C8067,Premium,Sur,Colombia,Hogar,10,198,1980,1331.66
2605,2024-01-31,Verano,C8551,Estándar,Norte,Chile,Ropa,24,100,2400,1683.67
2606,2024-10-29,Primavera,C7099,Económico,Norte,Colombia,Electrónica,7,21,147,106.23
2607,2025-01-26,Verano,C3482,Premium,Centro,Chile,Deportes,19,166,3154,2276.63
2608,2025-09-03,Primavera,C9416,Económico,Norte,Chile,Hogar,5,56,280,170.51
2609,2025-01-12,Verano,C8809,Premium,Norte,Perú,Electrónica,17,140,2380,1387.55
2610,2024-07-14,Invierno,C2078,Premium,Norte,Chile,Ropa,3,149,447,291.91
2611,2024-05-22,Otoño,C1620,Estándar,Centro,Colombia,Deportes,12,51,612,341.61
2612,2025-07-29,Invierno,C2726,Económico,Norte,Colombia,Hogar,10,29,290,199.18
2613,2025-08-07,Invierno,C7436,Premium,Norte,Chile,Hogar,7,145,1015,708.71
2614,2024-02-21,Verano,C1595,Premium,Norte,Chile,Ropa,22,152,3344,1948.94
2615,2025-08-13,Invierno,C1761,Estándar,Norte,Chile,Electrónica,6,69,414,246.37
2616,2025-03-07,Otoño,C8445,Estándar,Centro,Chile,Ropa,17,52,884,538.53
2617,2025-09-12,Primavera,C2145,Premium,Centro,Perú,Hogar,11,100,1100,744.92
2618,2024-04-28,Otoño,C6335,Premium,Centro,Chile,Deportes,8,185,1480,845.8
2619,2025-05-22,Otoño,C9535,Premium,Centro,Chile,Hogar,16,103,1648,1166.55
2620,2024-01-22,Verano,C7929,Estándar,Norte,Perú,Electrónica,24,63,1512,935.33
2621,2025-07-21,Invierno,C1832,Estándar,Sur,Colombia,Deportes,7,103,721,485.01
2622,2025-05-30,Otoño,C9011,Premium,Sur,Colombia,Ropa,14,150,2100,1330.1
2623,2025-04-03,Otoño,C3150,Estándar,Norte,Perú,Electrónica,17,62,1054,760.46
2624,2025-06-15,Invierno,C7671,Estándar,Norte,Colombia,Electrónica,7,64,448,294.02
2625,2025-12-24,Verano,C6572,Económico,Norte,Colombia,Deportes,18,23,414,261.23
2626,2025-05-05,Otoño,C3095,Económico,Norte,Chile,Deportes,10,53,530,296.08
2627,2024-04-20,Otoño,C3899,Económico,Sur,Chile,Deportes,15,29,435,289.53
2628,2025-06-03,Invierno,C1701,Estándar,Norte,Colombia,Ropa,5,108,540,344.55
2629,2024-08-28,Invierno,C1444,Estándar,Centro,Perú,Deportes,9,79,711,505.99
2630,2025-05-26,Otoño,C3815,Económico,Sur,Perú,Ropa,8,52,416,255.79
2631,2024-10-02,Primavera,C8441,Estándar,Sur,Perú,Ropa,7,81,567,352.64
2632,2025-12-22,Verano,C1747,Premium,Norte,Perú,Electrónica,21,158,3318,2170.08
2633,2024-07-17,Invierno,C5895,Estándar,Norte,Perú,Ropa,9,118,1062,700.13
2634,2024-10-22,Primavera,C9491,Estándar,Norte,Perú,Electrónica,16,84,1344,856.74
2635,2025-10-05,Primavera,C8966,Premium,Sur,Perú,Deportes,7,180,1260,916.4
2636,2025-02-02,Verano,C2082,Premium,Norte,Colombia,Deportes,20,116,2320,1682.69
2637,2024-02-14,Verano,C9705,Premium,Centro,Perú,Hogar,11,158,1738,1268.69
2638,2024-02-02,Verano,C7343,Económico,Centro,Colombia,Deportes,19,67,1273,842.57
2639,2024-06-12,Invierno,C3165,Estándar,Sur,Chile,Ropa,2,70,140,101.37
2640,2025-09-26,Primavera,C2015,Estándar,Sur,Perú,Ropa,7,117,819,469.15
2641,2025-10-05,Primavera,C4222,Estándar,Centro,Chile,Hogar,11,81,891,552.06
2642,2025-01-28,Verano,C9374,Premium,Centro,Chile,Deportes,26,149,3874,2247.85
2643,2025-03-18,Otoño,C5689,Estándar,Centro,Chile,Electrónica,13,113,1469,861.83
2644,2025-07-07,Invierno,C9602,Estándar,Sur,Colombia,Electrónica,8,109,872,547.44
2645,2024-04-07,Otoño,C8572,Estándar,Centro,Chile,Ropa,13,89,1157,757.18
2646,2024-12-15,Verano,C4962,Premium,Norte,Colombia,Electrónica,8,178,1424,810.12
2647,2024-05-15,Otoño,C7197,Estándar,Norte,Perú,Hogar,7,115,805,468.55
2648,2024-11-21,Primavera,C9058,Premium,Sur,Chile,Hogar,8,103,824,570.52
2649,2025-05-23,Otoño,C5066,Estándar,Centro,Perú,Hogar,14,80,1120,804.74
2650,2024-03-01,Otoño,C8750,Estándar,Norte,Chile,Deportes,16,67,1072,664.22
2651,2024-09-13,Primavera,C3724,Económico,Centro,Chile,Deportes,6,66,396,226
2652,2025-05-13,Otoño,C1150,Estándar,Sur,Colombia,Hogar,13,66,858,622.5
2653,2024-03-30,Otoño,C3764,Económico,Sur,Perú,Ropa,10,40,400,255.9
2654,2024-09-14,Primavera,C1797,Premium,Norte,Perú,Ropa,5,106,530,302.26
2655,2025-08-12,Invierno,C2701,Estándar,Sur,Chile,Electrónica,5,88,440,282.55
2656,2024-02-25,Verano,C8807,Premium,Centro,Chile,Deportes,32,107,3424,2274.12
2657,2025-09-18,Primavera,C3719,Estándar,Sur,Chile,Electrónica,17,70,1190,882.17
2658,2025-06-15,Invierno,C7042,Económico,Centro,Colombia,Electrónica,8,68,544,318.4
2659,2024-05-16,Otoño,C9199,Estándar,Sur,Chile,Deportes,11,118,1298,874.59
2660,2024-04-16,Otoño,C7954,Estándar,Norte,Perú,Electrónica,9,84,756,546.37
2661,2025-11-24,Primavera,C1298,Estándar,Norte,Colombia,Ropa,15,91,1365,1018.73
2662,2024-06-20,Invierno,C6755,Premium,Norte,Perú,Electrónica,8,140,1120,639.1
2663,2024-11-04,Primavera,C3288,Estándar,Centro,Chile,Ropa,6,79,474,279.67
2664,2024-12-18,Verano,C4020,Estándar,Norte,Colombia,Hogar,13,64,832,612.66
2665,2025-10-05,Primavera,C9025,Estándar,Norte,Perú,Ropa,8,50,400,253.67
2666,2024-10-03,Primavera,C9747,Económico,Centro,Colombia,Hogar,16,38,608,385.41
2667,2024-11-12,Primavera,C1151,Estándar,Centro,Chile,Deportes,14,114,1596,976.2
2668,2024-08-23,Invierno,C8343,Económico,Centro,Perú,Deportes,7,43,301,168.22
2669,2025-01-26,Verano,C8854,Premium,Centro,Chile,Electrónica,15,102,1530,1067.52
2670,2025-01-21,Verano,C9717,Estándar,Centro,Perú,Ropa,16,69,1104,785.32
2671,2024-12-14,Verano,C1110,Estándar,Centro,Perú,Deportes,20,91,1820,1260.2
2672,2024-02-17,Verano,C1658,Estándar,Sur,Colombia,Electrónica,16,50,800,597.8
2673,2024-06-23,Invierno,C8897,Premium,Sur,Perú,Deportes,9,172,1548,1157.4
2674,2024-10-25,Primavera,C2672,Estándar,Centro,Colombia,Deportes,16,85,1360,933.65
2675,2025-08-31,Invierno,C6320,Estándar,Sur,Chile,Ropa,5,115,575,399.04
2676,2024-05-02,Otoño,C6772,Económico,Centro,Colombia,Electrónica,13,66,858,493.93
2677,2024-03-25,Otoño,C9686,Premium,Sur,Chile,Ropa,16,154,2464,1757.01
2678,2024-07-13,Invierno,C3083,Estándar,Centro,Colombia,Ropa,5,91,455,290.36
2679,2025-10-21,Primavera,C4676,Económico,Norte,Perú,Deportes,16,51,816,603.15
2680,2024-09-05,Primavera,C6579,Económico,Centro,Perú,Deportes,13,42,546,408.72
2681,2025-08-27,Invierno,C7065,Premium,Norte,Colombia,Deportes,6,194,1164,754.46
2682,2024-10-23,Primavera,C1626,Premium,Norte,Colombia,Ropa,5,127,635,451.25
2683,2024-11-25,Primavera,C7833,Premium,Norte,Chile,Electrónica,9,132,1188,859.12
2684,2024-11-16,Primavera,C5071,Estándar,Centro,Chile,Deportes,12,64,768,504.58
2685,2025-06-21,Invierno,C6231,Premium,Centro,Perú,Electrónica,3,115,345,227.14
2686,2025-04-04,Otoño,C2345,Premium,Centro,Chile,Hogar,14,130,1820,1168.09
2687,2024-04-11,Otoño,C4490,Premium,Centro,Perú,Hogar,8,140,1120,809.16
2688,2024-04-22,Otoño,C8059,Estándar,Norte,Chile,Ropa,15,87,1305,768.91
2689,2024-08-22,Invierno,C5038,Premium,Sur,Chile,Hogar,2,156,312,181.99
2690,2024-08-08,Invierno,C3309,Premium,Norte,Perú,Electrónica,8,108,864,517.47
2691,2024-08-16,Invierno,C8730,Estándar,Sur,Chile,Deportes,2,102,204,145.82
2692,2025-02-15,Verano,C4002,Premium,Centro,Colombia,Electrónica,12,169,2028,1336.45
2693,2024-07-27,Invierno,C7523,Estándar,Centro,Colombia,Hogar,7,87,609,454.81
2694,2024-08-19,Invierno,C4607,Premium,Centro,Perú,Hogar,3,141,423,252.81
2695,2025-01-17,Verano,C5907,Estándar,Centro,Chile,Ropa,26,61,1586,1027.38
2696,2025-11-16,Primavera,C7029,Estándar,Norte,Perú,Hogar,9,111,999,569.85
2697,2025-04-24,Otoño,C5872,Premium,Norte,Chile,Deportes,5,127,635,445.64
2698,2024-05-15,Otoño,C1887,Premium,Sur,Colombia,Deportes,10,108,1080,653.09
2699,2025-12-16,Verano,C6930,Económico,Sur,Chile,Deportes,19,33,627,448.47
2700,2025-04-30,Otoño,C4233,Estándar,Norte,Chile,Electrónica,9,105,945,592
2701,2024-06-06,Invierno,C5920,Económico,Norte,Chile,Electrónica,2,51,102,71.39
2702,2025-12-19,Verano,C8335,Estándar,Sur,Colombia,Electrónica,8,85,680,395.81
2703,2025-07-04,Invierno,C3713,Premium,Norte,Perú,Hogar,4,186,744,556.67
2704,2024-08-19,Invierno,C3703,Estándar,Sur,Chile,Ropa,4,56,224,153.19
2705,2024-01-01,Verano,C3526,Estándar,Centro,Chile,Hogar,29,67,1943,1106.57
2706,2025-02-21,Verano,C4003,Premium,Norte,Perú,Electrónica,23,198,4554,3105.83
2707,2024-06-10,Invierno,C1398,Económico,Sur,Colombia,Electrónica,8,48,384,211.68
2708,2024-05-20,Otoño,C3163,Estándar,Sur,Perú,Electrónica,7,51,357,201.4
2709,2025-07-20,Invierno,C4980,Premium,Centro,Chile,Hogar,5,187,935,524.15
2710,2025-08-12,Invierno,C9519,Estándar,Centro,Colombia,Hogar,5,57,285,189.38
2711,2025-11-13,Primavera,C2862,Estándar,Centro,Perú,Hogar,11,103,1133,741.13
2712,2025-04-22,Otoño,C4700,Estándar,Centro,Colombia,Deportes,11,90,990,603.76
2713,2025-11-03,Primavera,C2547,Estándar,Sur,Chile,Electrónica,5,117,585,402.6
2714,2024-08-04,Invierno,C5511,Premium,Sur,Chile,Deportes,4,118,472,324.42
2715,2024-09-04,Primavera,C6931,Estándar,Sur,Colombia,Deportes,8,75,600,350.84
2716,2025-07-24,Invierno,C7938,Económico,Norte,Perú,Ropa,7,30,210,117.99
2717,2025-02-21,Verano,C7790,Premium,Norte,Chile,Electrónica,19,120,2280,1623.52
2718,2024-08-31,Invierno,C6325,Estándar,Norte,Colombia,Ropa,5,60,300,181.74
2719,2024-12-03,Verano,C4285,Estándar,Sur,Perú,Electrónica,10,86,860,637.41
2720,2025-08-19,Invierno,C2234,Económico,Centro,Chile,Electrónica,1,34,34,25.44
2721,2025-04-20,Otoño,C4703,Estándar,Norte,Chile,Hogar,15,92,1380,960.79
2722,2025-02-01,Verano,C8754,Estándar,Centro,Chile,Hogar,20,54,1080,675.53
2723,2024-03-10,Otoño,C1604,Premium,Centro,Perú,Electrónica,8,150,1200,679.21
2724,2024-04-19,Otoño,C2140,Estándar,Sur,Chile,Hogar,7,100,700,388.5
2725,2024-11-05,Primavera,C7838,Premium,Sur,Chile,Electrónica,16,198,3168,1914.45
2726,2024-03-07,Otoño,C8737,Estándar,Sur,Perú,Deportes,13,92,1196,758.34
2727,2025-04-25,Otoño,C3460,Estándar,Sur,Perú,Deportes,7,116,812,472.68
2728,2025-08-24,Invierno,C9884,Premium,Centro,Chile,Hogar,2,127,254,159.95
2729,2024-07-12,Invierno,C8956,Estándar,Centro,Chile,Electrónica,4,69,276,171.69
2730,2025-05-11,Otoño,C5550,Premium,Centro,Perú,Electrónica,10,178,1780,1083.73
2731,2025-01-29,Verano,C9264,Estándar,Sur,Colombia,Electrónica,15,119,1785,1317.88
2732,2025-09-25,Primavera,C6491,Estándar,Norte,Chile,Ropa,6,111,666,487.82
2733,2025-09-15,Primavera,C4047,Estándar,Norte,Perú,Deportes,10,58,580,330.31
2734,2024-02-26,Verano,C4875,Económico,Centro,Perú,Electrónica,17,33,561,318.82
2735,2025-08-07,Invierno,C5351,Premium,Norte,Colombia,Ropa,5,140,700,493.52
2736,2024-09-29,Primavera,C4914,Económico,Centro,Perú,Ropa,7,54,378,265.34
2737,2024-12-06,Verano,C4840,Premium,Sur,Chile,Hogar,21,152,3192,1835.3
2738,2024-02-15,Verano,C9412,Estándar,Centro,Colombia,Ropa,16,89,1424,785.27
2739,2025-09-29,Primavera,C5482,Estándar,Norte,Perú,Deportes,9,64,576,401.26
2740,2024-03-23,Otoño,C7113,Estándar,Centro,Colombia,Electrónica,11,68,748,426.84
2741,2024-03-05,Otoño,C1522,Estándar,Centro,Colombia,Deportes,8,111,888,518.51
2742,2024-09-08,Primavera,C8104,Estándar,Centro,Colombia,Electrónica,13,106,1378,1009.1
2743,2024-09-08,Primavera,C5647,Estándar,Sur,Colombia,Electrónica,16,104,1664,1020.09
2744,2025-05-08,Otoño,C5099,Estándar,Norte,Chile,Electrónica,6,79,474,312.77
2745,2025-05-07,Otoño,C8553,Estándar,Norte,Chile,Hogar,8,61,488,328.65
2746,2025-06-28,Invierno,C5173,Estándar,Sur,Chile,Electrónica,2,101,202,149.87
2747,2025-08-16,Invierno,C6088,Estándar,Sur,Perú,Deportes,2,63,126,71.92
2748,2025-06-06,Invierno,C1874,Estándar,Sur,Perú,Ropa,7,110,770,458.33
2749,2024-03-09,Otoño,C9322,Premium,Centro,Chile,Hogar,8,174,1392,998.5
2750,2025-09-10,Primavera,C5869,Estándar,Centro,Chile,Hogar,7,104,728,524.77
2751,2025-04-20,Otoño,C5213,Estándar,Norte,Perú,Electrónica,15,92,1380,847.38
2752,2024-12-06,Verano,C1622,Estándar,Norte,Chile,Hogar,27,78,2106,1485.44
2753,2024-06-18,Invierno,C5156,Económico,Norte,Chile,Hogar,4,68,272,194.54
2754,2024-05-30,Otoño,C6474,Premium,Norte,Perú,Hogar,14,191,2674,1998.21
2755,2024-06-07,Invierno,C4654,Estándar,Norte,Perú,Hogar,4,53,212,149.25
2756,2025-03-02,Otoño,C2982,Económico,Sur,Chile,Electrónica,16,38,608,451.19
2757,2024-02-06,Verano,C2407,Estándar,Centro,Perú,Electrónica,14,61,854,499.21
2758,2024-10-29,Primavera,C5272,Estándar,Sur,Chile,Ropa,10,54,540,397.87
2759,2025-04-26,Otoño,C5543,Económico,Norte,Chile,Ropa,14,39,546,300.35
2760,2025-10-22,Primavera,C6456,Económico,Norte,Colombia,Ropa,12,33,396,292.27
2761,2025-03-12,Otoño,C9206,Estándar,Norte,Chile,Ropa,15,108,1620,1006.02
2762,2025-11-02,Primavera,C5501,Económico,Centro,Perú,Deportes,14,52,728,413.03
2763,2025-10-23,Primavera,C6013,Premium,Norte,Perú,Hogar,15,170,2550,1746.66
2764,2025-07-04,Invierno,C7596,Económico,Sur,Perú,Electrónica,2,35,70,42.57
2765,2025-04-22,Otoño,C5754,Estándar,Norte,Colombia,Deportes,12,93,1116,764.54
2766,2024-09-30,Primavera,C1805,Estándar,Sur,Perú,Electrónica,9,118,1062,775.11
2767,2025-03-20,Otoño,C4988,Estándar,Norte,Chile,Hogar,15,66,990,701.52
2768,2024-02-23,Verano,C9282,Estándar,Centro,Perú,Electrónica,16,64,1024,724.95
2769,2025-12-12,Verano,C2577,Premium,Centro,Perú,Hogar,17,172,2924,2103.25
2770,2025-03-25,Otoño,C7757,Premium,Centro,Colombia,Hogar,17,141,2397,1411.08
2771,2025-11-16,Primavera,C9218,Estándar,Sur,Chile,Ropa,9,105,945,569.38
2772,2024-07-28,Invierno,C3154,Estándar,Sur,Colombia,Deportes,6,116,696,388.42
2773,2025-03-27,Otoño,C5093,Estándar,Norte,Colombia,Deportes,7,91,637,449.02
2774,2025-10-08,Primavera,C6022,Estándar,Centro,Chile,Ropa,10,109,1090,813.4
2775,2024-06-19,Invierno,C2927,Estándar,Norte,Perú,Ropa,9,51,459,315.16
2776,2024-07-17,Invierno,C9888,Estándar,Centro,Chile,Hogar,5,54,270,190.97
2777,2024-12-13,Verano,C7519,Económico,Sur,Perú,Hogar,21,56,1176,664.37
2778,2024-05-18,Otoño,C9422,Estándar,Norte,Perú,Deportes,8,66,528,354.67
2779,2025-02-15,Verano,C6713,Estándar,Norte,Perú,Electrónica,22,105,2310,1431.48
2780,2025-08-26,Invierno,C8708,Estándar,Sur,Perú,Ropa,7,104,728,457.99
2781,2025-10-05,Primavera,C5394,Premium,Sur,Chile,Deportes,17,118,2006,1482.87
2782,2024-03-14,Otoño,C2761,Premium,Norte,Perú,Deportes,12,199,2388,1610.58
2783,2025-01-05,Verano,C4925,Premium,Norte,Chile,Hogar,20,141,2820,1866.57
2784,2024-04-10,Otoño,C3712,Premium,Norte,Perú,Deportes,16,113,1808,1256.77
2785,2025-10-15,Primavera,C8921,Estándar,Centro,Perú,Ropa,9,98,882,507.63
2786,2025-09-02,Primavera,C1946,Premium,Sur,Chile,Ropa,14,121,1694,1057.88
2787,2025-06-06,Invierno,C5730,Premium,Sur,Perú,Hogar,5,157,785,552.42
2788,2024-06-24,Invierno,C4774,Económico,Norte,Chile,Deportes,4,46,184,105.45
2789,2025-07-23,Invierno,C7701,Premium,Sur,Colombia,Electrónica,6,171,1026,608.1
2790,2024-04-05,Otoño,C1772,Premium,Centro,Perú,Deportes,12,136,1632,1185.39
2791,2025-04-11,Otoño,C4902,Económico,Centro,Perú,Hogar,10,44,440,279.34
2792,2025-06-08,Invierno,C3465,Estándar,Norte,Chile,Deportes,5,114,570,330.9
2793,2025-06-27,Invierno,C8455,Premium,Sur,Chile,Electrónica,2,126,252,185.94
2794,2024-12-03,Verano,C3127,Premium,Norte,Colombia,Electrónica,19,161,3059,1917.99
2795,2024-07-02,Invierno,C6955,Estándar,Centro,Chile,Ropa,5,98,490,321.96
2796,2025-12-09,Verano,C6848,Estándar,Norte,Colombia,Electrónica,16,50,800,495.74
2797,2025-04-18,Otoño,C2950,Premium,Centro,Perú,Hogar,9,172,1548,893.03
2798,2025-03-06,Otoño,C2813,Estándar,Norte,Chile,Deportes,7,63,441,307.13
2799,2025-03-22,Otoño,C2982,Premium,Sur,Colombia,Electrónica,8,177,1416,834.33
2800,2025-06-01,Invierno,C1140,Premium,Norte,Perú,Hogar,7,193,1351,777.39
2801,2025-02-06,Verano,C4515,Económico,Centro,Chile,Hogar,17,20,340,188.48
2802,2025-06-10,Invierno,C8823,Estándar,Centro,Chile,Deportes,2,89,178,125.88
2803,2025-07-12,Invierno,C3229,Premium,Centro,Colombia,Ropa,6,174,1044,619.69
2804,2025-11-19,Primavera,C6542,Económico,Sur,Colombia,Ropa,17,42,714,436.87
2805,2024-05-27,Otoño,C5726,Estándar,Norte,Chile,Deportes,15,108,1620,919.2
2806,2024-03-09,Otoño,C5628,Estándar,Norte,Perú,Deportes,12,82,984,672.42
2807,2024-05-02,Otoño,C1574,Premium,Centro,Chile,Ropa,12,174,2088,1363.58
2808,2024-07-07,Invierno,C2757,Premium,Centro,Chile,Ropa,7,169,1183,672.92
2809,2024-09-22,Primavera,C5369,Estándar,Norte,Chile,Ropa,11,89,979,656.24
2810,2025-04-18,Otoño,C3693,Premium,Centro,Perú,Ropa,10,197,1970,1403.19
2811,2025-01-03,Verano,C3917,Estándar,Norte,Perú,Hogar,17,119,2023,1319.93
2812,2025-07-05,Invierno,C5185,Estándar,Centro,Chile,Hogar,7,100,700,483.52
2813,2025-07-16,Invierno,C6014,Estándar,Sur,Chile,Electrónica,6,109,654,451.7
2814,2025-04-24,Otoño,C4438,Estándar,Centro,Perú,Hogar,7,65,455,316.24
2815,2025-03-17,Otoño,C4050,Estándar,Centro,Colombia,Hogar,14,76,1064,598.62
2816,2024-04-07,Otoño,C9251,Premium,Norte,Colombia,Deportes,5,138,690,405.14
2817,2024-04-28,Otoño,C2372,Premium,Norte,Chile,Electrónica,14,190,2660,1688.73
2818,2024-09-19,Primavera,C5123,Premium,Centro,Perú,Hogar,14,159,2226,1426.08
2819,2025-03-29,Otoño,C1088,Estándar,Norte,Perú,Electrónica,10,117,1170,671.79
2820,2024-04-15,Otoño,C4399,Económico,Norte,Colombia,Ropa,15,45,675,474.35
2821,2025-02-06,Verano,C6430,Estándar,Centro,Perú,Deportes,12,53,636,469.8
2822,2025-01-12,Verano,C9120,Premium,Centro,Colombia,Electrónica,8,100,800,454.37
2823,2025-09-28,Primavera,C1710,Económico,Norte,Colombia,Electrónica,17,42,714,458.65
2824,2024-08-19,Invierno,C6617,Estándar,Norte,Colombia,Ropa,11,100,1100,713.15
2825,2025-01-31,Verano,C3540,Estándar,Norte,Colombia,Electrónica,18,117,2106,1322.06
2826,2024-07-17,Invierno,C3461,Estándar,Sur,Colombia,Ropa,7,85,595,389.26
2827,2024-08-02,Invierno,C1958,Premium,Norte,Colombia,Ropa,6,197,1182,778.05
2828,2024-01-29,Verano,C9090,Estándar,Norte,Perú,Deportes,28,76,2128,1580.27
2829,2024-08-26,Invierno,C8707,Estándar,Norte,Colombia,Deportes,11,50,550,365.84
2830,2024-11-20,Primavera,C7186,Económico,Centro,Perú,Ropa,17,30,510,325.46
2831,2024-09-18,Primavera,C3349,Premium,Centro,Chile,Hogar,16,134,2144,1307.83
2832,2024-02-16,Verano,C2819,Estándar,Centro,Chile,Hogar,26,97,2522,1502.6
2833,2025-11-21,Primavera,C1582,Premium,Norte,Perú,Hogar,10,138,1380,926.78
2834,2025-08-07,Invierno,C7654,Estándar,Centro,Perú,Ropa,5,111,555,307.92
2835,2025-11-17,Primavera,C3434,Estándar,Sur,Chile,Electrónica,15,100,1500,911.12
2836,2024-05-02,Otoño,C6867,Estándar,Sur,Perú,Ropa,11,118,1298,817.64
2837,2025-08-03,Invierno,C3996,Estándar,Norte,Chile,Hogar,3,114,342,196.44
2838,2024-01-09,Verano,C5069,Estándar,Sur,Colombia,Deportes,20,79,1580,1041.99
2839,2024-08-20,Invierno,C9488,Estándar,Norte,Perú,Hogar,9,76,684,470.5
2840,2025-07-24,Invierno,C6997,Estándar,Norte,Colombia,Hogar,8,82,656,426.61
2841,2024-09-24,Primavera,C2613,Premium,Sur,Chile,Deportes,10,125,1250,888.05
2842,2025-05-05,Otoño,C2231,Premium,Centro,Colombia,Deportes,15,110,1650,1118.46
2843,2024-11-07,Primavera,C4499,Estándar,Norte,Perú,Hogar,11,57,627,361.1
2844,2024-12-29,Verano,C6116,Estándar,Norte,Colombia,Electrónica,10,51,510,310.48
2845,2024-07-11,Invierno,C4007,Estándar,Centro,Perú,Ropa,5,104,520,369.24
2846,2025-05-19,Otoño,C8512,Estándar,Sur,Perú,Electrónica,5,82,410,254.19
2847,2025-01-21,Verano,C8918,Económico,Norte,Perú,Ropa,10,49,490,307.62
2848,2025-11-05,Primavera,C9906,Estándar,Norte,Chile,Electrónica,16,58,928,527.4
2849,2024-01-18,Verano,C3791,Premium,Sur,Colombia,Ropa,9,111,999,565.06
2850,2025-01-04,Verano,C5147,Estándar,Sur,Perú,Hogar,10,94,940,590.18
2851,2024-12-30,Verano,C1613,Estándar,Centro,Perú,Ropa,18,86,1548,878.14
2852,2024-06-14,Invierno,C2009,Premium,Sur,Perú,Hogar,7,151,1057,587.36
2853,2025-03-22,Otoño,C2674,Estándar,Centro,Chile,Hogar,16,68,1088,615.21
2854,2025-01-20,Verano,C7942,Premium,Norte,Chile,Hogar,24,162,3888,2650.04
2855,2024-02-19,Verano,C4249,Estándar,Norte,Chile,Electrónica,22,61,1342,864.82
2856,2025-05-21,Otoño,C2446,Económico,Norte,Colombia,Deportes,15,65,975,694.36
2857,2024-03-02,Otoño,C3982,Estándar,Sur,Chile,Ropa,6,91,546,313.66
2858,2024-01-23,Verano,C4587,Premium,Norte,Perú,Electrónica,14,111,1554,927.19
2859,2024-11-28,Primavera,C8296,Económico,Centro,Perú,Hogar,12,38,456,257.09
2860,2024-10-09,Primavera,C8083,Económico,Centro,Chile,Electrónica,5,44,220,142.97
2861,2025-04-14,Otoño,C1686,Estándar,Centro,Perú,Ropa,11,102,1122,766.47
2862,2025-10-17,Primavera,C8983,Estándar,Sur,Chile,Deportes,12,108,1296,722.56
2863,2025-08-05,Invierno,C4771,Estándar,Centro,Perú,Electrónica,6,51,306,195.67
2864,2024-03-20,Otoño,C7612,Estándar,Norte,Chile,Ropa,10,68,680,377.58
2865,2025-02-20,Verano,C2248,Estándar,Norte,Colombia,Hogar,19,81,1539,1107.45
2866,2024-06-14,Invierno,C2235,Estándar,Norte,Colombia,Hogar,4,65,260,169.1
2867,2025-11-05,Primavera,C2204,Premium,Centro,Chile,Electrónica,5,165,825,568.54
2868,2025-01-27,Verano,C9356,Premium,Sur,Chile,Deportes,31,114,3534,2647.55
2869,2025-02-02,Verano,C9427,Estándar,Norte,Chile,Deportes,33,96,3168,2143.88
2870,2024-03-26,Otoño,C9738,Premium,Centro,Perú,Deportes,11,136,1496,826.61
2871,2024-10-07,Primavera,C4412,Estándar,Centro,Colombia,Ropa,17,73,1241,731.32
2872,2025-05-20,Otoño,C3056,Estándar,Sur,Colombia,Deportes,16,75,1200,809.69
2873,2025-01-27,Verano,C6250,Premium,Centro,Perú,Deportes,21,130,2730,1595.67
2874,2024-10-10,Primavera,C9067,Premium,Centro,Colombia,Electrónica,12,121,1452,1020.51
2875,2024-04-05,Otoño,C7806,Económico,Norte,Perú,Deportes,11,36,396,250.36
2876,2024-03-16,Otoño,C4728,Estándar,Centro,Chile,Electrónica,7,87,609,359.24
2877,2024-02-26,Verano,C5564,Económico,Centro,Colombia,Ropa,8,29,232,151.63
2878,2024-03-09,Otoño,C7668,Económico,Centro,Perú,Hogar,14,47,658,473.49
2879,2024-08-27,Invierno,C6747,Premium,Centro,Perú,Hogar,2,168,336,205.45
2880,2025-12-10,Verano,C4954,Económico,Norte,Colombia,Hogar,19,56,1064,718.27
2881,2024-08-02,Invierno,C6909,Estándar,Sur,Chile,Deportes,1,68,68,48.45
2882,2024-12-24,Verano,C7778,Premium,Sur,Colombia,Electrónica,19,173,3287,2179.56
2883,2024-07-26,Invierno,C8888,Premium,Centro,Colombia,Ropa,8,170,1360,809.3
2884,2024-09-06,Primavera,C5671,Económico,Norte,Chile,Deportes,14,39,546,367.22
2885,2025-01-15,Verano,C8423,Económico,Sur,Perú,Electrónica,15,21,315,220.85
2886,2025-07-15,Invierno,C2382,Estándar,Sur,Colombia,Hogar,7,86,602,451.32
2887,2024-12-19,Verano,C6932,Económico,Sur,Colombia,Electrónica,13,57,741,521.45
2888,2024-08-06,Invierno,C4321,Premium,Centro,Perú,Hogar,2,172,344,193.6
2889,2024-06-29,Invierno,C6697,Económico,Centro,Chile,Ropa,5,22,110,81.56
2890,2024-04-13,Otoño,C1626,Estándar,Norte,Chile,Electrónica,11,59,649,373.89
2891,2024-01-03,Verano,C4141,Estándar,Sur,Chile,Electrónica,25,105,2625,1469.75
2892,2024-07-10,Invierno,C5517,Premium,Norte,Chile,Electrónica,5,159,795,509.89
2893,2024-07-19,Invierno,C3303,Estándar,Norte,Chile,Deportes,1,86,86,50.55
2894,2025-09-02,Primavera,C1187,Estándar,Norte,Perú,Deportes,16,115,1840,1169.79
2895,2024-12-23,Verano,C4066,Estándar,Sur,Chile,Electrónica,29,54,1566,894.63
2896,2024-03-14,Otoño,C3895,Estándar,Sur,Chile,Hogar,11,63,693,487.03
2897,2024-09-13,Primavera,C7843,Estándar,Centro,Chile,Electrónica,9,71,639,394.27
2898,2025-11-07,Primavera,C1842,Estándar,Centro,Perú,Electrónica,12,107,1284,959.91
2899,2024-04-11,Otoño,C5781,Económico,Centro,Colombia,Hogar,12,20,240,170.85
2900,2025-12-06,Verano,C2809,Estándar,Sur,Perú,Ropa,17,69,1173,744.69
2901,2024-06-22,Invierno,C3904,Estándar,Centro,Colombia,Electrónica,11,107,1177,857.45
2902,2025-09-04,Primavera,C9933,Premium,Sur,Perú,Hogar,10,192,1920,1138.22
2903,2024-09-16,Primavera,C8321,Estándar,Sur,Chile,Electrónica,8,54,432,316.72
2904,2025-01-27,Verano,C5444,Premium,Centro,Perú,Electrónica,23,196,4508,2694.88
2905,2024-09-14,Primavera,C1111,Premium,Norte,Chile,Ropa,11,158,1738,1213.44
2906,2024-12-03,Verano,C9287,Económico,Sur,Colombia,Deportes,14,67,938,630.63
2907,2025-02-15,Verano,C2499,Premium,Norte,Chile,Deportes,30,137,4110,2547.63
2908,2024-10-01,Primavera,C3402,Estándar,Sur,Perú,Deportes,9,116,1044,669.72
2909,2024-05-19,Otoño,C7192,Premium,Sur,Colombia,Electrónica,7,125,875,493.4
2910,2024-02-21,Verano,C9644,Estándar,Centro,Chile,Hogar,13,77,1001,686.46
2911,2025-06-12,Invierno,C2681,Premium,Sur,Perú,Electrónica,4,115,460,289.44
2912,2025-02-24,Verano,C3085,Estándar,Sur,Chile,Hogar,29,61,1769,1225.49
2913,2024-11-12,Primavera,C2094,Estándar,Centro,Chile,Electrónica,8,90,720,396.99
2914,2024-01-31,Verano,C7666,Económico,Norte,Colombia,Ropa,17,64,1088,751.93
2915,2025-09-19,Primavera,C7553,Premium,Norte,Perú,Electrónica,12,108,1296,809.31
2916,2024-04-05,Otoño,C4434,Económico,Centro,Perú,Electrónica,9,33,297,222.09
2917,2025-01-30,Verano,C3405,Premium,Centro,Perú,Deportes,24,157,3768,2322.57
2918,2025-11-20,Primavera,C2522,Económico,Norte,Chile,Electrónica,14,45,630,357.12
2919,2024-10-10,Primavera,C5412,Estándar,Norte,Colombia,Hogar,10,113,1130,672.45
2920,2024-12-03,Verano,C7040,Premium,Sur,Chile,Hogar,19,109,2071,1202.55
2921,2024-08-31,Invierno,C1312,Estándar,Sur,Colombia,Hogar,8,103,824,475.19
2922,2025-10-04,Primavera,C1958,Estándar,Norte,Perú,Ropa,15,115,1725,1185.75
2923,2024-11-22,Primavera,C5202,Premium,Sur,Chile,Deportes,6,196,1176,812.65
2924,2024-04-24,Otoño,C3847,Premium,Centro,Chile,Deportes,13,142,1846,1254.45
2925,2025-07-27,Invierno,C3536,Estándar,Sur,Perú,Ropa,6,53,318,201.25
2926,2025-11-29,Primavera,C3824,Premium,Sur,Perú,Hogar,5,134,670,445.72
2927,2025-09-13,Primavera,C9059,Estándar,Sur,Chile,Electrónica,15,66,990,696.85
2928,2024-12-21,Verano,C4884,Estándar,Sur,Colombia,Deportes,16,96,1536,1003.13
2929,2025-02-04,Verano,C4415,Estándar,Sur,Colombia,Electrónica,18,107,1926,1237.52
2930,2025-05-24,Otoño,C3291,Premium,Sur,Perú,Deportes,16,150,2400,1352.84
2931,2024-11-28,Primavera,C4839,Estándar,Centro,Chile,Electrónica,12,51,612,355.59
2932,2024-01-23,Verano,C8145,Estándar,Norte,Perú,Hogar,13,92,1196,808.63
2933,2024-09-01,Primavera,C6202,Premium,Sur,Perú,Electrónica,14,198,2772,1788.37
2934,2025-08-01,Invierno,C6975,Estándar,Norte,Perú,Hogar,9,54,486,350.69
2935,2025-03-13,Otoño,C9148,Estándar,Sur,Perú,Hogar,12,101,1212,705.97
2936,2024-04-16,Otoño,C5619,Económico,Norte,Chile,Deportes,13,58,754,467.15
2937,2025-07-04,Invierno,C8235,Estándar,Centro,Perú,Hogar,6,59,354,254.22
2938,2025-08-05,Invierno,C7210,Estándar,Sur,Chile,Deportes,7,63,441,296.52
2939,2025-01-03,Verano,C8659,Premium,Norte,Chile,Electrónica,12,107,1284,888.65
2940,2024-04-02,Otoño,C9224,Estándar,Sur,Colombia,Hogar,5,74,370,210.75
2941,2024-02-17,Verano,C2316,Estándar,Sur,Chile,Electrónica,24,71,1704,1094.27
2942,2025-01-12,Verano,C6409,Estándar,Sur,Perú,Deportes,24,113,2712,1600.96
2943,2024-03-19,Otoño,C3062,Estándar,Norte,Chile,Deportes,6,113,678,451.55
2944,2024-10-11,Primavera,C2839,Estándar,Norte,Colombia,Electrónica,5,91,455,258.31
2945,2024-06-08,Invierno,C1164,Económico,Centro,Colombia,Ropa,6,56,336,221.61
2946,2025-09-25,Primavera,C3319,Estándar,Sur,Chile,Deportes,15,60,900,597.52
2947,2025-03-16,Otoño,C2132,Estándar,Norte,Colombia,Deportes,5,55,275,164.91
2948,2024-11-09,Primavera,C5393,Estándar,Sur,Chile,Electrónica,7,73,511,361.86
2949,2024-11-22,Primavera,C1294,Estándar,Centro,Perú,Electrónica,17,58,986,544.38
2950,2024-01-09,Verano,C6956,Estándar,Centro,Chile,Deportes,28,59,1652,976.6
2951,2025-04-17,Otoño,C5410,Estándar,Norte,Perú,Deportes,11,81,891,531.78
2952,2024-03-27,Otoño,C4464,Estándar,Sur,Chile,Hogar,8,110,880,569.22
2953,2024-12-13,Verano,C3135,Estándar,Centro,Colombia,Hogar,11,76,836,495.29
2954,2024-04-29,Otoño,C2506,Estándar,Centro,Perú,Ropa,6,98,588,420.89
2955,2025-01-19,Verano,C9587,Económico,Sur,Perú,Electrónica,13,66,858,523.36
2956,2024-12-09,Verano,C6502,Estándar,Centro,Perú,Deportes,15,93,1395,907.74
2957,2024-02-23,Verano,C2479,Económico,Sur,Chile,Ropa,13,35,455,265.04
2958,2025-01-20,Verano,C4023,Estándar,Norte,Perú,Hogar,15,50,750,558.75
2959,2024-08-10,Invierno,C6078,Premium,Centro,Perú,Electrónica,4,180,720,486.81
2960,2024-12-07,Verano,C1804,Premium,Norte,Chile,Ropa,15,199,2985,1806.25
2961,2025-05-17,Otoño,C1699,Premium,Norte,Perú,Deportes,8,129,1032,647.32
2962,2025-06-14,Invierno,C1939,Estándar,Centro,Chile,Ropa,3,111,333,199.23
2963,2024-10-11,Primavera,C6121,Estándar,Sur,Colombia,Electrónica,13,112,1456,948.87
2964,2024-01-02,Verano,C9960,Premium,Norte,Colombia,Ropa,8,174,1392,998.19
2965,2024-10-30,Primavera,C2801,Económico,Sur,Perú,Deportes,13,60,780,452.27
2966,2025-09-22,Primavera,C7483,Premium,Norte,Colombia,Deportes,17,179,3043,2071.78
2967,2024-12-22,Verano,C3764,Premium,Sur,Perú,Electrónica,17,102,1734,1125.82
2968,2025-06-30,Invierno,C8347,Estándar,Norte,Perú,Ropa,5,77,385,218.51
2969,2025-01-28,Verano,C1299,Estándar,Norte,Chile,Hogar,24,56,1344,858.79
2970,2024-07-14,Invierno,C2917,Estándar,Norte,Colombia,Ropa,7,94,658,401.54
2971,2024-06-02,Invierno,C5800,Económico,Norte,Colombia,Hogar,5,34,170,120.99
2972,2025-05-21,Otoño,C1554,Estándar,Norte,Colombia,Ropa,15,61,915,554.95
2973,2025-10-12,Primavera,C9520,Económico,Norte,Colombia,Hogar,7,20,140,91.24
2974,2024-02-16,Verano,C7744,Premium,Centro,Perú,Hogar,24,154,3696,2336.23
2975,2024-09-28,Primavera,C7293,Estándar,Sur,Chile,Hogar,13,109,1417,893.26
2976,2024-02-01,Verano,C6938,Premium,Centro,Chile,Electrónica,13,180,2340,1323.09
2977,2025-08-10,Invierno,C6821,Premium,Norte,Chile,Deportes,2,102,204,118.93
2978,2025-03-13,Otoño,C5824,Económico,Centro,Chile,Hogar,6,44,264,159.85
2979,2025-01-22,Verano,C8033,Estándar,Norte,Chile,Electrónica,17,69,1173,775.54
2980,2024-03-26,Otoño,C4309,Premium,Norte,Chile,Ropa,10,138,1380,999.27
2981,2024-07-19,Invierno,C7736,Estándar,Norte,Perú,Ropa,6,66,396,230.8
2982,2025-07-29,Invierno,C6198,Estándar,Norte,Perú,Ropa,2,83,166,120.9
2983,2025-11-21,Primavera,C2881,Económico,Centro,Perú,Electrónica,16,22,352,198.81
2984,2024-05-26,Otoño,C1528,Premium,Sur,Perú,Electrónica,13,130,1690,1011.69
2985,2024-11-10,Primavera,C6673,Premium,Centro,Colombia,Hogar,6,179,1074,653.36
2986,2025-04-01,Otoño,C3038,Estándar,Sur,Chile,Electrónica,16,107,1712,1141.58
2987,2025-08-11,Invierno,C1075,Económico,Norte,Chile,Electrónica,3,51,153,111.34
2988,2025-12-25,Verano,C5916,Estándar,Centro,Colombia,Hogar,18,90,1620,1134.5
2989,2025-12-08,Verano,C1832,Económico,Norte,Perú,Electrónica,13,68,884,640.58
2990,2025-12-09,Verano,C8494,Estándar,Norte,Chile,Deportes,15,71,1065,598.56
2991,2025-03-17,Otoño,C8736,Estándar,Sur,Chile,Electrónica,6,107,642,376.06
2992,2024-04-08,Otoño,C4655,Estándar,Sur,Chile,Deportes,8,99,792,453.61
2993,2025-05-07,Otoño,C8393,Económico,Norte,Perú,Ropa,6,33,198,129.04
2994,2024-09-08,Primavera,C3780,Estándar,Norte,Perú,Deportes,6,105,630,437.46
2995,2025-02-13,Verano,C7197,Económico,Norte,Perú,Ropa,17,57,969,636.9
2996,2025-08-28,Invierno,C5619,Premium,Centro,Perú,Hogar,3,162,486,288.09
2997,2025-05-12,Otoño,C9105,Estándar,Sur,Chile,Hogar,13,84,1092,690.31
2998,2024-05-11,Otoño,C9883,Estándar,Norte,Chile,Electrónica,8,90,720,523.29
2999,2025-09-16,Primavera,C8651,Premium,Norte,Colombia,Hogar,17,166,2822,2056.41
3000,2024-10-21,Primavera,C1550,Estándar,Norte,Perú,Deportes,14,81,1134,829.57
3001,2025-04-02,Otoño,C9013,Estándar,Norte,Chile,Hogar,11,78,858,626.59
3002,2024-02-02,Verano,C5861,Premium,Norte,Colombia,Ropa,19,101,1919,1146.18
3003,2024-08-06,Invierno,C8373,Premium,Norte,Chile,Electrónica,6,106,636,354.65
3004,2025-10-18,Primavera,C5520,Estándar,Norte,Perú,Hogar,10,101,1010,728.19
3005,2024-03-24,Otoño,C9298,Premium,Centro,Colombia,Hogar,16,199,3184,1950.48
3006,2024-01-30,Verano,C8975,Estándar,Norte,Chile,Electrónica,12,57,684,510.4
3007,2025-11-28,Primavera,C3302,Estándar,Norte,Perú,Ropa,12,106,1272,863.23
3008,2024-10-17,Primavera,C9672,Estándar,Sur,Perú,Hogar,5,59,295,183.16
3009,2025-12-01,Verano,C8837,Estándar,Sur,Colombia,Electrónica,14,82,1148,722.22
3010,2025-09-18,Primavera,C3998,Premium,Centro,Colombia,Ropa,8,104,832,492.28
3011,2024-11-12,Primavera,C6835,Estándar,Sur,Chile,Ropa,8,65,520,331.66
3012,2025-12-29,Verano,C2098,Económico,Centro,Perú,Electrónica,13,40,520,368.51
3013,2025-07-03,Invierno,C5067,Económico,Sur,Perú,Ropa,4,30,120,69.88
3014,2024-11-21,Primavera,C7852,Estándar,Centro,Perú,Ropa,5,107,535,339.28
3015,2025-10-22,Primavera,C8623,Estándar,Centro,Colombia,Electrónica,7,59,413,253.72
3016,2025-02-13,Verano,C9249,Estándar,Norte,Colombia,Electrónica,12,63,756,444.04
3017,2025-03-23,Otoño,C5115,Económico,Centro,Colombia,Electrónica,10,62,620,426.75
3018,2024-12-29,Verano,C8556,Premium,Norte,Chile,Ropa,27,129,3483,2042.76
3019,2024-08-01,Invierno,C4988,Estándar,Norte,Colombia,Ropa,11,86,946,676.14
3020,2025-07-12,Invierno,C3116,Premium,Sur,Colombia,Electrónica,4,129,516,295.43
3021,2025-03-16,Otoño,C8498,Económico,Centro,Colombia,Hogar,13,60,780,550.2
3022,2025-07-09,Invierno,C6536,Estándar,Sur,Perú,Hogar,5,53,265,174.69
3023,2024-09-30,Primavera,C4589,Económico,Norte,Colombia,Electrónica,10,56,560,313.18
3024,2024-12-12,Verano,C3606,Económico,Centro,Chile,Hogar,20,21,420,241.59
3025,2025-11-13,Primavera,C3814,Premium,Sur,Chile,Deportes,6,183,1098,691.37
3026,2024-02-03,Verano,C7025,Premium,Centro,Chile,Deportes,25,101,2525,1849.32
3027,2025-09-21,Primavera,C7027,Premium,Centro,Chile,Ropa,10,159,1590,895.58
3028,2025-10-07,Primavera,C3657,Premium,Centro,Perú,Hogar,10,155,1550,1109.2
3029,2025-02-26,Verano,C5872,Económico,Sur,Perú,Electrónica,13,52,676,381.87
3030,2025-08-12,Invierno,C7978,Premium,Norte,Perú,Deportes,8,136,1088,717.88
3031,2025-11-14,Primavera,C9332,Estándar,Centro,Perú,Hogar,13,83,1079,764.46
3032,2024-05-21,Otoño,C7200,Premium,Sur,Perú,Electrónica,7,198,1386,1037.61
3033,2025-09-08,Primavera,C7354,Estándar,Sur,Perú,Hogar,12,107,1284,778.89
3034,2024-11-11,Primavera,C4424,Estándar,Centro,Colombia,Ropa,8,63,504,332.14
3035,2025-06-06,Invierno,C3235,Estándar,Norte,Perú,Electrónica,8,76,608,429.86
3036,2025-07-11,Invierno,C5237,Estándar,Norte,Chile,Hogar,2,71,142,97.23
3037,2025-12-26,Verano,C5228,Estándar,Norte,Perú,Hogar,11,90,990,594.97
3038,2025-11-19,Primavera,C4855,Estándar,Sur,Perú,Ropa,11,103,1133,765.95
3039,2025-02-23,Verano,C4090,Premium,Centro,Colombia,Electrónica,10,107,1070,722.24
3040,2024-09-13,Primavera,C2628,Económico,Sur,Colombia,Deportes,8,64,512,307.77
3041,2024-06-17,Invierno,C3711,Estándar,Norte,Perú,Ropa,7,71,497,313.21
3042,2024-11-11,Primavera,C3371,Estándar,Norte,Colombia,Hogar,14,52,728,527.47
3043,2025-10-10,Primavera,C3540,Estándar,Norte,Perú,Hogar,9,94,846,590.34
3044,2024-09-27,Primavera,C4874,Estándar,Centro,Colombia,Electrónica,9,113,1017,707.49
3045,2025-10-16,Primavera,C9912,Premium,Sur,Colombia,Ropa,9,113,1017,732.56
3046,2025-01-27,Verano,C2507,Estándar,Norte,Colombia,Ropa,17,73,1241,718.46
3047,2024-11-28,Primavera,C8267,Económico,Sur,Perú,Deportes,13,28,364,205.94
3048,2025-03-06,Otoño,C3499,Estándar,Sur,Chile,Electrónica,7,85,595,404.27
3049,2024-08-12,Invierno,C4756,Premium,Centro,Chile,Hogar,6,166,996,661.86
3050,2025-02-06,Verano,C3594,Premium,Sur,Perú,Electrónica,12,194,2328,1662.88
3051,2024-05-12,Otoño,C5899,Premium,Sur,Perú,Electrónica,5,199,995,737.64
3052,2025-04-14,Otoño,C8960,Estándar,Centro,Chile,Hogar,17,58,986,732.45
3053,2024-06-26,Invierno,C5168,Premium,Sur,Colombia,Ropa,6,110,660,424.84
3054,2025-09-28,Primavera,C9534,Estándar,Norte,Chile,Hogar,17,99,1683,1181.3
3055,2025-05-17,Otoño,C4451,Económico,Norte,Colombia,Deportes,8,52,416,250.04
3056,2024-06-30,Invierno,C1906,Estándar,Centro,Chile,Electrónica,3,103,309,224.44
3057,2025-07-17,Invierno,C1349,Estándar,Sur,Chile,Hogar,2,97,194,107.39
3058,2024-03-01,Otoño,C6203,Estándar,Norte,Perú,Electrónica,14,108,1512,964.38
3059,2025-02-09,Verano,C8279,Estándar,Centro,Chile,Deportes,22,117,2574,1603.7
3060,2024-09-08,Primavera,C7778,Estándar,Sur,Perú,Ropa,17,99,1683,1085.04
3061,2024-05-20,Otoño,C8363,Estándar,Norte,Colombia,Ropa,16,92,1472,952.85
3062,2024-06-17,Invierno,C7076,Premium,Norte,Colombia,Electrónica,10,186,1860,1281.06
3063,2024-01-17,Verano,C4460,Estándar,Centro,Chile,Hogar,23,115,2645,1747.33
3064,2025-05-01,Otoño,C7947,Estándar,Norte,Perú,Electrónica,5,60,300,202.48
3065,2025-01-28,Verano,C3926,Estándar,Centro,Colombia,Deportes,10,111,1110,671.23
3066,2025-10-18,Primavera,C3507,Económico,Sur,Chile,Deportes,15,33,495,366.56
3067,2025-12-25,Verano,C6741,Económico,Norte,Chile,Ropa,20,23,460,289.7
3068,2024-01-03,Verano,C5074,Premium,Centro,Chile,Deportes,20,101,2020,1180.29
3069,2024-06-05,Invierno,C9826,Estándar,Norte,Colombia,Electrónica,4,63,252,145.37
3070,2025-01-16,Verano,C1764,Económico,Norte,Colombia,Deportes,18,30,540,385.43
3071,2024-07-18,Invierno,C9311,Premium,Sur,Perú,Ropa,7,118,826,463.5
3072,2025-02-25,Verano,C9715,Estándar,Centro,Perú,Hogar,17,80,1360,1006.37
3073,2025-02-17,Verano,C6979,Estándar,Sur,Chile,Electrónica,23,106,2438,1349.45
3074,2024-12-27,Verano,C9698,Premium,Norte,Perú,Ropa,22,112,2464,1608.53
3075,2024-11-25,Primavera,C8312,Estándar,Centro,Chile,Ropa,13,57,741,427.83
3076,2024-12-25,Verano,C4785,Estándar,Norte,Perú,Deportes,22,50,1100,823.09
3077,2024-10-24,Primavera,C9544,Económico,Sur,Perú,Hogar,7,29,203,120.01
3078,2024-01-31,Verano,C9085,Estándar,Centro,Colombia,Hogar,19,110,2090,1285.25
3079,2025-08-16,Invierno,C9995,Premium,Centro,Perú,Ropa,2,179,358,216.05
3080,2025-09-06,Primavera,C3812,Económico,Centro,Perú,Deportes,7,31,217,134.09
3081,2024-10-02,Primavera,C1399,Premium,Centro,Colombia,Electrónica,9,107,963,580.28
3082,2025-09-07,Primavera,C1041,Estándar,Centro,Colombia,Electrónica,6,101,606,375.76
3083,2024-12-21,Verano,C1489,Premium,Norte,Perú,Deportes,20,156,3120,2049.06
3084,2025-04-26,Otoño,C8965,Premium,Norte,Perú,Electrónica,15,183,2745,2058.04
3085,2024-07-10,Invierno,C6767,Premium,Sur,Chile,Electrónica,2,154,308,182.85
3086,2025-06-10,Invierno,C1429,Económico,Centro,Perú,Ropa,9,65,585,344.89
3087,2024-07-05,Invierno,C6445,Premium,Centro,Perú,Hogar,4,136,544,322.53
3088,2025-02-20,Verano,C6187,Económico,Norte,Chile,Ropa,13,47,611,396.72
3089,2025-12-22,Verano,C2394,Económico,Norte,Chile,Electrónica,27,51,1377,814.29
3090,2024-04-16,Otoño,C1773,Estándar,Sur,Perú,Hogar,16,115,1840,1115.49
3091,2024-05-02,Otoño,C3003,Premium,Norte,Perú,Electrónica,11,176,1936,1362.68
3092,2025-12-15,Verano,C6712,Premium,Sur,Chile,Hogar,16,107,1712,1140.44
3093,2025-04-29,Otoño,C6991,Estándar,Sur,Chile,Electrónica,13,54,702,515.88
3094,2025-05-31,Otoño,C2471,Estándar,Norte,Perú,Hogar,9,86,774,509.56
3095,2025-06-29,Invierno,C2302,Premium,Norte,Perú,Hogar,8,179,1432,1018.41
3096,2025-01-09,Verano,C5012,Estándar,Centro,Chile,Electrónica,14,57,798,583.61
3097,2025-04-25,Otoño,C4994,Económico,Sur,Perú,Ropa,12,23,276,159.73
3098,2025-12-17,Verano,C9456,Económico,Norte,Perú,Hogar,18,50,900,635.18
3099,2024-01-05,Verano,C8984,Estándar,Sur,Colombia,Hogar,13,75,975,684.65
3100,2024-09-16,Primavera,C6768,Premium,Sur,Chile,Ropa,6,133,798,482.98
3101,2024-05-09,Otoño,C4802,Económico,Centro,Chile,Electrónica,16,62,992,615.37
3102,2024-07-13,Invierno,C8119,Estándar,Centro,Colombia,Electrónica,7,68,476,316.63
3103,2024-05-12,Otoño,C6655,Premium,Sur,Chile,Deportes,5,143,715,439.87
3104,2025-07-12,Invierno,C3632,Económico,Centro,Chile,Deportes,1,48,48,30.64
3105,2024-05-04,Otoño,C6811,Estándar,Sur,Perú,Deportes,15,92,1380,777.66
3106,2024-10-03,Primavera,C5979,Estándar,Centro,Colombia,Electrónica,13,114,1482,1101.04
3107,2025-08-14,Invierno,C1049,Premium,Centro,Perú,Ropa,7,196,1372,796.35
3108,2025-04-26,Otoño,C3270,Estándar,Sur,Perú,Ropa,13,56,728,523
3109,2025-10-24,Primavera,C3920,Estándar,Sur,Chile,Electrónica,6,93,558,315.86
3110,2024-11-05,Primavera,C9241,Estándar,Centro,Perú,Deportes,17,76,1292,881.76
3111,2025-04-14,Otoño,C7651,Premium,Sur,Chile,Electrónica,7,125,875,591.79
3112,2025-06-24,Invierno,C2945,Premium,Norte,Chile,Hogar,5,197,985,564.39
3113,2024-11-17,Primavera,C5377,Premium,Centro,Perú,Electrónica,16,142,2272,1440.56
3114,2024-04-25,Otoño,C4686,Económico,Centro,Perú,Ropa,12,49,588,408.05
3115,2024-05-29,Otoño,C9860,Premium,Sur,Chile,Electrónica,9,165,1485,1045.39
3116,2024-12-27,Verano,C2715,Premium,Centro,Colombia,Ropa,18,115,2070,1518.37
3117,2025-07-05,Invierno,C2369,Estándar,Centro,Perú,Electrónica,7,117,819,583.19
3118,2025-05-25,Otoño,C1739,Estándar,Centro,Perú,Hogar,12,77,924,523.44
3119,2025-11-09,Primavera,C8518,Estándar,Norte,Colombia,Hogar,17,106,1802,1074.64
3120,2024-05-21,Otoño,C7438,Económico,Sur,Chile,Electrónica,16,20,320,184.24
3121,2025-09-27,Primavera,C9907,Económico,Norte,Chile,Deportes,16,51,816,521.48
3122,2025-11-08,Primavera,C2181,Económico,Norte,Colombia,Deportes,16,45,720,411.34
3123,2025-09-25,Primavera,C2105,Estándar,Sur,Chile,Electrónica,5,101,505,289.03
3124,2025-01-22,Verano,C7069,Económico,Norte,Colombia,Ropa,11,36,396,295.92
3125,2024-05-08,Otoño,C9635,Económico,Norte,Perú,Hogar,7,30,210,157.28
3126,2024-11-15,Primavera,C3187,Económico,Norte,Chile,Electrónica,5,37,185,113.94
3127,2025-11-10,Primavera,C4453,Económico,Norte,Chile,Deportes,9,64,576,425.33
3128,2025-07-29,Invierno,C9483,Estándar,Norte,Chile,Deportes,7,119,833,506.93
3129,2025-10-31,Primavera,C3404,Estándar,Sur,Colombia,Electrónica,6,65,390,238.13
3130,2025-06-01,Invierno,C4986,Estándar,Centro,Perú,Deportes,8,82,656,372.34
3131,2024-01-31,Verano,C5185,Económico,Sur,Colombia,Deportes,13,28,364,217.65
3132,2025-08-24,Invierno,C1956,Económico,Centro,Colombia,Electrónica,9,33,297,198.4
3133,2024-05-06,Otoño,C6280,Estándar,Sur,Colombia,Ropa,6,99,594,392.17
3134,2025-03-11,Otoño,C2771,Estándar,Norte,Perú,Electrónica,6,91,546,347.68
3135,2024-03-23,Otoño,C1994,Estándar,Sur,Perú,Hogar,16,73,1168,680.11
3136,2025-06-28,Invierno,C9783,Estándar,Norte,Perú,Electrónica,6,93,558,339.05
3137,2024-08-11,Invierno,C4313,Estándar,Norte,Chile,Deportes,2,71,142,100.71
3138,2024-07-22,Invierno,C2957,Estándar,Norte,Perú,Ropa,3,50,150,107.6
3139,2024-09-02,Primavera,C7612,Estándar,Sur,Chile,Hogar,12,65,780,537.74
3140,2025-08-11,Invierno,C2439,Premium,Sur,Chile,Electrónica,3,125,375,239.16
3141,2024-03-22,Otoño,C7160,Premium,Sur,Colombia,Ropa,8,177,1416,866.51
3142,2024-06-18,Invierno,C8395,Premium,Centro,Perú,Deportes,3,100,300,224.16
3143,2024-01-29,Verano,C8827,Estándar,Norte,Perú,Ropa,16,96,1536,882.06
3144,2024-03-30,Otoño,C3415,Estándar,Sur,Colombia,Hogar,9,83,747,503.32
3145,2024-09-15,Primavera,C3752,Económico,Centro,Chile,Deportes,6,49,294,201.95
3146,2024-01-17,Verano,C5460,Estándar,Sur,Colombia,Deportes,12,108,1296,886.9
3147,2024-08-25,Invierno,C6901,Económico,Sur,Colombia,Deportes,4,27,108,71.69
3148,2024-02-17,Verano,C7688,Económico,Centro,Chile,Electrónica,21,64,1344,958.53
3149,2025-06-28,Invierno,C9246,Premium,Centro,Perú,Deportes,4,180,720,398.86
3150,2025-05-12,Otoño,C5206,Estándar,Centro,Chile,Electrónica,14,103,1442,932.72
3151,2024-06-18,Invierno,C9246,Económico,Norte,Chile,Deportes,2,64,128,85.52
3152,2024-02-03,Verano,C2186,Estándar,Centro,Colombia,Hogar,9,109,981,709.93
3153,2024-03-28,Otoño,C9614,Premium,Centro,Colombia,Electrónica,14,119,1666,1125.21
3154,2024-05-15,Otoño,C4655,Estándar,Centro,Perú,Ropa,12,59,708,422.35
3155,2024-05-30,Otoño,C4713,Estándar,Sur,Perú,Hogar,7,93,651,423.62
3156,2024-12-14,Verano,C9675,Estándar,Sur,Perú,Hogar,17,99,1683,1083.21
3157,2024-11-05,Primavera,C1227,Estándar,Norte,Chile,Hogar,5,78,390,275.12
3158,2025-10-27,Primavera,C6061,Estándar,Sur,Perú,Hogar,14,118,1652,1100.63
3159,2025-03-10,Otoño,C5543,Estándar,Centro,Perú,Deportes,16,55,880,590.35
3160,2024-08-27,Invierno,C6083,Estándar,Norte,Perú,Deportes,2,51,102,75.82
3161,2024-04-06,Otoño,C6532,Premium,Norte,Colombia,Ropa,6,160,960,662.31
3162,2025-11-07,Primavera,C4704,Premium,Norte,Perú,Hogar,5,109,545,372.61
3163,2025-07-05,Invierno,C7510,Económico,Norte,Perú,Ropa,7,36,252,178.47
3164,2025-10-27,Primavera,C7837,Económico,Centro,Perú,Hogar,14,34,476,295.22
3165,2024-07-03,Invierno,C3026,Estándar,Sur,Perú,Ropa,9,57,513,332.12
3166,2024-01-21,Verano,C3294,Premium,Centro,Colombia,Deportes,9,171,1539,902.06
3167,2024-09-20,Primavera,C1240,Premium,Sur,Chile,Electrónica,10,108,1080,739.63
3168,2025-01-14,Verano,C6003,Estándar,Norte,Chile,Ropa,16,79,1264,730.73
3169,2024-04-12,Otoño,C1483,Premium,Centro,Perú,Electrónica,14,163,2282,1327.75
3170,2025-12-28,Verano,C6879,Estándar,Norte,Chile,Deportes,24,89,2136,1399.96
3171,2024-03-16,Otoño,C5980,Premium,Centro,Perú,Ropa,10,138,1380,1004.36
3172,2025-03-25,Otoño,C3081,Económico,Norte,Chile,Ropa,9,26,234,135.19
3173,2025-01-18,Verano,C4569,Económico,Norte,Colombia,Deportes,18,29,522,347.12
3174,2024-03-16,Otoño,C6069,Económico,Sur,Chile,Ropa,5,43,215,119.16
3175,2025-07-29,Invierno,C7013,Premium,Centro,Colombia,Electrónica,4,150,600,355.49
3176,2025-08-17,Invierno,C7622,Premium,Sur,Perú,Hogar,9,111,999,684.95
3177,2025-07-13,Invierno,C4440,Premium,Sur,Colombia,Electrónica,10,172,1720,1082.66
3178,2024-04-12,Otoño,C9403,Económico,Norte,Chile,Ropa,13,65,845,542.06
3179,2024-08-05,Invierno,C7958,Estándar,Norte,Perú,Deportes,4,108,432,287
3180,2025-03-06,Otoño,C7560,Premium,Sur,Perú,Ropa,11,164,1804,1067.54
3181,2024-07-14,Invierno,C1230,Premium,Centro,Chile,Ropa,2,164,328,224.79
3182,2024-12-26,Verano,C3883,Premium,Sur,Colombia,Deportes,20,141,2820,2103.23
3183,2025-09-14,Primavera,C7856,Estándar,Norte,Perú,Electrónica,14,111,1554,1043.61
3184,2025-05-09,Otoño,C7020,Estándar,Sur,Perú,Electrónica,9,54,486,340.42
3185,2024-11-13,Primavera,C4729,Estándar,Norte,Perú,Deportes,11,111,1221,807.66
3186,2025-05-15,Otoño,C2603,Estándar,Sur,Chile,Ropa,9,79,711,425.42
3187,2024-10-07,Primavera,C9283,Estándar,Centro,Colombia,Electrónica,12,72,864,477.16
3188,2024-05-03,Otoño,C1099,Premium,Centro,Perú,Electrónica,12,187,2244,1512.09
3189,2025-04-17,Otoño,C4871,Estándar,Norte,Perú,Ropa,14,79,1106,794.34
3190,2025-06-17,Invierno,C6603,Económico,Norte,Colombia,Electrónica,5,61,305,210.02
3191,2025-02-28,Verano,C7050,Estándar,Centro,Colombia,Ropa,9,117,1053,774.1
3192,2025-08-29,Invierno,C8691,Estándar,Centro,Chile,Electrónica,4,87,348,260.62
3193,2024-01-25,Verano,C1689,Económico,Centro,Chile,Electrónica,18,25,450,297.62
3194,2025-03-15,Otoño,C3407,Estándar,Sur,Perú,Hogar,13,52,676,411.73
3195,2025-06-28,Invierno,C6753,Estándar,Centro,Perú,Deportes,7,87,609,408.35
3196,2025-04-21,Otoño,C7148,Premium,Sur,Colombia,Ropa,11,185,2035,1215.51
3197,2024-08-30,Invierno,C1045,Estándar,Centro,Chile,Ropa,4,89,356,256
3198,2024-09-20,Primavera,C4521,Premium,Centro,Chile,Ropa,10,119,1190,872.16
3199,2024-01-06,Verano,C5892,Estándar,Norte,Chile,Ropa,15,76,1140,842.79
3200,2024-12-08,Verano,C7985,Premium,Centro,Chile,Ropa,16,132,2112,1271.34
3201,2025-02-27,Verano,C6226,Estándar,Norte,Perú,Deportes,19,86,1634,979.39
3202,2025-01-24,Verano,C9820,Estándar,Norte,Chile,Electrónica,20,95,1900,1413.77
3203,2025-11-02,Primavera,C6197,Estándar,Norte,Perú,Deportes,10,68,680,421.57
3204,2024-07-18,Invierno,C8831,Premium,Norte,Colombia,Ropa,5,142,710,410.38
3205,2025-02-06,Verano,C7747,Premium,Norte,Perú,Deportes,20,184,3680,2359.7
3206,2024-08-19,Invierno,C5512,Estándar,Centro,Chile,Deportes,6,111,666,411.9
3207,2024-02-08,Verano,C5525,Premium,Norte,Chile,Deportes,15,171,2565,1556.8
3208,2025-07-13,Invierno,C7187,Premium,Norte,Colombia,Deportes,6,150,900,569.45
3209,2025-10-03,Primavera,C2367,Premium,Norte,Colombia,Deportes,10,141,1410,925.47
3210,2025-10-09,Primavera,C2812,Estándar,Norte,Colombia,Hogar,16,84,1344,740.26
3211,2024-11-11,Primavera,C3045,Premium,Norte,Colombia,Deportes,15,132,1980,1124.15
3212,2025-05-22,Otoño,C2069,Estándar,Centro,Chile,Deportes,15,80,1200,668.12
3213,2025-04-11,Otoño,C6558,Estándar,Sur,Colombia,Hogar,13,111,1443,1012.24
3214,2025-09-23,Primavera,C2688,Premium,Sur,Perú,Deportes,15,126,1890,1307.97
3215,2024-02-27,Verano,C7844,Premium,Sur,Colombia,Ropa,11,106,1166,782.58
3216,2025-07-05,Invierno,C2238,Estándar,Centro,Colombia,Hogar,7,96,672,371.83
3217,2025-02-10,Verano,C4650,Estándar,Centro,Chile,Electrónica,28,113,3164,2018.78
3218,2024-09-11,Primavera,C5986,Premium,Sur,Chile,Deportes,8,122,976,654.06
3219,2024-11-21,Primavera,C7202,Estándar,Sur,Perú,Ropa,14,96,1344,968.63
3220,2025-05-05,Otoño,C8660,Estándar,Sur,Perú,Hogar,12,92,1104,607.56
3221,2025-01-31,Verano,C9322,Estándar,Centro,Perú,Deportes,19,61,1159,647.91
3222,2025-03-12,Otoño,C2155,Estándar,Centro,Chile,Hogar,12,90,1080,741.87
3223,2025-06-26,Invierno,C9703,Premium,Norte,Chile,Deportes,3,114,342,193.56
3224,2025-02-01,Verano,C8772,Estándar,Centro,Perú,Ropa,21,88,1848,1368.51
3225,2025-12-04,Verano,C4479,Estándar,Centro,Chile,Deportes,22,93,2046,1424.94
3226,2025-04-24,Otoño,C5221,Premium,Centro,Colombia,Deportes,14,196,2744,1772.69
3227,2025-01-15,Verano,C9493,Premium,Sur,Perú,Electrónica,17,195,3315,2218.37
3228,2024-03-18,Otoño,C9328,Premium,Centro,Perú,Ropa,9,118,1062,779.58
3229,2024-01-27,Verano,C1357,Premium,Centro,Chile,Electrónica,13,198,2574,1856.07
3230,2024-03-19,Otoño,C4777,Estándar,Centro,Perú,Hogar,17,80,1360,917.98
3231,2025-08-18,Invierno,C5771,Estándar,Centro,Perú,Deportes,3,113,339,189.02
3232,2024-07-27,Invierno,C2717,Estándar,Sur,Chile,Electrónica,4,77,308,188.03
3233,2024-12-18,Verano,C7976,Estándar,Sur,Colombia,Ropa,17,77,1309,802.53
3234,2025-06-10,Invierno,C2494,Estándar,Sur,Perú,Electrónica,4,92,368,256.59
3235,2025-04-15,Otoño,C8423,Económico,Norte,Colombia,Electrónica,12,57,684,478.35
3236,2025-11-03,Primavera,C2134,Estándar,Centro,Colombia,Deportes,5,61,305,172.69
3237,2025-02-25,Verano,C8241,Premium,Centro,Colombia,Hogar,13,155,2015,1354.17
3238,2025-10-19,Primavera,C2296,Económico,Norte,Colombia,Deportes,11,31,341,203.84
3239,2025-10-24,Primavera,C1768,Estándar,Norte,Perú,Deportes,16,112,1792,1195.21
3240,2024-07-02,Invierno,C1790,Estándar,Centro,Perú,Ropa,5,100,500,284.73
3241,2024-10-23,Primavera,C3783,Premium,Sur,Chile,Deportes,15,199,2985,1941.94
3242,2024-01-17,Verano,C2693,Estándar,Centro,Chile,Electrónica,17,59,1003,732.83
3243,2025-12-05,Verano,C9377,Premium,Norte,Perú,Electrónica,24,104,2496,1829.41
3244,2025-12-24,Verano,C9796,Premium,Norte,Chile,Ropa,15,111,1665,1201.97
3245,2024-12-02,Verano,C4874,Estándar,Sur,Chile,Ropa,28,111,3108,2226.22
3246,2025-07-31,Invierno,C6158,Estándar,Centro,Perú,Hogar,3,63,189,123.19
3247,2024-09-19,Primavera,C1448,Económico,Norte,Colombia,Electrónica,7,31,217,152.88
3248,2025-01-31,Verano,C2572,Estándar,Norte,Chile,Ropa,18,108,1944,1159.59
3249,2024-03-02,Otoño,C3652,Premium,Sur,Perú,Electrónica,5,111,555,327.49
3250,2024-11-08,Primavera,C8186,Premium,Norte,Colombia,Electrónica,15,189,2835,1705.61
3251,2024-10-30,Primavera,C9032,Premium,Sur,Chile,Deportes,16,158,2528,1593.79
3252,2025-01-01,Verano,C9661,Estándar,Norte,Colombia,Ropa,9,109,981,617.76
3253,2024-06-13,Invierno,C4319,Estándar,Norte,Chile,Ropa,4,53,212,129.75
3254,2025-02-26,Verano,C8171,Estándar,Centro,Perú,Ropa,24,106,2544,1774.21
3255,2024-07-04,Invierno,C5755,Premium,Centro,Colombia,Hogar,5,113,565,381.58
3256,2024-03-24,Otoño,C2140,Estándar,Sur,Perú,Electrónica,10,51,510,315.4
3257,2025-06-27,Invierno,C3493,Estándar,Centro,Chile,Deportes,4,83,332,231.97
3258,2024-10-09,Primavera,C2845,Económico,Norte,Colombia,Ropa,7,29,203,135.96
3259,2025-01-12,Verano,C4508,Premium,Norte,Colombia,Hogar,18,158,2844,1592.08
3260,2025-12-20,Verano,C8521,Estándar,Norte,Chile,Deportes,33,71,2343,1643.42
3261,2024-12-27,Verano,C7741,Premium,Norte,Colombia,Deportes,21,125,2625,1838.98
3262,2024-05-09,Otoño,C4828,Premium,Sur,Perú,Electrónica,5,123,615,400.92
3263,2025-06-23,Invierno,C9949,Económico,Norte,Chile,Ropa,3,33,99,60.8
3264,2024-02-02,Verano,C4685,Estándar,Centro,Colombia,Ropa,14,109,1526,850.78
3265,2024-01-09,Verano,C5807,Económico,Sur,Perú,Ropa,10,39,390,223.92
3266,2025-10-30,Primavera,C5281,Económico,Norte,Perú,Deportes,8,55,440,273.86
3267,2025-07-19,Invierno,C3297,Estándar,Centro,Colombia,Hogar,4,108,432,242.35
3268,2024-01-16,Verano,C4752,Estándar,Centro,Chile,Deportes,32,71,2272,1481.36
3269,2025-11-25,Primavera,C5001,Estándar,Norte,Colombia,Deportes,12,108,1296,915.87
3270,2024-01-29,Verano,C1446,Premium,Norte,Perú,Deportes,19,159,3021,2106.26
3271,2025-05-22,Otoño,C5340,Premium,Sur,Chile,Deportes,10,137,1370,878.56
3272,2025-07-04,Invierno,C5998,Premium,Sur,Colombia,Hogar,9,133,1197,755.22
3273,2025-02-13,Verano,C5082,Estándar,Norte,Perú,Hogar,19,57,1083,781.05
3274,2025-03-15,Otoño,C2322,Premium,Norte,Colombia,Ropa,9,111,999,580.56
3275,2025-12-27,Verano,C9416,Estándar,Centro,Colombia,Hogar,9,99,891,537.85
3276,2024-02-13,Verano,C2969,Estándar,Sur,Perú,Electrónica,20,75,1500,892.72
3277,2024-01-11,Verano,C4113,Económico,Centro,Chile,Ropa,16,37,592,393.73
3278,2025-09-22,Primavera,C9532,Estándar,Sur,Perú,Electrónica,13,86,1118,655.62
3279,2024-12-08,Verano,C5924,Premium,Sur,Chile,Ropa,19,177,3363,2212.53
3280,2025-04-09,Otoño,C4446,Económico,Norte,Colombia,Ropa,17,68,1156,700.02
3281,2025-01-01,Verano,C8755,Estándar,Norte,Chile,Deportes,14,115,1610,1142.86
3282,2024-06-16,Invierno,C8318,Premium,Norte,Perú,Hogar,5,179,895,557.48
3283,2024-11-04,Primavera,C5464,Premium,Norte,Chile,Hogar,7,135,945,648.15
3284,2025-07-20,Invierno,C4545,Premium,Centro,Perú,Hogar,9,116,1044,603.82
3285,2025-05-05,Otoño,C8716,Premium,Sur,Chile,Hogar,7,138,966,662.83
3286,2024-11-05,Primavera,C1007,Premium,Centro,Perú,Deportes,14,133,1862,1143.41
3287,2024-07-07,Invierno,C1763,Premium,Norte,Perú,Deportes,7,156,1092,628.71
3288,2025-12-12,Verano,C2723,Premium,Centro,Chile,Hogar,18,169,3042,1829.29
3289,2025-02-05,Verano,C2313,Económico,Norte,Chile,Ropa,14,55,770,492.93
3290,2024-01-08,Verano,C5081,Estándar,Sur,Perú,Deportes,25,86,2150,1201.88
3291,2025-07-22,Invierno,C1176,Premium,Sur,Colombia,Deportes,5,170,850,630.72
3292,2025-02-21,Verano,C5457,Estándar,Sur,Colombia,Hogar,19,113,2147,1545.47
3293,2024-12-08,Verano,C1006,Económico,Sur,Perú,Electrónica,10,33,330,229.11
3294,2024-09-15,Primavera,C8603,Premium,Centro,Colombia,Ropa,15,141,2115,1220.51
3295,2024-02-04,Verano,C3980,Estándar,Sur,Colombia,Electrónica,8,104,832,533.71
3296,2024-01-29,Verano,C8014,Premium,Centro,Perú,Deportes,26,105,2730,1707.68
3297,2025-12-18,Verano,C7261,Estándar,Sur,Perú,Hogar,16,88,1408,892.5
3298,2025-10-26,Primavera,C7974,Estándar,Sur,Perú,Deportes,5,86,430,296.74
3299,2025-07-08,Invierno,C4808,Premium,Sur,Chile,Hogar,6,164,984,690.2
3300,2025-05-04,Otoño,C1351,Estándar,Centro,Perú,Deportes,8,51,408,245.31
3301,2025-09-06,Primavera,C8218,Estándar,Norte,Chile,Hogar,11,50,550,318.81
3302,2024-10-16,Primavera,C8782,Estándar,Centro,Colombia,Electrónica,14,88,1232,900.48
3303,2025-09-30,Primavera,C4193,Económico,Norte,Colombia,Hogar,14,46,644,457.22
3304,2025-04-27,Otoño,C9967,Premium,Norte,Perú,Ropa,9,175,1575,1080.08
3305,2024-08-23,Invierno,C7153,Estándar,Centro,Perú,Ropa,8,116,928,629.52
3306,2024-06-21,Invierno,C2082,Económico,Norte,Perú,Electrónica,2,42,84,58.27
3307,2024-03-10,Otoño,C8037,Estándar,Sur,Colombia,Ropa,13,70,910,615.07
3308,2025-01-03,Verano,C7207,Estándar,Centro,Chile,Hogar,17,115,1955,1361.3
3309,2025-01-25,Verano,C6232,Económico,Sur,Colombia,Ropa,12,58,696,441.15
3310,2025-11-18,Primavera,C9904,Estándar,Norte,Perú,Electrónica,7,71,497,282.84
3311,2025-07-08,Invierno,C9199,Estándar,Centro,Chile,Hogar,6,52,312,232.47
3312,2024-03-25,Otoño,C6487,Premium,Sur,Chile,Ropa,14,183,2562,1648.27
3313,2025-03-11,Otoño,C6719,Premium,Sur,Chile,Electrónica,13,158,2054,1317.73
3314,2025-12-16,Verano,C5962,Estándar,Centro,Perú,Ropa,19,52,988,637.3
3315,2025-04-13,Otoño,C5142,Estándar,Norte,Chile,Deportes,9,95,855,595.3
3316,2025-12-04,Verano,C7017,Económico,Sur,Chile,Hogar,20,30,600,446.84
3317,2024-01-01,Verano,C7208,Estándar,Centro,Chile,Deportes,15,113,1695,1058.35
3318,2025-09-16,Primavera,C2320,Premium,Norte,Colombia,Electrónica,9,143,1287,832.63
3319,2025-02-12,Verano,C3013,Estándar,Centro,Colombia,Electrónica,18,75,1350,1010.94
3320,2024-10-31,Primavera,C4855,Estándar,Centro,Colombia,Electrónica,12,76,912,644.14
3321,2024-11-06,Primavera,C5406,Premium,Norte,Chile,Hogar,9,190,1710,1001.35
3322,2024-07-06,Invierno,C5673,Económico,Norte,Perú,Ropa,2,27,54,31.43
3323,2025-09-09,Primavera,C2883,Premium,Sur,Colombia,Hogar,8,171,1368,975.07
3324,2024-12-10,Verano,C4603,Premium,Norte,Perú,Ropa,24,174,4176,2571.15
3325,2024-04-01,Otoño,C6026,Premium,Centro,Perú,Deportes,11,173,1903,1050.9
3326,2025-03-02,Otoño,C3673,Estándar,Centro,Chile,Ropa,15,63,945,586.59
3327,2024-07-27,Invierno,C6690,Estándar,Norte,Chile,Ropa,2,76,152,89.53
3328,2025-09-15,Primavera,C2170,Estándar,Norte,Chile,Ropa,5,88,440,268.6
3329,2025-02-13,Verano,C7409,Premium,Sur,Perú,Electrónica,17,153,2601,1668.01
3330,2024-11-03,Primavera,C9982,Económico,Sur,Colombia,Ropa,15,68,1020,613.15
3331,2025-12-03,Verano,C2369,Económico,Sur,Chile,Hogar,17,24,408,280.95
3332,2024-11-08,Primavera,C6697,Premium,Sur,Chile,Hogar,14,100,1400,1031.13
3333,2024-03-31,Otoño,C1207,Económico,Centro,Chile,Deportes,13,21,273,176.6
3334,2025-05-01,Otoño,C1442,Premium,Norte,Chile,Deportes,15,142,2130,1344.32
3335,2024-12-27,Verano,C2349,Estándar,Norte,Perú,Hogar,21,59,1239,786.19
3336,2024-12-12,Verano,C4001,Premium,Norte,Colombia,Hogar,12,128,1536,1045.38
3337,2024-07-24,Invierno,C9022,Estándar,Centro,Chile,Electrónica,2,52,104,74.58
3338,2024-01-23,Verano,C6360,Económico,Centro,Perú,Deportes,19,50,950,548.14
3339,2025-03-03,Otoño,C3989,Estándar,Sur,Chile,Deportes,16,108,1728,1107.11
3340,2025-08-11,Invierno,C4035,Estándar,Centro,Chile,Electrónica,1,114,114,79.65
3341,2024-07-20,Invierno,C7414,Estándar,Centro,Chile,Ropa,4,66,264,192.81
3342,2025-09-16,Primavera,C5574,Económico,Centro,Perú,Electrónica,10,43,430,240.63
3343,2025-06-25,Invierno,C1823,Económico,Centro,Chile,Deportes,4,64,256,185.7
3344,2025-09-15,Primavera,C5530,Premium,Norte,Chile,Electrónica,13,176,2288,1319.6
3345,2024-12-13,Verano,C6690,Premium,Sur,Perú,Hogar,16,129,2064,1324.46
3346,2024-02-04,Verano,C2254,Estándar,Centro,Colombia,Hogar,11,88,968,674.37
3347,2025-09-14,Primavera,C4420,Económico,Centro,Perú,Hogar,16,39,624,423.82
3348,2025-03-11,Otoño,C4791,Premium,Centro,Chile,Deportes,8,100,800,519.16
3349,2024-09-01,Primavera,C1793,Estándar,Centro,Chile,Hogar,8,88,704,503.49
3350,2024-10-12,Primavera,C5109,Económico,Norte,Colombia,Ropa,12,66,792,586.46
3351,2025-04-20,Otoño,C4079,Estándar,Centro,Chile,Ropa,16,74,1184,834.01
3352,2025-04-13,Otoño,C2905,Estándar,Centro,Colombia,Hogar,8,59,472,280.34
3353,2025-01-08,Verano,C8756,Estándar,Norte,Chile,Electrónica,15,79,1185,885.54
3354,2024-12-28,Verano,C8262,Económico,Centro,Chile,Electrónica,28,56,1568,1131.88
3355,2024-01-04,Verano,C8241,Premium,Sur,Chile,Ropa,18,172,3096,2133.23
3356,2025-06-19,Invierno,C3733,Estándar,Norte,Colombia,Ropa,10,85,850,486.45
3357,2025-03-10,Otoño,C6521,Estándar,Sur,Chile,Hogar,6,62,372,278.93
3358,2025-07-06,Invierno,C1106,Estándar,Centro,Colombia,Electrónica,11,51,561,332.35
3359,2024-07-15,Invierno,C2032,Estándar,Centro,Perú,Hogar,6,114,684,423.06
3360,2025-10-28,Primavera,C3536,Económico,Centro,Colombia,Hogar,17,40,680,430.13
3361,2025-12-17,Verano,C2742,Económico,Sur,Chile,Ropa,14,28,392,233.69
3362,2024-05-22,Otoño,C4196,Estándar,Sur,Chile,Electrónica,5,83,415,305.08
3363,2024-05-01,Otoño,C1975,Premium,Centro,Colombia,Hogar,8,111,888,651.37
3364,2024-08-13,Invierno,C2599,Premium,Sur,Chile,Ropa,2,179,358,268.32
3365,2024-04-08,Otoño,C9181,Económico,Centro,Perú,Deportes,8,44,352,256.37
3366,2025-04-10,Otoño,C7071,Económico,Centro,Perú,Ropa,15,37,555,379.36
3367,2025-12-10,Verano,C4885,Premium,Norte,Chile,Hogar,27,156,4212,2354.77
3368,2024-04-06,Otoño,C6763,Estándar,Sur,Colombia,Hogar,16,99,1584,1119.9
3369,2025-11-12,Primavera,C3623,Económico,Sur,Chile,Deportes,9,29,261,188.35
3370,2025-01-23,Verano,C2717,Económico,Norte,Chile,Deportes,19,67,1273,931.39
3371,2024-01-27,Verano,C8093,Económico,Norte,Chile,Deportes,22,65,1430,841.32
3372,2024-07-07,Invierno,C7855,Estándar,Centro,Colombia,Ropa,5,110,550,384.49
3373,2025-08-04,Invierno,C6390,Estándar,Norte,Perú,Deportes,2,72,144,82.11
3374,2024-01-30,Verano,C3610,Económico,Sur,Colombia,Electrónica,14,21,294,197.19
3375,2025-07-21,Invierno,C6243,Estándar,Centro,Perú,Hogar,4,107,428,278.41
3376,2024-07-12,Invierno,C3477,Económico,Centro,Colombia,Deportes,6,46,276,155.15
3377,2024-10-04,Primavera,C5823,Económico,Centro,Colombia,Electrónica,5,56,280,200.91
3378,2025-07-24,Invierno,C8808,Premium,Centro,Colombia,Hogar,9,154,1386,1013.89
3379,2024-10-23,Primavera,C3036,Estándar,Sur,Chile,Ropa,15,102,1530,1047.68
3380,2024-11-10,Primavera,C1893,Estándar,Norte,Colombia,Hogar,8,113,904,619.62
3381,2025-07-21,Invierno,C6573,Económico,Sur,Chile,Hogar,7,28,196,117.03
3382,2024-06-09,Invierno,C1281,Estándar,Norte,Perú,Electrónica,5,78,390,259.46
3383,2024-04-16,Otoño,C5056,Premium,Centro,Perú,Hogar,6,103,618,459.5
3384,2025-09-21,Primavera,C9883,Estándar,Centro,Chile,Ropa,9,93,837,553.51
3385,2025-06-11,Invierno,C4905,Premium,Sur,Chile,Deportes,5,193,965,698.07
3386,2024-07-11,Invierno,C4026,Económico,Centro,Perú,Hogar,3,30,90,65.12
3387,2024-08-02,Invierno,C9653,Estándar,Centro,Colombia,Ropa,8,86,688,452.56
3388,2024-03-13,Otoño,C1727,Estándar,Centro,Perú,Electrónica,17,63,1071,645.47
3389,2024-10-11,Primavera,C1740,Estándar,Centro,Colombia,Hogar,17,94,1598,1155.87
3390,2024-03-25,Otoño,C7130,Estándar,Sur,Colombia,Electrónica,8,92,736,550.91
3391,2024-08-16,Invierno,C6105,Premium,Sur,Perú,Electrónica,8,141,1128,802.63
3392,2025-12-11,Verano,C1339,Premium,Norte,Chile,Electrónica,14,148,2072,1369.79
3393,2024-08-16,Invierno,C5485,Estándar,Norte,Chile,Deportes,1,98,98,68.03
3394,2025-02-28,Verano,C9117,Premium,Centro,Chile,Electrónica,21,183,3843,2370.68
3395,2025-06-07,Invierno,C6694,Premium,Sur,Perú,Hogar,4,101,404,231.55
3396,2024-08-12,Invierno,C2577,Premium,Norte,Colombia,Ropa,5,147,735,548.34
3397,2024-03-25,Otoño,C8324,Estándar,Sur,Chile,Electrónica,15,81,1215,878.5
3398,2024-08-28,Invierno,C5124,Premium,Centro,Perú,Hogar,2,135,270,163.43
3399,2024-05-31,Otoño,C7263,Estándar,Sur,Perú,Ropa,10,78,780,470.87
3400,2025-08-21,Invierno,C7126,Estándar,Centro,Perú,Electrónica,2,69,138,77.91
3401,2024-05-25,Otoño,C6228,Estándar,Norte,Chile,Electrónica,13,102,1326,924.9
3402,2024-06-27,Invierno,C7907,Económico,Centro,Colombia,Deportes,8,67,536,398.56
3403,2024-04-14,Otoño,C8087,Premium,Centro,Chile,Ropa,17,153,2601,1515.06
3404,2025-04-01,Otoño,C4187,Estándar,Norte,Colombia,Ropa,14,108,1512,974.11
3405,2024-04-09,Otoño,C7191,Premium,Sur,Perú,Hogar,16,115,1840,1330.6
3406,2024-12-02,Verano,C4903,Estándar,Norte,Chile,Ropa,14,95,1330,936.81
3407,2024-06-03,Invierno,C9895,Premium,Norte,Perú,Ropa,9,178,1602,1147.97
3408,2024-09-07,Primavera,C9925,Económico,Norte,Perú,Deportes,6,51,306,168.35
3409,2024-01-08,Verano,C1880,Estándar,Centro,Perú,Hogar,20,73,1460,992.68
3410,2024-12-02,Verano,C9738,Estándar,Centro,Chile,Deportes,33,116,3828,2144.68
3411,2025-06-03,Invierno,C2142,Estándar,Sur,Perú,Electrónica,7,66,462,336.48
3412,2025-06-23,Invierno,C9107,Premium,Centro,Colombia,Electrónica,10,197,1970,1332.87
3413,2025-02-16,Verano,C2113,Estándar,Centro,Colombia,Hogar,15,76,1140,657.86
3414,2025-04-02,Otoño,C1015,Estándar,Sur,Perú,Hogar,6,60,360,210.51
3415,2025-07-26,Invierno,C5454,Premium,Sur,Perú,Deportes,3,190,570,364.07
3416,2024-10-30,Primavera,C3422,Estándar,Norte,Perú,Deportes,5,114,570,401.51
3417,2025-07-20,Invierno,C4067,Estándar,Norte,Chile,Electrónica,1,87,87,56.53
3418,2024-01-17,Verano,C9925,Estándar,Sur,Perú,Deportes,28,82,2296,1460.86
3419,2025-06-11,Invierno,C8601,Estándar,Norte,Perú,Deportes,3,96,288,164.32
3420,2024-01-16,Verano,C4290,Premium,Centro,Chile,Ropa,14,129,1806,1228.64
3421,2025-06-24,Invierno,C5365,Estándar,Sur,Perú,Deportes,2,88,176,107.4
3422,2024-04-10,Otoño,C9685,Premium,Centro,Colombia,Deportes,7,124,868,508.95
3423,2025-10-31,Primavera,C9987,Estándar,Norte,Perú,Ropa,6,89,534,334.16
3424,2024-02-04,Verano,C7556,Estándar,Sur,Perú,Electrónica,16,72,1152,860.41
3425,2024-03-01,Otoño,C7858,Económico,Sur,Perú,Ropa,9,38,342,243.07
3426,2024-10-18,Primavera,C6850,Premium,Sur,Perú,Electrónica,13,127,1651,1163.04
3427,2025-05-08,Otoño,C8025,Estándar,Sur,Chile,Hogar,12,67,804,575.97
3428,2024-04-18,Otoño,C3109,Estándar,Sur,Perú,Hogar,13,58,754,542.07
3429,2024-02-07,Verano,C5191,Estándar,Centro,Perú,Ropa,22,67,1474,826.83
3430,2025-05-03,Otoño,C5748,Estándar,Sur,Chile,Deportes,13,114,1482,1082.51
3431,2024-09-04,Primavera,C9406,Estándar,Centro,Perú,Hogar,5,117,585,390.06
3432,2024-03-10,Otoño,C5601,Premium,Norte,Chile,Ropa,13,130,1690,1065.78
3433,2024-09-24,Primavera,C1177,Económico,Norte,Chile,Hogar,14,41,574,323.44
3434,2025-08-24,Invierno,C8680,Premium,Sur,Colombia,Ropa,5,162,810,602.05
3435,2025-11-20,Primavera,C5782,Estándar,Centro,Perú,Electrónica,7,94,658,451.6
3436,2025-02-17,Verano,C5198,Económico,Norte,Chile,Deportes,20,39,780,576.89
3437,2024-04-26,Otoño,C2884,Premium,Sur,Chile,Ropa,9,112,1008,708.36
3438,2024-11-25,Primavera,C8160,Estándar,Norte,Colombia,Ropa,8,74,592,430.32
3439,2025-03-27,Otoño,C8471,Estándar,Centro,Chile,Ropa,5,52,260,155.75
3440,2025-04-25,Otoño,C3319,Premium,Centro,Perú,Ropa,9,188,1692,1121.8
3441,2024-05-11,Otoño,C7407,Premium,Centro,Chile,Hogar,11,141,1551,1035.54
3442,2025-06-09,Invierno,C1562,Estándar,Norte,Perú,Electrónica,3,106,318,225.83
3443,2024-01-11,Verano,C7591,Estándar,Norte,Colombia,Deportes,20,106,2120,1371.33
3444,2024-03-04,Otoño,C2844,Económico,Norte,Perú,Ropa,14,47,658,439.76
3445,2024-02-22,Verano,C5194,Estándar,Norte,Perú,Deportes,26,60,1560,1057.41
3446,2024-05-22,Otoño,C9223,Estándar,Centro,Chile,Deportes,5,72,360,240.4
3447,2024-01-26,Verano,C4936,Económico,Centro,Colombia,Deportes,20,67,1340,800.17
3448,2024-07-23,Invierno,C3756,Económico,Sur,Chile,Electrónica,2,21,42,25.09
3449,2024-01-19,Verano,C3788,Estándar,Sur,Chile,Ropa,28,59,1652,1073.79
3450,2024-05-03,Otoño,C8912,Estándar,Sur,Perú,Ropa,7,101,707,520.15
3451,2025-12-26,Verano,C9689,Económico,Centro,Perú,Hogar,13,58,754,539.87
3452,2025-05-24,Otoño,C3140,Premium,Norte,Chile,Deportes,7,124,868,648.62
3453,2025-03-05,Otoño,C5480,Premium,Norte,Colombia,Ropa,5,173,865,545.52
3454,2025-09-16,Primavera,C9054,Estándar,Sur,Perú,Electrónica,7,71,497,327.75
3455,2024-07-11,Invierno,C8189,Económico,Norte,Perú,Deportes,5,62,310,189.48
3456,2024-12-05,Verano,C1991,Premium,Centro,Perú,Hogar,23,170,3910,2658.89
3457,2024-05-19,Otoño,C3589,Estándar,Norte,Perú,Deportes,16,88,1408,790.73
3458,2024-01-31,Verano,C5661,Estándar,Sur,Colombia,Ropa,18,73,1314,827.27
3459,2024-03-10,Otoño,C2873,Estándar,Centro,Perú,Ropa,14,69,966,562.22
3460,2025-12-14,Verano,C9138,Estándar,Norte,Perú,Hogar,24,73,1752,1003.63
3461,2024-12-30,Verano,C7659,Estándar,Norte,Perú,Hogar,12,86,1032,669.57
3462,2025-11-06,Primavera,C8787,Premium,Centro,Chile,Ropa,16,152,2432,1371.05
3463,2024-05-10,Otoño,C7909,Estándar,Sur,Chile,Ropa,6,66,396,295.49
3464,2025-09-26,Primavera,C6850,Estándar,Norte,Perú,Ropa,10,102,1020,613.81
3465,2025-04-04,Otoño,C6284,Estándar,Norte,Chile,Electrónica,9,91,819,520.55
3466,2025-01-27,Verano,C1725,Económico,Centro,Perú,Ropa,17,49,833,521.07
3467,2024-02-05,Verano,C9710,Estándar,Centro,Chile,Deportes,27,84,2268,1610.68
3468,2025-10-16,Primavera,C2383,Premium,Sur,Perú,Deportes,12,159,1908,1406.34
3469,2024-11-06,Primavera,C5773,Premium,Norte,Perú,Electrónica,6,168,1008,664.58
3470,2024-04-29,Otoño,C5894,Estándar,Norte,Perú,Hogar,8,72,576,427.38
3471,2025-12-15,Verano,C5995,Económico,Centro,Colombia,Deportes,13,33,429,248.19
3472,2025-06-20,Invierno,C9726,Premium,Norte,Chile,Deportes,5,179,895,563.69
3473,2024-05-07,Otoño,C2067,Económico,Centro,Chile,Hogar,7,69,483,273.74
3474,2025-12-24,Verano,C1256,Estándar,Sur,Perú,Deportes,27,79,2133,1398.58
3475,2025-09-06,Primavera,C8814,Estándar,Norte,Chile,Deportes,16,113,1808,1160.06
3476,2025-09-21,Primavera,C3405,Premium,Norte,Colombia,Deportes,9,168,1512,933.69
3477,2025-05-21,Otoño,C1924,Premium,Centro,Perú,Electrónica,17,134,2278,1666.76
3478,2024-07-31,Invierno,C5731,Económico,Norte,Colombia,Electrónica,6,55,330,231.1
3479,2024-03-04,Otoño,C1332,Económico,Sur,Chile,Hogar,11,56,616,453.55
3480,2024-11-02,Primavera,C4656,Estándar,Sur,Perú,Ropa,14,58,812,519.42
3481,2025-06-11,Invierno,C3129,Estándar,Norte,Perú,Ropa,4,81,324,240.57
3482,2025-07-03,Invierno,C7362,Premium,Centro,Perú,Hogar,6,197,1182,776.22
3483,2024-01-02,Verano,C2694,Estándar,Norte,Perú,Hogar,14,76,1064,789.16
3484,2024-07-12,Invierno,C6591,Económico,Norte,Chile,Ropa,7,42,294,183.3
3485,2025-02-01,Verano,C5746,Estándar,Centro,Colombia,Ropa,17,109,1853,1057.36
3486,2025-12-28,Verano,C5500,Económico,Sur,Colombia,Deportes,13,52,676,393.45
3487,2024-10-29,Primavera,C7203,Premium,Norte,Chile,Hogar,17,136,2312,1655.91
3488,2024-10-04,Primavera,C5257,Estándar,Sur,Chile,Electrónica,15,84,1260,933.95
3489,2024-10-24,Primavera,C2399,Premium,Norte,Chile,Ropa,8,122,976,695.63
3490,2024-01-18,Verano,C6107,Estándar,Sur,Perú,Hogar,23,111,2553,1787.86
3491,2024-07-31,Invierno,C9608,Premium,Sur,Perú,Ropa,8,183,1464,872.31
3492,2025-06-11,Invierno,C5566,Estándar,Centro,Perú,Ropa,9,112,1008,694.03
3493,2025-03-22,Otoño,C4667,Estándar,Norte,Chile,Deportes,12,57,684,438.93
3494,2025-01-23,Verano,C7847,Estándar,Centro,Colombia,Hogar,11,83,913,683.02
3495,2024-09-17,Primavera,C8302,Premium,Sur,Colombia,Ropa,10,131,1310,778.54
3496,2025-10-25,Primavera,C8946,Estándar,Sur,Perú,Electrónica,7,101,707,462.43
3497,2024-05-11,Otoño,C2131,Estándar,Centro,Perú,Deportes,17,85,1445,805.45
3498,2024-01-22,Verano,C9191,Premium,Norte,Perú,Hogar,22,173,3806,2127.6
3499,2024-03-11,Otoño,C8708,Premium,Sur,Chile,Deportes,8,117,936,629.6
3500,2024-06-04,Invierno,C4855,Estándar,Sur,Chile,Hogar,3,80,240,161.51
3501,2024-06-30,Invierno,C8897,Económico,Centro,Colombia,Hogar,4,28,112,82.74
3502,2025-03-03,Otoño,C5370,Premium,Norte,Perú,Ropa,12,121,1452,1086.31
3503,2024-01-08,Verano,C1467,Premium,Norte,Chile,Electrónica,28,160,4480,2995
3504,2025-12-10,Verano,C2155,Estándar,Sur,Perú,Ropa,13,56,728,404.04
3505,2024-11-22,Primavera,C6378,Estándar,Sur,Perú,Electrónica,7,98,686,402.87
3506,2024-01-23,Verano,C1045,Económico,Sur,Colombia,Hogar,14,24,336,193.78
3507,2024-11-09,Primavera,C2705,Premium,Norte,Colombia,Hogar,16,167,2672,1781.65
3508,2025-06-05,Invierno,C3436,Estándar,Sur,Chile,Ropa,6,63,378,235.75
3509,2025-06-18,Invierno,C1063,Estándar,Sur,Chile,Deportes,4,111,444,298.45
3510,2025-06-11,Invierno,C9265,Premium,Norte,Chile,Ropa,3,141,423,316.79
3511,2024-08-25,Invierno,C7669,Premium,Sur,Perú,Deportes,4,179,716,529.94
3512,2025-01-16,Verano,C3133,Estándar,Norte,Perú,Deportes,12,73,876,643.77
3513,2024-12-28,Verano,C1874,Premium,Centro,Perú,Deportes,27,175,4725,2620.44
3514,2025-06-18,Invierno,C3531,Económico,Sur,Chile,Hogar,5,51,255,146.19
3515,2024-10-16,Primavera,C7947,Económico,Sur,Perú,Electrónica,11,57,627,410.63
3516,2024-11-14,Primavera,C7962,Premium,Centro,Colombia,Electrónica,16,196,3136,1884.86
3517,2024-12-06,Verano,C3531,Económico,Centro,Perú,Hogar,14,45,630,354.42
3518,2024-07-09,Invierno,C4347,Económico,Sur,Chile,Deportes,7,48,336,201.48
3519,2025-01-11,Verano,C5146,Económico,Norte,Chile,Hogar,17,35,595,400.12
3520,2024-04-09,Otoño,C2400,Estándar,Norte,Colombia,Deportes,13,96,1248,793.73
3521,2025-09-08,Primavera,C4034,Económico,Centro,Colombia,Deportes,12,38,456,267.08
3522,2025-03-03,Otoño,C2571,Premium,Centro,Chile,Hogar,16,187,2992,2102.97
3523,2024-03-31,Otoño,C1560,Estándar,Norte,Chile,Electrónica,7,119,833,511.6
3524,2025-04-18,Otoño,C1344,Premium,Centro,Chile,Hogar,17,125,2125,1481.8
3525,2024-10-23,Primavera,C4148,Premium,Sur,Perú,Ropa,17,194,3298,1974.23
3526,2024-12-09,Verano,C5313,Económico,Sur,Perú,Hogar,11,24,264,169.14
3527,2025-04-16,Otoño,C2820,Estándar,Norte,Perú,Ropa,14,74,1036,744.74
3528,2025-09-13,Primavera,C1807,Estándar,Sur,Perú,Hogar,6,71,426,241.95
3529,2025-09-27,Primavera,C6087,Estándar,Sur,Perú,Hogar,10,88,880,580.61
3530,2024-04-04,Otoño,C2003,Premium,Centro,Chile,Hogar,17,174,2958,1794.42
3531,2024-03-19,Otoño,C7753,Estándar,Norte,Perú,Deportes,15,52,780,449.41
3532,2024-08-25,Invierno,C7169,Estándar,Norte,Perú,Deportes,9,99,891,584.23
3533,2024-04-15,Otoño,C2550,Estándar,Centro,Colombia,Deportes,10,86,860,532.08
3534,2025-05-16,Otoño,C8886,Premium,Norte,Chile,Electrónica,11,179,1969,1215.25
3535,2025-09-01,Primavera,C3221,Premium,Norte,Perú,Hogar,15,148,2220,1369.09
3536,2025-10-01,Primavera,C2628,Económico,Norte,Chile,Hogar,12,55,660,389.88
3537,2024-01-24,Verano,C8109,Premium,Centro,Perú,Electrónica,17,156,2652,1689.48
3538,2025-07-04,Invierno,C7772,Económico,Centro,Colombia,Deportes,7,62,434,268.18
3539,2024-03-08,Otoño,C8922,Estándar,Sur,Chile,Ropa,16,98,1568,1096.19
3540,2025-09-29,Primavera,C7461,Estándar,Sur,Chile,Ropa,13,99,1287,813.16
3541,2025-09-09,Primavera,C2766,Estándar,Norte,Colombia,Electrónica,9,56,504,291.06
3542,2024-03-26,Otoño,C1587,Estándar,Norte,Perú,Ropa,9,97,873,635.87
3543,2025-04-21,Otoño,C7869,Premium,Centro,Perú,Electrónica,10,190,1900,1143.81
3544,2024-02-29,Verano,C5142,Premium,Sur,Chile,Deportes,19,166,3154,1734.96
3545,2025-08-21,Invierno,C5672,Premium,Centro,Chile,Electrónica,7,176,1232,685.7
3546,2024-04-13,Otoño,C8488,Económico,Centro,Chile,Deportes,7,37,259,176.59
3547,2024-01-11,Verano,C7439,Premium,Centro,Perú,Electrónica,12,118,1416,858.71
3548,2025-04-26,Otoño,C2894,Premium,Norte,Colombia,Hogar,12,101,1212,729.9
3549,2024-08-16,Invierno,C3855,Económico,Sur,Chile,Electrónica,3,21,63,41.26
3550,2025-05-13,Otoño,C8764,Estándar,Norte,Perú,Ropa,9,57,513,374.94
3551,2024-07-23,Invierno,C3171,Premium,Sur,Perú,Ropa,3,153,459,266.37
3552,2025-05-28,Otoño,C8739,Económico,Sur,Colombia,Hogar,5,61,305,222.82
3553,2025-09-02,Primavera,C2365,Estándar,Centro,Chile,Hogar,6,76,456,285.76
3554,2025-05-14,Otoño,C5284,Estándar,Centro,Perú,Hogar,11,53,583,367.03
3555,2024-10-13,Primavera,C9403,Estándar,Centro,Colombia,Electrónica,9,53,477,332.49
3556,2024-02-17,Verano,C4672,Económico,Sur,Colombia,Deportes,9,30,270,159.87
3557,2025-01-28,Verano,C2776,Económico,Sur,Chile,Ropa,24,62,1488,870.09
3558,2025-12-17,Verano,C9399,Estándar,Norte,Colombia,Ropa,11,111,1221,914.47
3559,2025-06-23,Invierno,C4008,Económico,Norte,Perú,Electrónica,8,65,520,344.27
3560,2025-11-10,Primavera,C7898,Estándar,Centro,Perú,Hogar,12,60,720,524.67
3561,2025-06-03,Invierno,C2926,Económico,Norte,Chile,Electrónica,6,28,168,123.86
3562,2025-09-12,Primavera,C9738,Premium,Centro,Perú,Deportes,8,127,1016,693.52
3563,2024-03-30,Otoño,C8691,Económico,Centro,Perú,Ropa,10,49,490,293.98
3564,2024-01-10,Verano,C5535,Estándar,Norte,Chile,Deportes,26,91,2366,1505.44
3565,2025-09-18,Primavera,C8730,Estándar,Centro,Perú,Deportes,17,58,986,596.3
3566,2025-02-01,Verano,C1170,Económico,Norte,Colombia,Hogar,17,40,680,384.81
3567,2025-03-16,Otoño,C4727,Premium,Centro,Colombia,Hogar,15,181,2715,1570.27
3568,2024-07-16,Invierno,C1166,Premium,Norte,Colombia,Hogar,5,129,645,370.24
3569,2025-04-17,Otoño,C5162,Estándar,Norte,Perú,Electrónica,8,86,688,411.87
3570,2024-09-19,Primavera,C5128,Premium,Sur,Perú,Deportes,10,167,1670,1238.41
3571,2024-01-28,Verano,C7930,Premium,Norte,Chile,Ropa,24,105,2520,1867.25
3572,2024-01-03,Verano,C6093,Premium,Sur,Colombia,Hogar,13,134,1742,1064.65
3573,2025-07-17,Invierno,C5242,Económico,Norte,Perú,Electrónica,3,42,126,89.44
3574,2025-10-11,Primavera,C6736,Estándar,Norte,Chile,Electrónica,12,56,672,476.75
3575,2024-11-02,Primavera,C6725,Económico,Sur,Colombia,Electrónica,9,32,288,168.24
3576,2024-12-29,Verano,C5869,Estándar,Sur,Chile,Deportes,22,88,1936,1280.51
3577,2024-04-15,Otoño,C6990,Estándar,Norte,Colombia,Ropa,12,107,1284,882.13
3578,2025-02-09,Verano,C2998,Premium,Norte,Colombia,Electrónica,10,140,1400,957.41
3579,2025-09-29,Primavera,C2911,Estándar,Centro,Colombia,Hogar,12,114,1368,894.11
3580,2024-08-05,Invierno,C1401,Premium,Norte,Chile,Deportes,2,186,372,216.68
3581,2024-01-29,Verano,C1272,Económico,Centro,Perú,Deportes,18,64,1152,837.65
3582,2025-02-09,Verano,C3821,Estándar,Centro,Perú,Deportes,15,52,780,531.99
3583,2024-02-29,Verano,C9580,Estándar,Norte,Perú,Electrónica,22,56,1232,890.92
3584,2025-06-17,Invierno,C5678,Estándar,Norte,Colombia,Ropa,8,50,400,279.61
3585,2025-08-05,Invierno,C5021,Estándar,Centro,Colombia,Deportes,5,92,460,319.95
3586,2025-02-26,Verano,C1576,Estándar,Sur,Chile,Electrónica,12,80,960,585.07
3587,2024-05-20,Otoño,C2369,Estándar,Norte,Perú,Hogar,16,84,1344,821.66
3588,2024-10-14,Primavera,C7218,Premium,Centro,Chile,Deportes,5,112,560,357.82
3589,2025-01-23,Verano,C5052,Económico,Norte,Chile,Deportes,33,43,1419,980.36
3590,2024-08-15,Invierno,C8565,Premium,Centro,Colombia,Hogar,7,118,826,574.29
3591,2025-04-14,Otoño,C1169,Premium,Norte,Colombia,Ropa,7,180,1260,922.03
3592,2024-06-25,Invierno,C1250,Económico,Sur,Chile,Electrónica,4,65,260,181.7
3593,2024-10-12,Primavera,C7978,Premium,Sur,Colombia,Electrónica,12,116,1392,1001.11
3594,2024-06-18,Invierno,C3375,Estándar,Norte,Chile,Deportes,4,116,464,261.77
3595,2024-03-19,Otoño,C8684,Estándar,Sur,Colombia,Electrónica,14,95,1330,949.85
3596,2025-05-09,Otoño,C1361,Estándar,Sur,Perú,Hogar,5,111,555,372.35
3597,2025-02-26,Verano,C1010,Estándar,Centro,Chile,Electrónica,21,62,1302,731.51
3598,2024-12-29,Verano,C6649,Estándar,Centro,Colombia,Ropa,12,91,1092,725.02
3599,2024-11-22,Primavera,C2885,Premium,Centro,Colombia,Ropa,9,170,1530,1104.55
3600,2025-08-14,Invierno,C2825,Premium,Sur,Chile,Ropa,6,144,864,595.99
3601,2024-04-16,Otoño,C7437,Premium,Sur,Chile,Hogar,13,197,2561,1538.48
3602,2024-08-01,Invierno,C2226,Estándar,Norte,Colombia,Electrónica,8,88,704,427.17
3603,2025-03-30,Otoño,C9667,Premium,Norte,Chile,Ropa,13,141,1833,1271.49
3604,2024-06-21,Invierno,C8208,Estándar,Norte,Colombia,Deportes,4,71,284,158.17
3605,2024-02-03,Verano,C4807,Económico,Norte,Colombia,Ropa,11,61,671,494.97
3606,2024-12-03,Verano,C4936,Premium,Norte,Chile,Deportes,31,183,5673,3877.98
3607,2025-03-16,Otoño,C1067,Estándar,Centro,Colombia,Hogar,6,118,708,453.54
3608,2025-04-17,Otoño,C6289,Económico,Centro,Chile,Ropa,13,24,312,208.86
3609,2024-02-07,Verano,C1086,Estándar,Sur,Perú,Electrónica,22,58,1276,848.14
3610,2025-09-29,Primavera,C6325,Estándar,Norte,Perú,Hogar,13,69,897,597.24
3611,2024-07-13,Invierno,C5238,Estándar,Centro,Chile,Electrónica,1,83,83,46.63
3612,2024-08-01,Invierno,C6451,Estándar,Sur,Perú,Ropa,9,80,720,421.41
3613,2025-03-25,Otoño,C1815,Estándar,Centro,Chile,Hogar,16,89,1424,900.42
3614,2025-02-13,Verano,C7198,Estándar,Norte,Colombia,Hogar,18,88,1584,885.66
3615,2025-06-29,Invierno,C3779,Estándar,Sur,Perú,Deportes,4,87,348,209.44
3616,2024-06-25,Invierno,C6758,Económico,Norte,Perú,Hogar,8,31,248,166.12
3617,2025-01-03,Verano,C8160,Estándar,Sur,Chile,Deportes,22,51,1122,661.81
3618,2025-04-12,Otoño,C6663,Económico,Norte,Perú,Electrónica,7,56,392,279.62
3619,2025-03-14,Otoño,C9984,Económico,Centro,Colombia,Deportes,7,50,350,256.04
3620,2024-12-24,Verano,C4697,Estándar,Centro,Perú,Deportes,24,57,1368,801.97
3621,2024-08-07,Invierno,C8319,Estándar,Centro,Perú,Deportes,4,51,204,145.68
3622,2025-05-31,Otoño,C6429,Estándar,Sur,Colombia,Deportes,5,77,385,244.69
3623,2025-10-27,Primavera,C3040,Estándar,Norte,Perú,Electrónica,6,77,462,297.26
3624,2024-04-22,Otoño,C7429,Premium,Sur,Chile,Hogar,12,199,2388,1359.29
3625,2025-04-09,Otoño,C7161,Premium,Centro,Perú,Hogar,14,126,1764,1063.81
3626,2024-04-23,Otoño,C8687,Premium,Norte,Chile,Ropa,8,150,1200,698.33
3627,2025-12-05,Verano,C6033,Económico,Norte,Perú,Deportes,16,42,672,446.98
3628,2025-12-29,Verano,C7584,Estándar,Norte,Chile,Electrónica,27,64,1728,1020.09
3629,2024-04-19,Otoño,C8304,Económico,Centro,Perú,Deportes,8,50,400,247.33
3630,2024-04-03,Otoño,C9532,Económico,Centro,Perú,Deportes,6,42,252,171.64
3631,2024-09-09,Primavera,C1852,Estándar,Sur,Perú,Hogar,17,60,1020,566.42
3632,2024-05-27,Otoño,C9268,Estándar,Norte,Chile,Electrónica,10,53,530,344.53
3633,2024-02-25,Verano,C5648,Económico,Norte,Perú,Deportes,26,53,1378,894.23
3634,2025-09-10,Primavera,C9319,Premium,Norte,Colombia,Deportes,15,185,2775,1562.97
3635,2025-06-24,Invierno,C6001,Premium,Sur,Colombia,Deportes,6,105,630,449.11
3636,2024-06-02,Invierno,C9319,Estándar,Sur,Perú,Deportes,8,97,776,559.25
3637,2024-03-14,Otoño,C6427,Premium,Norte,Perú,Deportes,16,190,3040,2253.32
3638,2024-05-30,Otoño,C6520,Premium,Centro,Perú,Ropa,17,191,3247,2183.29
3639,2024-10-30,Primavera,C5233,Estándar,Centro,Perú,Deportes,7,54,378,283.39
3640,2025-12-14,Verano,C8667,Estándar,Centro,Colombia,Hogar,9,92,828,603.84
3641,2024-02-12,Verano,C2200,Premium,Sur,Perú,Electrónica,13,161,2093,1183.65
3642,2025-05-19,Otoño,C3710,Premium,Sur,Chile,Hogar,5,132,660,456.45
3643,2025-10-31,Primavera,C6474,Premium,Centro,Chile,Electrónica,6,178,1068,737.32
3644,2024-02-13,Verano,C3168,Premium,Sur,Chile,Hogar,20,141,2820,2001.14
3645,2025-02-23,Verano,C9805,Estándar,Centro,Chile,Hogar,15,89,1335,935.48
3646,2025-07-22,Invierno,C7882,Premium,Sur,Chile,Electrónica,5,119,595,363.5
3647,2025-12-01,Verano,C5796,Premium,Sur,Chile,Hogar,15,122,1830,1139.15
3648,2024-07-28,Invierno,C6104,Estándar,Norte,Perú,Deportes,2,97,194,141.92
3649,2024-01-18,Verano,C8128,Premium,Sur,Chile,Ropa,22,143,3146,2027.59
3650,2025-05-14,Otoño,C2686,Premium,Centro,Perú,Electrónica,15,122,1830,1167.86
3651,2025-02-22,Verano,C3626,Premium,Norte,Perú,Electrónica,23,170,3910,2662.48
3652,2024-03-07,Otoño,C1116,Estándar,Centro,Perú,Electrónica,14,62,868,499.48
3653,2024-10-14,Primavera,C8982,Estándar,Centro,Colombia,Hogar,6,83,498,316.65
3654,2025-02-09,Verano,C6418,Estándar,Sur,Colombia,Deportes,19,76,1444,838.39
3655,2025-05-15,Otoño,C2323,Económico,Centro,Perú,Electrónica,10,51,510,288.59
3656,2024-05-23,Otoño,C9291,Premium,Norte,Perú,Electrónica,6,188,1128,783.35
3657,2025-09-12,Primavera,C8586,Estándar,Centro,Colombia,Deportes,14,73,1022,747.36
3658,2025-12-25,Verano,C5449,Económico,Centro,Chile,Ropa,25,60,1500,998
3659,2024-02-21,Verano,C8910,Estándar,Centro,Chile,Hogar,19,92,1748,1016.34
3660,2025-03-16,Otoño,C9129,Estándar,Sur,Chile,Electrónica,13,57,741,439.55
3661,2024-08-01,Invierno,C9392,Estándar,Norte,Chile,Ropa,4,108,432,275.64
3662,2025-11-13,Primavera,C3641,Económico,Sur,Chile,Deportes,7,23,161,92.57
3663,2025-09-25,Primavera,C2126,Económico,Centro,Chile,Hogar,9,62,558,377.79
3664,2024-05-11,Otoño,C4897,Estándar,Sur,Perú,Electrónica,14,80,1120,694.92
3665,2024-08-18,Invierno,C9758,Premium,Centro,Colombia,Electrónica,5,158,790,527.17
3666,2025-09-25,Primavera,C1363,Estándar,Centro,Chile,Electrónica,17,66,1122,695.55
3667,2025-06-25,Invierno,C6244,Estándar,Centro,Chile,Deportes,5,53,265,172.21
3668,2024-07-09,Invierno,C4277,Premium,Centro,Perú,Hogar,7,129,903,500.78
3669,2024-03-13,Otoño,C1776,Premium,Sur,Perú,Hogar,13,137,1781,1059.52
3670,2025-02-09,Verano,C4317,Estándar,Sur,Chile,Deportes,24,64,1536,1063.25
3671,2024-08-24,Invierno,C7226,Económico,Sur,Chile,Ropa,7,65,455,257.94
3672,2025-12-14,Verano,C8293,Estándar,Sur,Chile,Electrónica,14,75,1050,588.96
3673,2025-04-26,Otoño,C9924,Estándar,Centro,Chile,Electrónica,16,102,1632,1139.5
3674,2024-05-08,Otoño,C5752,Económico,Centro,Colombia,Deportes,14,42,588,357.12
3675,2024-12-10,Verano,C9633,Premium,Norte,Chile,Hogar,19,132,2508,1576.03
3676,2024-01-09,Verano,C5076,Estándar,Sur,Perú,Electrónica,13,86,1118,638.84
3677,2025-12-10,Verano,C5953,Económico,Norte,Colombia,Ropa,16,40,640,380.78
3678,2025-08-29,Invierno,C3590,Estándar,Centro,Chile,Hogar,3,90,270,154.77
3679,2024-08-03,Invierno,C9420,Estándar,Norte,Perú,Hogar,6,74,444,286.84
3680,2024-08-18,Invierno,C1003,Estándar,Norte,Colombia,Ropa,9,101,909,648.98
3681,2024-11-01,Primavera,C2490,Premium,Centro,Perú,Hogar,16,162,2592,1592.82
3682,2025-11-08,Primavera,C8604,Estándar,Sur,Chile,Ropa,13,114,1482,820.78
3683,2025-12-28,Verano,C5378,Estándar,Centro,Chile,Hogar,15,97,1455,839.89
3684,2024-04-29,Otoño,C6383,Premium,Norte,Perú,Deportes,13,166,2158,1318.17
3685,2024-05-20,Otoño,C9761,Premium,Norte,Perú,Electrónica,16,151,2416,1333.8
3686,2025-10-06,Primavera,C9192,Económico,Norte,Perú,Electrónica,7,55,385,272.75
3687,2025-10-29,Primavera,C7081,Premium,Centro,Colombia,Ropa,13,150,1950,1165.57
3688,2025-03-05,Otoño,C6643,Premium,Norte,Colombia,Ropa,6,186,1116,690.28
3689,2025-01-27,Verano,C6345,Económico,Norte,Perú,Deportes,16,67,1072,786.21
3690,2025-12-24,Verano,C5175,Económico,Norte,Chile,Electrónica,25,55,1375,824.96
3691,2024-07-17,Invierno,C8993,Económico,Centro,Colombia,Hogar,9,27,243,163.84
3692,2024-07-30,Invierno,C7331,Estándar,Sur,Perú,Hogar,6,75,450,294.75
3693,2025-11-19,Primavera,C9721,Estándar,Centro,Chile,Electrónica,5,107,535,340.06
3694,2025-10-07,Primavera,C7557,Estándar,Norte,Colombia,Hogar,13,65,845,519.26
3695,2024-01-03,Verano,C4449,Económico,Norte,Colombia,Hogar,11,29,319,236.03
3696,2025-12-06,Verano,C6020,Estándar,Centro,Perú,Electrónica,18,119,2142,1523.64
3697,2025-03-18,Otoño,C6061,Premium,Sur,Chile,Hogar,13,190,2470,1732.18
3698,2025-09-22,Primavera,C8976,Premium,Sur,Chile,Ropa,12,187,2244,1632.1
3699,2025-02-14,Verano,C3296,Premium,Centro,Colombia,Hogar,9,164,1476,837.34
3700,2024-02-03,Verano,C9225,Estándar,Sur,Chile,Electrónica,17,67,1139,738.08
3701,2024-05-12,Otoño,C3682,Estándar,Centro,Chile,Deportes,7,52,364,248.07
3702,2024-07-07,Invierno,C3650,Estándar,Norte,Chile,Electrónica,4,68,272,200.29
3703,2024-11-17,Primavera,C2980,Premium,Centro,Chile,Hogar,6,136,816,455.54
3704,2024-11-29,Primavera,C7257,Estándar,Centro,Chile,Hogar,17,68,1156,703.34
3705,2024-06-07,Invierno,C2302,Premium,Centro,Chile,Electrónica,4,121,484,314.84
3706,2025-11-05,Primavera,C4526,Premium,Sur,Chile,Deportes,12,108,1296,770.85
3707,2024-08-22,Invierno,C9048,Estándar,Norte,Perú,Deportes,7,112,784,503.43
3708,2024-06-16,Invierno,C8012,Estándar,Norte,Perú,Deportes,9,67,603,419.46
3709,2025-09-07,Primavera,C4349,Económico,Norte,Perú,Deportes,5,62,310,226.02
3710,2024-05-22,Otoño,C6272,Económico,Centro,Colombia,Electrónica,11,67,737,414.23
3711,2024-11-02,Primavera,C1411,Económico,Norte,Chile,Deportes,14,26,364,234.79
3712,2025-10-12,Primavera,C7030,Premium,Centro,Chile,Deportes,11,167,1837,1135.57
3713,2024-03-19,Otoño,C3554,Estándar,Sur,Colombia,Deportes,17,67,1139,685.53
3714,2024-02-19,Verano,C5514,Estándar,Sur,Perú,Hogar,18,101,1818,1073.11
3715,2025-01-01,Verano,C5300,Premium,Norte,Perú,Hogar,20,121,2420,1508.72
3716,2024-11-25,Primavera,C2454,Premium,Sur,Colombia,Hogar,16,170,2720,1954.13
3717,2024-06-06,Invierno,C1718,Premium,Centro,Colombia,Ropa,7,128,896,582.27
3718,2025-12-20,Verano,C3679,Estándar,Norte,Perú,Electrónica,16,77,1232,782.69
3719,2024-02-29,Verano,C6406,Estándar,Norte,Perú,Hogar,23,79,1817,1344.52
3720,2025-08-11,Invierno,C3576,Premium,Centro,Chile,Electrónica,5,154,770,543.61
3721,2024-09-24,Primavera,C8911,Económico,Sur,Chile,Hogar,9,56,504,300.52
3722,2024-07-25,Invierno,C5314,Estándar,Norte,Colombia,Hogar,8,60,480,300.72
3723,2025-06-18,Invierno,C2946,Premium,Centro,Colombia,Ropa,11,168,1848,1264.33
3724,2025-04-18,Otoño,C3916,Estándar,Sur,Perú,Electrónica,17,75,1275,860.57
3725,2025-10-24,Primavera,C6469,Estándar,Centro,Chile,Hogar,14,66,924,675.34
3726,2024-01-28,Verano,C2271,Premium,Norte,Colombia,Electrónica,17,114,1938,1143.74
3727,2024-09-22,Primavera,C9937,Económico,Sur,Chile,Electrónica,11,35,385,259.82
3728,2025-08-19,Invierno,C9912,Económico,Sur,Perú,Electrónica,9,29,261,176.25
3729,2025-02-04,Verano,C3208,Premium,Norte,Chile,Electrónica,29,188,5452,3288.23
3730,2024-08-13,Invierno,C9765,Premium,Centro,Chile,Ropa,3,103,309,222.16
3731,2024-07-11,Invierno,C4878,Económico,Centro,Perú,Deportes,4,54,216,145.06
3732,2025-08-29,Invierno,C3057,Estándar,Centro,Chile,Electrónica,4,74,296,185.53
3733,2025-10-28,Primavera,C1787,Premium,Centro,Perú,Electrónica,6,155,930,660.02
3734,2025-08-27,Invierno,C7280,Premium,Sur,Perú,Deportes,5,183,915,564.2
3735,2025-10-30,Primavera,C8999,Estándar,Sur,Perú,Hogar,15,93,1395,880.43
3736,2025-06-26,Invierno,C2315,Estándar,Norte,Perú,Ropa,7,92,644,468.28
3737,2025-11-30,Primavera,C4918,Estándar,Centro,Chile,Deportes,10,107,1070,683.2
3738,2024-04-18,Otoño,C2923,Económico,Norte,Chile,Ropa,11,59,649,409.18
3739,2024-09-16,Primavera,C3641,Económico,Sur,Colombia,Electrónica,15,56,840,477.35
3740,2025-09-23,Primavera,C6456,Económico,Sur,Chile,Deportes,8,34,272,169.47
3741,2024-02-25,Verano,C4901,Estándar,Norte,Perú,Ropa,22,53,1166,650.95
3742,2024-09-27,Primavera,C1640,Estándar,Sur,Perú,Electrónica,14,118,1652,945.23
3743,2024-04-04,Otoño,C8076,Premium,Centro,Chile,Ropa,15,118,1770,1290.8
3744,2024-03-15,Otoño,C5698,Económico,Sur,Chile,Hogar,6,68,408,232.58
3745,2025-07-30,Invierno,C9287,Económico,Norte,Chile,Hogar,4,69,276,182.46
3746,2025-12-13,Verano,C5061,Estándar,Centro,Perú,Deportes,15,52,780,474.46
3747,2025-07-22,Invierno,C2346,Premium,Norte,Colombia,Deportes,9,176,1584,885.21
3748,2024-01-27,Verano,C6148,Económico,Sur,Perú,Electrónica,15,45,675,390.05
3749,2024-08-18,Invierno,C1090,Estándar,Norte,Perú,Electrónica,2,96,192,131.4
3750,2025-10-26,Primavera,C8323,Premium,Norte,Chile,Deportes,12,149,1788,1011.44
3751,2024-03-25,Otoño,C7591,Estándar,Sur,Colombia,Electrónica,6,73,438,289.14
3752,2025-10-06,Primavera,C3946,Estándar,Sur,Colombia,Ropa,8,96,768,523.26
3753,2024-01-25,Verano,C4916,Estándar,Norte,Chile,Electrónica,14,94,1316,975.02
3754,2024-09-01,Primavera,C7921,Estándar,Centro,Colombia,Electrónica,14,76,1064,733.35
3755,2024-09-09,Primavera,C9097,Premium,Norte,Colombia,Ropa,11,189,2079,1254.28
3756,2024-08-28,Invierno,C1136,Premium,Sur,Perú,Deportes,8,164,1312,781.64
3757,2025-04-11,Otoño,C2877,Premium,Sur,Colombia,Ropa,8,131,1048,682.59
3758,2024-12-03,Verano,C5592,Económico,Norte,Perú,Electrónica,15,42,630,348
3759,2024-06-08,Invierno,C3772,Premium,Centro,Colombia,Ropa,7,141,987,670.17
3760,2025-02-11,Verano,C9579,Premium,Norte,Chile,Electrónica,22,149,3278,2368.7
3761,2024-10-12,Primavera,C2240,Estándar,Sur,Colombia,Ropa,17,80,1360,756.64
3762,2025-09-09,Primavera,C6402,Estándar,Norte,Chile,Ropa,13,94,1222,840.08
3763,2025-09-21,Primavera,C1162,Estándar,Centro,Chile,Electrónica,13,72,936,579.23
3764,2024-09-28,Primavera,C8912,Premium,Norte,Chile,Hogar,16,120,1920,1265.3
3765,2025-03-05,Otoño,C1022,Económico,Norte,Colombia,Electrónica,5,38,190,130
3766,2025-09-13,Primavera,C7607,Estándar,Norte,Perú,Ropa,5,61,305,208.03
3767,2025-01-04,Verano,C9094,Estándar,Norte,Chile,Deportes,16,85,1360,976.8
3768,2024-06-21,Invierno,C9414,Económico,Norte,Perú,Electrónica,6,22,132,76.08
3769,2024-09-10,Primavera,C9701,Premium,Sur,Chile,Hogar,14,191,2674,1714.64
3770,2024-12-19,Verano,C4029,Estándar,Norte,Perú,Hogar,24,66,1584,1063.49
3771,2025-06-20,Invierno,C6848,Premium,Centro,Chile,Ropa,7,182,1274,871.97
3772,2024-08-06,Invierno,C9431,Económico,Norte,Chile,Electrónica,2,66,132,96.46
3773,2025-04-16,Otoño,C1617,Premium,Norte,Chile,Deportes,14,117,1638,1019.99
3774,2024-09-22,Primavera,C6466,Estándar,Centro,Perú,Deportes,16,92,1472,885.14
3775,2024-03-29,Otoño,C7389,Estándar,Norte,Chile,Ropa,11,102,1122,715.22
3776,2025-05-01,Otoño,C9900,Económico,Norte,Perú,Ropa,15,65,975,558.07
3777,2024-08-26,Invierno,C5165,Premium,Centro,Perú,Deportes,7,182,1274,885.18
3778,2025-09-24,Primavera,C8914,Estándar,Centro,Chile,Deportes,9,97,873,530.03
3779,2024-09-19,Primavera,C2875,Premium,Norte,Chile,Deportes,6,175,1050,657.6
3780,2024-06-27,Invierno,C3651,Estándar,Norte,Perú,Ropa,2,116,232,164.73
3781,2025-02-27,Verano,C6678,Estándar,Norte,Perú,Electrónica,22,69,1518,944.43
3782,2025-01-24,Verano,C3036,Premium,Sur,Colombia,Ropa,16,191,3056,2283.17
3783,2024-10-28,Primavera,C9288,Estándar,Norte,Colombia,Hogar,8,75,600,397.4
3784,2025-12-03,Verano,C9170,Estándar,Sur,Colombia,Ropa,8,59,472,268.54
3785,2025-03-16,Otoño,C7290,Premium,Sur,Colombia,Electrónica,10,172,1720,1008.41
3786,2025-07-29,Invierno,C3455,Estándar,Sur,Perú,Ropa,2,81,162,102.29
3787,2024-06-22,Invierno,C3575,Estándar,Centro,Chile,Hogar,6,58,348,254.93
3788,2025-08-07,Invierno,C1181,Estándar,Centro,Chile,Electrónica,6,115,690,400.3
3789,2024-12-20,Verano,C7356,Premium,Centro,Chile,Deportes,31,183,5673,3695.54
3790,2025-11-19,Primavera,C3863,Estándar,Norte,Perú,Hogar,15,100,1500,1007.82
3791,2024-06-09,Invierno,C4363,Estándar,Norte,Perú,Hogar,6,63,378,227.63
3792,2024-02-03,Verano,C2849,Premium,Norte,Perú,Deportes,14,171,2394,1529.84
3793,2024-01-27,Verano,C5386,Estándar,Centro,Perú,Ropa,17,100,1700,1229.74
3794,2024-01-20,Verano,C8122,Premium,Centro,Chile,Electrónica,17,153,2601,1697.04
3795,2024-01-22,Verano,C7667,Premium,Norte,Chile,Deportes,20,107,2140,1290.13
3796,2024-03-29,Otoño,C7741,Económico,Centro,Perú,Deportes,9,26,234,161.68
3797,2024-11-07,Primavera,C3535,Premium,Sur,Chile,Electrónica,7,192,1344,772.51
3798,2024-11-14,Primavera,C5943,Premium,Centro,Perú,Hogar,9,178,1602,1115.05
3799,2025-10-14,Primavera,C2447,Estándar,Norte,Chile,Electrónica,7,54,378,211.05
3800,2025-03-04,Otoño,C4307,Económico,Norte,Perú,Ropa,10,61,610,383
3801,2024-09-09,Primavera,C3131,Estándar,Centro,Chile,Ropa,12,92,1104,715.11
3802,2024-03-07,Otoño,C5935,Estándar,Centro,Colombia,Electrónica,5,62,310,179.14
3803,2024-04-04,Otoño,C7190,Estándar,Centro,Chile,Deportes,9,71,639,433.13
3804,2025-05-23,Otoño,C4686,Estándar,Norte,Perú,Deportes,12,99,1188,655.2
3805,2024-07-07,Invierno,C5649,Estándar,Norte,Perú,Ropa,6,91,546,405.93
3806,2024-02-02,Verano,C8729,Premium,Sur,Colombia,Hogar,19,188,3572,2049.01
3807,2025-06-03,Invierno,C5903,Estándar,Norte,Colombia,Electrónica,6,60,360,205.5
3808,2024-08-11,Invierno,C4824,Estándar,Norte,Colombia,Electrónica,5,111,555,397.74
3809,2025-11-17,Primavera,C2030,Estándar,Norte,Chile,Electrónica,11,84,924,582.37
3810,2025-07-03,Invierno,C3408,Premium,Norte,Chile,Ropa,7,126,882,506.33
3811,2024-04-05,Otoño,C9551,Premium,Centro,Colombia,Ropa,5,143,715,464.44
3812,2024-10-01,Primavera,C1812,Estándar,Sur,Colombia,Electrónica,7,66,462,284.29
3813,2024-10-01,Primavera,C9411,Estándar,Centro,Colombia,Deportes,17,89,1513,1029.95
3814,2024-07-11,Invierno,C3770,Premium,Centro,Perú,Hogar,3,177,531,302.91
3815,2025-02-21,Verano,C9138,Estándar,Norte,Chile,Hogar,22,72,1584,1091.43
3816,2024-10-16,Primavera,C5657,Estándar,Sur,Perú,Hogar,10,68,680,453.12
3817,2024-02-09,Verano,C3991,Premium,Sur,Colombia,Ropa,14,178,2492,1851.08
3818,2024-08-18,Invierno,C4392,Estándar,Norte,Colombia,Electrónica,10,79,790,506.92
3819,2025-10-07,Primavera,C4298,Estándar,Sur,Colombia,Electrónica,10,56,560,380.91
3820,2025-03-01,Otoño,C2929,Estándar,Sur,Chile,Hogar,9,62,558,314.68
3821,2024-06-25,Invierno,C8743,Premium,Centro,Chile,Deportes,6,158,948,664.35
3822,2024-07-24,Invierno,C3262,Premium,Centro,Colombia,Ropa,8,190,1520,941.96
3823,2024-05-02,Otoño,C4912,Económico,Centro,Chile,Deportes,5,28,140,82.22
3824,2024-09-17,Primavera,C5310,Estándar,Sur,Perú,Electrónica,12,70,840,557.19
3825,2025-09-26,Primavera,C1097,Premium,Centro,Chile,Deportes,17,136,2312,1308.36
3826,2025-04-19,Otoño,C9596,Premium,Centro,Chile,Ropa,12,102,1224,763.25
3827,2024-10-15,Primavera,C4009,Estándar,Sur,Perú,Deportes,10,51,510,372.43
3828,2025-12-08,Verano,C8590,Estándar,Sur,Colombia,Electrónica,17,93,1581,1076.71
3829,2025-07-23,Invierno,C8868,Premium,Sur,Perú,Ropa,8,181,1448,866.45
3830,2025-11-26,Primavera,C9210,Estándar,Norte,Chile,Hogar,14,95,1330,945.96
3831,2025-10-19,Primavera,C4578,Premium,Centro,Perú,Ropa,17,160,2720,1663.37
3832,2024-09-24,Primavera,C6380,Estándar,Norte,Perú,Deportes,10,104,1040,656.69
3833,2025-04-23,Otoño,C6167,Estándar,Centro,Perú,Deportes,6,76,456,320.77
3834,2025-03-09,Otoño,C4710,Económico,Centro,Perú,Ropa,15,65,975,617.92
3835,2025-02-22,Verano,C8787,Económico,Sur,Colombia,Ropa,12,22,264,169.8
3836,2024-03-06,Otoño,C4996,Estándar,Sur,Perú,Electrónica,8,84,672,393.8
3837,2025-12-19,Verano,C7685,Estándar,Norte,Chile,Deportes,25,59,1475,960.65
3838,2025-06-16,Invierno,C9617,Estándar,Norte,Perú,Deportes,8,98,784,449.21
3839,2025-02-19,Verano,C5679,Estándar,Norte,Perú,Hogar,19,77,1463,835.8
3840,2025-09-24,Primavera,C2624,Premium,Centro,Colombia,Electrónica,17,180,3060,1814.42
3841,2024-06-01,Invierno,C4715,Económico,Sur,Perú,Electrónica,4,64,256,168.87
3842,2025-02-15,Verano,C7768,Económico,Centro,Colombia,Hogar,18,69,1242,684.4
3843,2025-09-22,Primavera,C8300,Económico,Sur,Chile,Ropa,7,62,434,294.25
3844,2025-02-13,Verano,C7075,Estándar,Norte,Chile,Deportes,28,64,1792,1179.25
3845,2024-01-08,Verano,C3354,Estándar,Sur,Colombia,Hogar,17,110,1870,1387.11
3846,2024-02-19,Verano,C8891,Estándar,Sur,Chile,Electrónica,25,69,1725,1129.37
3847,2025-03-15,Otoño,C2893,Premium,Norte,Chile,Electrónica,17,139,2363,1334.8
3848,2025-05-14,Otoño,C2738,Económico,Norte,Perú,Electrónica,17,41,697,389.4
3849,2024-05-31,Otoño,C9645,Premium,Sur,Perú,Electrónica,11,141,1551,923.49
3850,2025-01-09,Verano,C2019,Económico,Centro,Chile,Deportes,34,65,2210,1311.02
3851,2025-04-13,Otoño,C3099,Estándar,Sur,Perú,Ropa,15,74,1110,764.92
3852,2024-03-24,Otoño,C1933,Premium,Sur,Chile,Ropa,5,110,550,398.6
3853,2025-01-01,Verano,C1066,Estándar,Centro,Chile,Ropa,16,88,1408,915.41
3854,2025-07-15,Invierno,C6435,Premium,Norte,Perú,Deportes,3,153,459,329.95
3855,2024-12-10,Verano,C2607,Estándar,Centro,Chile,Ropa,16,52,832,564.45
3856,2025-01-25,Verano,C8381,Estándar,Sur,Chile,Electrónica,23,94,2162,1593.11
3857,2025-02-02,Verano,C2975,Estándar,Norte,Colombia,Deportes,15,93,1395,1024.73
3858,2025-08-17,Invierno,C1936,Estándar,Norte,Chile,Hogar,4,106,424,236.95
3859,2025-10-02,Primavera,C5377,Estándar,Norte,Chile,Electrónica,8,59,472,315.26
3860,2024-04-11,Otoño,C3982,Estándar,Sur,Chile,Electrónica,7,78,546,400.61
3861,2024-10-17,Primavera,C9264,Premium,Sur,Perú,Ropa,15,175,2625,1508.06
3862,2025-01-30,Verano,C1225,Económico,Norte,Perú,Electrónica,23,32,736,484
3863,2025-07-03,Invierno,C8386,Económico,Norte,Perú,Deportes,7,27,189,137.93
3864,2025-10-14,Primavera,C5844,Estándar,Norte,Colombia,Electrónica,11,111,1221,836.47
3865,2025-03-11,Otoño,C1183,Premium,Sur,Chile,Deportes,10,136,1360,897.86
3866,2024-12-31,Verano,C5787,Estándar,Centro,Perú,Deportes,16,64,1024,765.99
3867,2025-08-29,Invierno,C4534,Premium,Centro,Perú,Ropa,3,156,468,316.08
3868,2025-10-29,Primavera,C1769,Premium,Sur,Chile,Hogar,13,107,1391,944.41
3869,2024-05-15,Otoño,C9616,Estándar,Centro,Colombia,Ropa,7,80,560,337.94
3870,2025-04-16,Otoño,C1805,Estándar,Centro,Colombia,Ropa,9,103,927,629.38
3871,2024-11-25,Primavera,C5501,Estándar,Sur,Colombia,Ropa,8,63,504,375.58
3872,2024-05-22,Otoño,C6767,Premium,Sur,Chile,Electrónica,14,123,1722,1152.13
3873,2024-10-23,Primavera,C5861,Estándar,Sur,Perú,Ropa,8,64,512,373.4
3874,2025-08-09,Invierno,C5587,Económico,Sur,Chile,Deportes,4,25,100,68.73
3875,2024-05-05,Otoño,C1224,Estándar,Norte,Perú,Electrónica,10,111,1110,640.02
3876,2025-06-25,Invierno,C8831,Premium,Centro,Colombia,Electrónica,7,106,742,461.62
3877,2025-11-22,Primavera,C1624,Estándar,Norte,Colombia,Deportes,15,104,1560,978.03
3878,2025-01-03,Verano,C2320,Económico,Sur,Perú,Deportes,16,34,544,364.37
3879,2024-10-11,Primavera,C9245,Estándar,Sur,Colombia,Electrónica,7,116,812,538.53
3880,2025-08-25,Invierno,C4446,Premium,Centro,Perú,Electrónica,9,107,963,619.17
3881,2024-02-12,Verano,C2056,Premium,Centro,Perú,Electrónica,14,157,2198,1273.41
3882,2024-11-14,Primavera,C9992,Estándar,Centro,Perú,Electrónica,17,111,1887,1285.29
3883,2025-10-02,Primavera,C5461,Estándar,Sur,Colombia,Electrónica,7,64,448,270.52
3884,2024-12-30,Verano,C8682,Económico,Sur,Chile,Electrónica,15,64,960,561.35
3885,2025-05-09,Otoño,C8219,Estándar,Sur,Chile,Ropa,12,117,1404,1038.96
3886,2025-09-20,Primavera,C6993,Estándar,Norte,Colombia,Electrónica,8,61,488,317.1
3887,2025-03-23,Otoño,C4306,Premium,Norte,Colombia,Hogar,15,152,2280,1425.86
3888,2025-12-13,Verano,C7579,Premium,Centro,Chile,Deportes,19,119,2261,1253.45
3889,2025-11-19,Primavera,C2302,Estándar,Norte,Chile,Ropa,5,109,545,340.99
3890,2024-12-06,Verano,C5604,Estándar,Norte,Perú,Ropa,15,71,1065,593.57
3891,2025-04-14,Otoño,C2055,Económico,Centro,Chile,Electrónica,8,48,384,217.27
3892,2025-04-23,Otoño,C7535,Estándar,Norte,Colombia,Electrónica,10,90,900,624.03
3893,2025-06-28,Invierno,C4460,Premium,Sur,Chile,Deportes,1,114,114,82.53
3894,2025-05-24,Otoño,C4319,Premium,Sur,Perú,Electrónica,15,167,2505,1663.77
3895,2024-10-14,Primavera,C5309,Estándar,Centro,Chile,Hogar,12,96,1152,817.48
3896,2024-09-13,Primavera,C6482,Premium,Norte,Chile,Deportes,15,171,2565,1586.46
3897,2025-08-19,Invierno,C3208,Estándar,Sur,Perú,Electrónica,3,116,348,246.83
3898,2025-04-11,Otoño,C8583,Estándar,Centro,Perú,Ropa,14,100,1400,791.74
3899,2024-06-10,Invierno,C2174,Estándar,Norte,Chile,Ropa,7,61,427,244.89
3900,2024-05-22,Otoño,C4515,Estándar,Sur,Chile,Deportes,7,71,497,372.31
3901,2025-07-18,Invierno,C2037,Estándar,Norte,Colombia,Hogar,10,116,1160,756.78
3902,2025-05-06,Otoño,C6024,Premium,Sur,Perú,Electrónica,7,118,826,558.51
3903,2024-09-10,Primavera,C9642,Estándar,Centro,Colombia,Ropa,15,111,1665,1064.08
3904,2024-05-18,Otoño,C8750,Premium,Sur,Perú,Hogar,13,185,2405,1541.68
3905,2025-01-11,Verano,C9689,Estándar,Centro,Perú,Ropa,20,113,2260,1315.53
3906,2024-01-19,Verano,C7602,Premium,Norte,Colombia,Electrónica,17,104,1768,985.51
3907,2025-08-12,Invierno,C3973,Premium,Sur,Chile,Deportes,5,117,585,375.95
3908,2024-03-23,Otoño,C9068,Estándar,Norte,Colombia,Deportes,16,67,1072,714.16
3909,2024-12-15,Verano,C6144,Premium,Sur,Colombia,Hogar,9,136,1224,734.93
3910,2024-10-30,Primavera,C3800,Económico,Sur,Perú,Deportes,6,54,324,233.28
3911,2025-12-25,Verano,C5135,Estándar,Norte,Colombia,Ropa,13,117,1521,934.74
3912,2025-02-27,Verano,C8276,Estándar,Centro,Colombia,Electrónica,13,78,1014,669.08
3913,2024-06-05,Invierno,C5293,Estándar,Sur,Colombia,Deportes,11,109,1199,875.95
3914,2024-11-12,Primavera,C1564,Estándar,Sur,Colombia,Ropa,7,74,518,305.52
3915,2024-03-19,Otoño,C8260,Estándar,Norte,Chile,Ropa,15,112,1680,1233.11
3916,2024-10-29,Primavera,C1708,Estándar,Centro,Perú,Electrónica,9,71,639,424.37
3917,2024-12-15,Verano,C6417,Estándar,Sur,Perú,Ropa,18,87,1566,936.96
3918,2024-09-11,Primavera,C1607,Premium,Norte,Chile,Hogar,5,103,515,366.3
3919,2024-09-03,Primavera,C6118,Premium,Norte,Perú,Ropa,9,192,1728,955.49
3920,2024-07-08,Invierno,C8589,Estándar,Sur,Chile,Ropa,6,80,480,314.53
3921,2024-09-11,Primavera,C6130,Estándar,Centro,Perú,Deportes,6,63,378,258.94
3922,2024-08-03,Invierno,C9295,Premium,Centro,Perú,Hogar,7,182,1274,757.24
3923,2024-03-08,Otoño,C4116,Premium,Norte,Chile,Hogar,7,141,987,722.46
3924,2024-12-08,Verano,C7234,Premium,Centro,Perú,Hogar,21,152,3192,2210.83
3925,2025-04-12,Otoño,C3610,Económico,Centro,Colombia,Ropa,10,57,570,376.65
3926,2025-10-17,Primavera,C8315,Estándar,Centro,Chile,Electrónica,13,62,806,449.64
3927,2024-03-20,Otoño,C5545,Económico,Sur,Perú,Electrónica,8,38,304,184.36
3928,2024-11-14,Primavera,C7131,Premium,Norte,Chile,Hogar,8,122,976,553.63
3929,2025-06-24,Invierno,C3518,Estándar,Sur,Chile,Hogar,7,101,707,527.52
3930,2024-06-19,Invierno,C6457,Estándar,Centro,Chile,Hogar,6,61,366,248.83
3931,2024-10-20,Primavera,C7782,Premium,Sur,Perú,Ropa,10,138,1380,777.83
3932,2024-12-30,Verano,C6971,Premium,Centro,Colombia,Electrónica,17,129,2193,1333.78
3933,2024-09-15,Primavera,C1282,Premium,Norte,Chile,Hogar,10,153,1530,1021.57
3934,2025-02-21,Verano,C3381,Estándar,Norte,Colombia,Ropa,11,62,682,427.76
3935,2025-03-04,Otoño,C6373,Premium,Norte,Perú,Deportes,14,165,2310,1316.32
3936,2025-01-22,Verano,C8695,Estándar,Centro,Chile,Ropa,18,72,1296,867.4
3937,2024-04-20,Otoño,C1329,Económico,Norte,Perú,Deportes,5,21,105,77.9
3938,2025-04-09,Otoño,C9972,Estándar,Centro,Chile,Hogar,7,93,651,411.55
3939,2024-01-22,Verano,C3374,Estándar,Sur,Chile,Electrónica,15,108,1620,1072.66
3940,2024-02-20,Verano,C8856,Estándar,Norte,Perú,Deportes,28,96,2688,1916.76
3941,2025-04-18,Otoño,C2373,Estándar,Centro,Perú,Electrónica,16,109,1744,1204.63
3942,2024-10-14,Primavera,C7689,Estándar,Norte,Perú,Ropa,12,62,744,463.75
3943,2024-10-28,Primavera,C1220,Económico,Norte,Perú,Electrónica,7,25,175,104.49
3944,2025-07-21,Invierno,C9766,Estándar,Sur,Perú,Hogar,7,83,581,332.3
3945,2025-07-29,Invierno,C7956,Económico,Centro,Colombia,Electrónica,6,35,210,156.28
3946,2024-05-11,Otoño,C4595,Premium,Centro,Colombia,Electrónica,16,165,2640,1799.38
3947,2025-08-21,Invierno,C7767,Estándar,Centro,Colombia,Deportes,8,96,768,472.52
3948,2025-06-02,Invierno,C6072,Estándar,Norte,Colombia,Hogar,10,119,1190,671.54
3949,2025-05-23,Otoño,C3493,Estándar,Sur,Perú,Hogar,10,52,520,350.66
3950,2024-06-26,Invierno,C1296,Estándar,Sur,Perú,Ropa,8,112,896,661.76
3951,2024-06-02,Invierno,C5287,Premium,Norte,Perú,Ropa,6,165,990,570.95
3952,2025-09-26,Primavera,C7626,Premium,Centro,Chile,Hogar,6,130,780,534.4
3953,2025-10-08,Primavera,C9975,Económico,Centro,Colombia,Deportes,6,29,174,108.05
3954,2024-06-23,Invierno,C8854,Premium,Norte,Chile,Ropa,3,135,405,301.16
3955,2024-02-02,Verano,C3245,Económico,Centro,Chile,Ropa,12,58,696,445.17
3956,2025-08-29,Invierno,C4941,Económico,Centro,Colombia,Deportes,7,56,392,265.58
3957,2025-03-18,Otoño,C3245,Estándar,Sur,Colombia,Electrónica,10,93,930,583.4
3958,2025-11-16,Primavera,C9335,Estándar,Norte,Chile,Hogar,8,117,936,515.02
3959,2024-12-03,Verano,C3791,Económico,Sur,Colombia,Hogar,9,34,306,184.41
3960,2024-04-01,Otoño,C8892,Premium,Sur,Chile,Ropa,10,175,1750,1059.02
3961,2024-09-11,Primavera,C5822,Estándar,Norte,Chile,Hogar,8,75,600,415.58
3962,2025-06-13,Invierno,C4051,Premium,Centro,Perú,Ropa,7,157,1099,750.78
3963,2024-05-15,Otoño,C3291,Económico,Centro,Perú,Ropa,15,21,315,199.1
3964,2024-10-31,Primavera,C3830,Estándar,Centro,Colombia,Electrónica,13,84,1092,704.34
3965,2024-06-08,Invierno,C1757,Económico,Centro,Colombia,Deportes,8,28,224,143.77
3966,2024-05-22,Otoño,C4490,Estándar,Centro,Perú,Deportes,6,72,432,288.51
3967,2024-09-27,Primavera,C2705,Premium,Sur,Chile,Hogar,9,188,1692,1173.64
3968,2024-07-05,Invierno,C5056,Económico,Sur,Chile,Ropa,1,61,61,45.63
3969,2024-08-13,Invierno,C2692,Económico,Norte,Perú,Electrónica,9,69,621,357.05
3970,2024-07-26,Invierno,C8182,Económico,Centro,Perú,Ropa,6,36,216,151.21
3971,2025-09-26,Primavera,C2486,Premium,Norte,Chile,Deportes,12,144,1728,1159.64
3972,2025-01-09,Verano,C4968,Estándar,Sur,Colombia,Hogar,15,74,1110,722.61
3973,2025-12-08,Verano,C2182,Económico,Centro,Chile,Deportes,33,59,1947,1455.84
3974,2024-01-04,Verano,C6527,Premium,Sur,Chile,Electrónica,26,171,4446,2538.89
3975,2025-09-03,Primavera,C1759,Estándar,Centro,Chile,Deportes,10,94,940,605.23
3976,2025-12-22,Verano,C6963,Económico,Sur,Chile,Electrónica,27,32,864,522.51
3977,2025-06-30,Invierno,C8604,Estándar,Norte,Chile,Electrónica,3,83,249,148.96
3978,2025-03-10,Otoño,C2524,Estándar,Centro,Perú,Ropa,15,99,1485,1095.97
3979,2025-08-13,Invierno,C1450,Premium,Norte,Chile,Deportes,2,145,290,187.86
3980,2024-11-11,Primavera,C8181,Premium,Norte,Perú,Electrónica,10,114,1140,636.66
3981,2024-07-01,Invierno,C3346,Premium,Centro,Chile,Ropa,1,121,121,83.1
3982,2025-08-27,Invierno,C9425,Premium,Norte,Colombia,Ropa,4,157,628,347.12
3983,2024-06-23,Invierno,C3314,Económico,Norte,Perú,Ropa,3,43,129,94.07
3984,2025-04-23,Otoño,C4756,Estándar,Norte,Chile,Deportes,7,116,812,482.13
3985,2025-06-15,Invierno,C7895,Estándar,Norte,Chile,Deportes,3,97,291,211.62
3986,2025-06-17,Invierno,C2987,Estándar,Sur,Perú,Hogar,7,74,518,379.57
3987,2024-08-14,Invierno,C2904,Estándar,Norte,Perú,Hogar,7,75,525,295.81
3988,2024-09-24,Primavera,C2027,Premium,Centro,Perú,Deportes,16,135,2160,1530.25
3989,2024-03-08,Otoño,C9209,Económico,Sur,Chile,Electrónica,14,59,826,546.14
3990,2025-05-24,Otoño,C6471,Estándar,Centro,Colombia,Electrónica,6,70,420,244.12
3991,2024-11-12,Primavera,C5475,Estándar,Sur,Chile,Ropa,12,75,900,556.69
3992,2024-11-30,Primavera,C5518,Económico,Norte,Colombia,Ropa,8,22,176,99.93
3993,2024-09-04,Primavera,C4088,Estándar,Sur,Perú,Ropa,16,65,1040,607.45
3994,2025-07-28,Invierno,C2874,Económico,Centro,Chile,Hogar,7,28,196,109.08
3995,2024-12-15,Verano,C4484,Premium,Sur,Perú,Hogar,19,145,2755,1873.27
3996,2025-05-31,Otoño,C9418,Estándar,Centro,Perú,Ropa,13,66,858,594.93
3997,2024-07-29,Invierno,C5751,Estándar,Centro,Perú,Electrónica,6,52,312,191.9
3998,2024-12-28,Verano,C1086,Estándar,Sur,Colombia,Electrónica,10,115,1150,725.3
3999,2025-04-22,Otoño,C7918,Premium,Sur,Colombia,Hogar,14,160,2240,1349.08
4000,2025-04-26,Otoño,C5566,Estándar,Centro,Colombia,Ropa,11,64,704,510.12
4001,2025-05-18,Otoño,C9813,Estándar,Norte,Perú,Ropa,8,93,744,503.21
4002,2025-03-16,Otoño,C2828,Premium,Norte,Chile,Electrónica,9,109,981,659.76
4003,2024-08-12,Invierno,C7995,Estándar,Norte,Colombia,Hogar,5,98,490,344.08
4004,2025-12-17,Verano,C3198,Económico,Norte,Colombia,Electrónica,12,44,528,374.93
4005,2025-08-05,Invierno,C1194,Premium,Sur,Chile,Hogar,1,156,156,116.18
4006,2024-02-28,Verano,C9642,Económico,Norte,Colombia,Hogar,13,65,845,527.05
4007,2024-12-09,Verano,C6334,Premium,Centro,Colombia,Electrónica,10,149,1490,979.61
4008,2024-03-11,Otoño,C2342,Premium,Norte,Chile,Electrónica,14,149,2086,1435.42
4009,2024-07-22,Invierno,C3510,Estándar,Sur,Chile,Hogar,5,107,535,320.35
4010,2025-11-07,Primavera,C1653,Premium,Sur,Perú,Ropa,13,140,1820,1339.34
4011,2024-06-25,Invierno,C1331,Premium,Centro,Colombia,Electrónica,11,127,1397,1038.26
4012,2025-03-25,Otoño,C1252,Estándar,Centro,Chile,Ropa,17,104,1768,1284.08
4013,2025-02-19,Verano,C2479,Estándar,Centro,Chile,Ropa,12,100,1200,683.43
4014,2025-04-14,Otoño,C8419,Estándar,Norte,Colombia,Hogar,12,84,1008,628.9
4015,2025-12-21,Verano,C9283,Premium,Norte,Colombia,Hogar,16,188,3008,1717.84
4016,2025-04-04,Otoño,C3538,Estándar,Norte,Perú,Electrónica,16,80,1280,937.15
4017,2025-01-23,Verano,C1566,Estándar,Centro,Colombia,Ropa,10,67,670,401.96
4018,2024-01-20,Verano,C9923,Económico,Norte,Colombia,Ropa,15,59,885,599.15
4019,2025-12-31,Verano,C4950,Premium,Norte,Perú,Electrónica,17,109,1853,1220.26
4020,2025-04-15,Otoño,C3645,Estándar,Centro,Perú,Hogar,14,92,1288,960.55
4021,2024-04-13,Otoño,C1359,Estándar,Sur,Colombia,Deportes,16,112,1792,1066.63
4022,2024-03-12,Otoño,C3009,Estándar,Sur,Chile,Electrónica,12,52,624,369.14
4023,2025-07-15,Invierno,C9070,Premium,Norte,Perú,Ropa,8,103,824,555.68
4024,2025-02-08,Verano,C9269,Premium,Centro,Chile,Electrónica,14,153,2142,1445.9
4025,2025-11-23,Primavera,C2373,Estándar,Centro,Chile,Ropa,17,61,1037,671.38
4026,2025-08-16,Invierno,C2479,Premium,Sur,Chile,Electrónica,5,135,675,375.33
4027,2025-09-19,Primavera,C3489,Estándar,Norte,Perú,Electrónica,10,57,570,412.46
4028,2025-12-15,Verano,C4031,Premium,Norte,Perú,Electrónica,19,182,3458,2070.47
4029,2025-08-18,Invierno,C3500,Estándar,Centro,Colombia,Electrónica,10,99,990,611.12
4030,2025-12-14,Verano,C1981,Estándar,Norte,Chile,Ropa,23,110,2530,1829.61
4031,2024-08-11,Invierno,C8609,Premium,Sur,Perú,Hogar,4,141,564,356.84
4032,2025-02-09,Verano,C4936,Económico,Centro,Colombia,Hogar,14,68,952,549.29
4033,2025-06-26,Invierno,C2758,Premium,Centro,Perú,Electrónica,3,181,543,383.26
4034,2025-05-28,Otoño,C6016,Estándar,Norte,Colombia,Electrónica,5,55,275,165.45
4035,2024-04-25,Otoño,C8411,Estándar,Centro,Perú,Ropa,6,96,576,323.88
4036,2025-09-12,Primavera,C9306,Premium,Sur,Perú,Ropa,17,108,1836,1186.6
4037,2024-01-23,Verano,C3340,Económico,Norte,Chile,Electrónica,21,40,840,464.23
4038,2024-10-09,Primavera,C5069,Premium,Centro,Perú,Electrónica,5,190,950,692.43
4039,2024-08-25,Invierno,C9520,Estándar,Centro,Perú,Hogar,3,64,192,143.09
4040,2025-10-12,Primavera,C5499,Económico,Norte,Colombia,Ropa,15,37,555,397.23
4041,2024-09-04,Primavera,C9839,Premium,Norte,Perú,Electrónica,11,114,1254,913.65
4042,2025-06-04,Invierno,C8462,Económico,Centro,Perú,Electrónica,5,26,130,92.99
4043,2025-11-10,Primavera,C8495,Económico,Norte,Colombia,Electrónica,9,20,180,125.31
4044,2025-06-10,Invierno,C8427,Premium,Sur,Perú,Ropa,3,116,348,220.61
4045,2024-03-25,Otoño,C4543,Estándar,Norte,Colombia,Hogar,10,112,1120,684.26
4046,2025-06-24,Invierno,C2538,Económico,Norte,Perú,Electrónica,9,55,495,281.3
4047,2024-08-07,Invierno,C6873,Económico,Centro,Chile,Electrónica,1,23,23,15.89
4048,2024-11-06,Primavera,C7152,Premium,Sur,Colombia,Deportes,15,115,1725,1163.11
4049,2024-11-08,Primavera,C3607,Estándar,Sur,Perú,Electrónica,17,97,1649,960.1
4050,2024-09-28,Primavera,C3290,Estándar,Norte,Perú,Electrónica,6,103,618,355.97
4051,2024-06-24,Invierno,C9723,Estándar,Sur,Perú,Ropa,9,105,945,539.28
4052,2025-08-03,Invierno,C2337,Premium,Sur,Perú,Electrónica,8,179,1432,964.92
4053,2024-08-26,Invierno,C5457,Estándar,Norte,Chile,Electrónica,3,97,291,192.71
4054,2025-02-27,Verano,C1523,Económico,Norte,Colombia,Ropa,9,32,288,208.44
4055,2024-10-26,Primavera,C3242,Económico,Sur,Perú,Ropa,17,63,1071,650.52
4056,2024-01-06,Verano,C2624,Estándar,Sur,Chile,Hogar,12,104,1248,770.78
4057,2024-12-03,Verano,C2495,Premium,Centro,Chile,Deportes,31,151,4681,3440.78
4058,2024-02-25,Verano,C6211,Estándar,Sur,Chile,Electrónica,24,116,2784,1556.27
4059,2024-08-11,Invierno,C9905,Premium,Norte,Perú,Deportes,9,179,1611,886.23
4060,2025-04-03,Otoño,C9105,Económico,Centro,Perú,Hogar,16,26,416,286.61
4061,2024-03-14,Otoño,C1744,Premium,Norte,Perú,Hogar,16,158,2528,1541.84
4062,2024-05-21,Otoño,C2335,Estándar,Norte,Perú,Deportes,16,96,1536,848.99
4063,2024-09-15,Primavera,C9266,Estándar,Centro,Perú,Deportes,11,107,1177,720.21
4064,2025-01-20,Verano,C6961,Estándar,Sur,Perú,Hogar,22,65,1430,1013.69
4065,2025-07-15,Invierno,C7419,Premium,Norte,Chile,Electrónica,3,106,318,225.59
4066,2025-04-27,Otoño,C6785,Económico,Centro,Perú,Electrónica,16,26,416,311.06
4067,2024-09-04,Primavera,C5845,Premium,Norte,Perú,Electrónica,8,140,1120,654.88
4068,2025-05-14,Otoño,C2784,Económico,Sur,Chile,Hogar,17,54,918,552.9
4069,2025-01-12,Verano,C1861,Premium,Sur,Chile,Ropa,26,149,3874,2253.85
4070,2024-12-25,Verano,C9133,Premium,Centro,Chile,Electrónica,24,117,2808,1818.49
4071,2025-03-05,Otoño,C8301,Estándar,Sur,Chile,Hogar,6,104,624,434.32
4072,2025-09-18,Primavera,C2792,Estándar,Norte,Perú,Hogar,9,107,963,708.58
4073,2025-12-23,Verano,C8338,Premium,Norte,Perú,Deportes,26,179,4654,3099.32
4074,2025-02-07,Verano,C3093,Económico,Norte,Chile,Ropa,15,64,960,531.69
4075,2025-10-26,Primavera,C6299,Económico,Sur,Perú,Deportes,17,62,1054,735.51
4076,2024-05-06,Otoño,C1575,Económico,Norte,Perú,Electrónica,5,56,280,164.27
4077,2024-12-21,Verano,C8163,Estándar,Centro,Perú,Hogar,13,89,1157,794.69
4078,2025-03-12,Otoño,C3872,Económico,Centro,Chile,Hogar,8,25,200,114.14
4079,2024-02-25,Verano,C3213,Premium,Sur,Colombia,Deportes,13,100,1300,836.34
4080,2025-03-10,Otoño,C6407,Estándar,Centro,Chile,Hogar,5,80,400,231.63
4081,2024-09-23,Primavera,C3947,Premium,Sur,Chile,Hogar,15,116,1740,1154.86
4082,2024-03-04,Otoño,C9948,Estándar,Centro,Chile,Electrónica,8,105,840,585.61
4083,2024-08-04,Invierno,C2990,Premium,Centro,Chile,Deportes,4,184,736,515.84
4084,2025-01-28,Verano,C6263,Económico,Norte,Chile,Ropa,24,46,1104,658.73
4085,2024-12-30,Verano,C2652,Estándar,Norte,Perú,Electrónica,23,81,1863,1259.43
4086,2025-02-18,Verano,C9672,Económico,Sur,Chile,Hogar,26,55,1430,978.31
4087,2025-07-14,Invierno,C3818,Premium,Norte,Chile,Ropa,5,188,940,521.62
4088,2024-01-31,Verano,C7506,Estándar,Centro,Perú,Ropa,19,79,1501,977.23
4089,2024-04-20,Otoño,C3247,Premium,Norte,Colombia,Electrónica,5,165,825,534.65
4090,2024-12-26,Verano,C5426,Premium,Norte,Colombia,Hogar,18,145,2610,1763.35
4091,2025-09-18,Primavera,C9303,Estándar,Centro,Colombia,Hogar,16,77,1232,876.97
4092,2025-07-02,Invierno,C6050,Estándar,Centro,Perú,Hogar,4,105,420,262.68
4093,2025-05-08,Otoño,C6846,Estándar,Norte,Perú,Electrónica,6,115,690,390.73
4094,2024-11-28,Primavera,C4894,Económico,Centro,Colombia,Hogar,5,27,135,91.63
4095,2024-12-12,Verano,C3251,Estándar,Centro,Chile,Electrónica,25,109,2725,1598.72
4096,2024-12-21,Verano,C4612,Estándar,Norte,Perú,Electrónica,18,53,954,658.7
4097,2025-12-19,Verano,C3072,Económico,Sur,Perú,Deportes,18,22,396,220.09
4098,2025-06-20,Invierno,C4114,Premium,Centro,Perú,Ropa,4,151,604,384.19
4099,2024-05-12,Otoño,C1726,Premium,Centro,Chile,Ropa,7,156,1092,813.5
4100,2024-06-16,Invierno,C5802,Estándar,Centro,Perú,Hogar,4,88,352,260.05
4101,2024-06-17,Invierno,C5116,Estándar,Norte,Colombia,Ropa,4,113,452,302.43
4102,2025-10-06,Primavera,C5365,Estándar,Centro,Perú,Hogar,8,68,544,367.52
4103,2025-09-21,Primavera,C2129,Económico,Centro,Perú,Hogar,16,65,1040,604.47
4104,2024-01-10,Verano,C3701,Estándar,Sur,Chile,Ropa,28,117,3276,2429.8
4105,2024-02-16,Verano,C8122,Premium,Centro,Perú,Ropa,20,190,3800,2567.18
4106,2025-01-18,Verano,C2463,Económico,Centro,Perú,Electrónica,15,59,885,534.84
4107,2024-04-08,Otoño,C8373,Económico,Centro,Colombia,Deportes,10,27,270,160.99
4108,2024-01-19,Verano,C2837,Premium,Norte,Colombia,Hogar,16,156,2496,1376.99
4109,2024-07-21,Invierno,C7096,Estándar,Norte,Colombia,Deportes,6,97,582,419.58
4110,2025-11-03,Primavera,C1998,Estándar,Norte,Perú,Ropa,12,50,600,404.28
4111,2024-12-22,Verano,C8955,Premium,Norte,Perú,Ropa,13,179,2327,1366.56
4112,2025-09-26,Primavera,C5164,Estándar,Norte,Chile,Ropa,11,97,1067,702.96
4113,2024-06-21,Invierno,C5606,Premium,Sur,Chile,Electrónica,4,165,660,421.6
4114,2024-07-19,Invierno,C9002,Premium,Norte,Colombia,Ropa,5,109,545,363.84
4115,2024-12-23,Verano,C9175,Económico,Centro,Colombia,Deportes,12,65,780,429.64
4116,2024-03-13,Otoño,C7764,Premium,Norte,Perú,Hogar,8,191,1528,1100.43
4117,2024-02-08,Verano,C9139,Económico,Norte,Perú,Deportes,20,48,960,537.09
4118,2024-10-11,Primavera,C8036,Estándar,Centro,Perú,Electrónica,11,82,902,574.24
4119,2025-01-05,Verano,C9790,Premium,Centro,Chile,Ropa,29,128,3712,2603.12
4120,2025-11-22,Primavera,C8742,Premium,Centro,Chile,Hogar,16,115,1840,1236.02
4121,2024-10-02,Primavera,C3801,Estándar,Norte,Perú,Ropa,11,88,968,543.42
4122,2025-02-20,Verano,C1784,Estándar,Norte,Chile,Electrónica,19,51,969,627.21
4123,2024-02-11,Verano,C3520,Estándar,Sur,Colombia,Ropa,9,62,558,386.6
4124,2024-01-04,Verano,C9269,Premium,Centro,Perú,Deportes,24,176,4224,2750.35
4125,2025-04-26,Otoño,C3922,Económico,Centro,Chile,Deportes,8,38,304,205.6
4126,2024-01-25,Verano,C7900,Premium,Norte,Colombia,Deportes,22,167,3674,2053.47
4127,2025-01-29,Verano,C5096,Económico,Sur,Perú,Electrónica,17,27,459,314.61
4128,2024-06-10,Invierno,C9113,Premium,Norte,Chile,Hogar,1,186,186,121.93
4129,2024-09-29,Primavera,C1392,Premium,Sur,Colombia,Hogar,16,196,3136,1867.02
4130,2024-02-13,Verano,C2011,Estándar,Norte,Perú,Electrónica,23,61,1403,806.82
4131,2024-06-24,Invierno,C6827,Premium,Norte,Chile,Ropa,6,175,1050,664.53
4132,2024-02-23,Verano,C6444,Económico,Norte,Chile,Deportes,27,45,1215,805.96
4133,2024-06-03,Invierno,C5642,Estándar,Centro,Perú,Electrónica,2,70,140,86.42
4134,2024-04-05,Otoño,C3629,Económico,Sur,Colombia,Deportes,10,55,550,402.93
4135,2025-04-05,Otoño,C9525,Estándar,Sur,Perú,Hogar,6,106,636,433.99
4136,2025-05-17,Otoño,C6020,Estándar,Centro,Chile,Ropa,13,50,650,459.4
4137,2025-12-11,Verano,C7317,Estándar,Centro,Perú,Deportes,18,64,1152,751.55
4138,2025-11-03,Primavera,C4801,Económico,Centro,Colombia,Ropa,12,35,420,254.25
4139,2024-12-05,Verano,C4817,Económico,Centro,Perú,Deportes,28,51,1428,1066.45
4140,2025-11-03,Primavera,C7880,Estándar,Sur,Colombia,Ropa,6,104,624,359.49
4141,2024-03-14,Otoño,C8563,Estándar,Sur,Perú,Electrónica,7,51,357,256.47
4142,2025-12-09,Verano,C4545,Estándar,Centro,Perú,Deportes,12,117,1404,947.88
4143,2025-11-04,Primavera,C3445,Estándar,Centro,Chile,Hogar,17,114,1938,1323.16
4144,2025-03-14,Otoño,C4887,Premium,Norte,Perú,Hogar,14,195,2730,1506.97
4145,2025-03-31,Otoño,C4806,Premium,Sur,Perú,Ropa,14,119,1666,1245.61
4146,2024-02-19,Verano,C2858,Económico,Centro,Chile,Hogar,18,67,1206,821.49
4147,2024-06-06,Invierno,C8717,Premium,Sur,Chile,Electrónica,2,114,228,129.8
4148,2025-08-18,Invierno,C9750,Premium,Sur,Perú,Hogar,9,172,1548,985.04
4149,2024-11-05,Primavera,C4923,Económico,Norte,Chile,Hogar,11,54,594,390.91
4150,2024-03-04,Otoño,C6944,Premium,Sur,Chile,Electrónica,15,112,1680,957.19
4151,2025-06-02,Invierno,C9679,Premium,Centro,Colombia,Ropa,9,168,1512,963.06
4152,2025-11-27,Primavera,C9848,Económico,Sur,Perú,Electrónica,7,57,399,237.39
4153,2025-10-06,Primavera,C1682,Estándar,Sur,Chile,Deportes,13,75,975,545.62
4154,2024-10-17,Primavera,C5587,Premium,Sur,Perú,Electrónica,14,140,1960,1246.87
4155,2025-05-19,Otoño,C6787,Premium,Norte,Perú,Electrónica,8,176,1408,804.05
4156,2024-10-13,Primavera,C5526,Premium,Norte,Colombia,Deportes,5,114,570,426.96
4157,2025-09-15,Primavera,C9698,Premium,Centro,Colombia,Hogar,11,165,1815,1359.52
4158,2024-04-29,Otoño,C3556,Estándar,Centro,Chile,Hogar,12,109,1308,723.63
4159,2025-08-21,Invierno,C1034,Económico,Norte,Chile,Ropa,6,21,126,77.84
4160,2024-09-27,Primavera,C2736,Estándar,Centro,Colombia,Deportes,11,57,627,346.19
4161,2025-03-11,Otoño,C1522,Estándar,Norte,Perú,Deportes,5,70,350,210.08
4162,2024-11-13,Primavera,C7028,Premium,Centro,Perú,Electrónica,8,115,920,593.54
4163,2025-10-22,Primavera,C5004,Estándar,Centro,Chile,Ropa,6,88,528,355.11
4164,2025-03-08,Otoño,C9497,Estándar,Sur,Colombia,Deportes,11,95,1045,672.33
4165,2025-04-14,Otoño,C2318,Premium,Sur,Perú,Deportes,15,122,1830,1351.58
4166,2025-12-10,Verano,C6758,Estándar,Norte,Chile,Ropa,29,98,2842,1775.66
4167,2025-09-15,Primavera,C8293,Estándar,Sur,Colombia,Hogar,8,97,776,459.94
4168,2024-10-22,Primavera,C1097,Económico,Sur,Perú,Deportes,6,21,126,73.49
4169,2025-05-17,Otoño,C7871,Estándar,Centro,Perú,Deportes,6,100,600,379.77
4170,2025-12-02,Verano,C5554,Estándar,Sur,Perú,Ropa,15,108,1620,992.57
4171,2025-07-28,Invierno,C9082,Premium,Centro,Perú,Hogar,8,117,936,613.67
4172,2024-10-07,Primavera,C3977,Estándar,Norte,Perú,Deportes,15,69,1035,595.4
4173,2024-07-19,Invierno,C2591,Estándar,Norte,Chile,Ropa,7,74,518,304.62
4174,2024-02-03,Verano,C1902,Estándar,Sur,Colombia,Ropa,11,107,1177,727.42
4175,2024-02-24,Verano,C6276,Estándar,Centro,Perú,Deportes,15,75,1125,681.47
4176,2025-01-11,Verano,C4361,Estándar,Norte,Colombia,Hogar,18,88,1584,1075.4
4177,2024-04-23,Otoño,C6843,Estándar,Sur,Colombia,Ropa,17,76,1292,825.31
4178,2024-08-15,Invierno,C4983,Premium,Sur,Perú,Hogar,9,110,990,587.67
4179,2025-05-20,Otoño,C4763,Premium,Sur,Chile,Deportes,5,116,580,403.01
4180,2025-10-23,Primavera,C7540,Estándar,Centro,Perú,Deportes,10,95,950,637.84
4181,2024-07-04,Invierno,C8703,Estándar,Sur,Perú,Deportes,4,56,224,138.96
4182,2025-03-14,Otoño,C8128,Estándar,Centro,Chile,Hogar,14,109,1526,882.51
4183,2024-09-15,Primavera,C5147,Premium,Sur,Perú,Electrónica,17,133,2261,1346.56
4184,2024-10-16,Primavera,C5369,Estándar,Norte,Chile,Ropa,11,70,770,481.17
4185,2025-09-21,Primavera,C5674,Estándar,Centro,Colombia,Ropa,16,82,1312,966.69
4186,2025-02-15,Verano,C2240,Premium,Centro,Colombia,Deportes,15,164,2460,1584.01
4187,2024-05-03,Otoño,C2862,Estándar,Norte,Perú,Deportes,7,63,441,287.12
4188,2025-01-16,Verano,C5564,Premium,Sur,Colombia,Ropa,14,112,1568,1165.13
4189,2024-08-27,Invierno,C8771,Premium,Norte,Chile,Deportes,2,146,292,185.38
4190,2024-03-05,Otoño,C9304,Premium,Sur,Perú,Deportes,10,189,1890,1165.05
4191,2025-06-06,Invierno,C5998,Económico,Norte,Chile,Ropa,2,27,54,34.24
4192,2025-06-17,Invierno,C8577,Económico,Norte,Chile,Ropa,4,43,172,126.56
4193,2025-07-24,Invierno,C8122,Estándar,Centro,Chile,Hogar,1,85,85,54.06
4194,2025-04-01,Otoño,C7806,Estándar,Norte,Perú,Deportes,10,52,520,311.67
4195,2024-12-04,Verano,C5687,Premium,Norte,Colombia,Deportes,15,101,1515,1128.32
4196,2024-03-17,Otoño,C2450,Estándar,Sur,Chile,Hogar,8,58,464,346.77
4197,2024-08-21,Invierno,C9976,Premium,Centro,Colombia,Ropa,11,147,1617,926.17
4198,2025-04-06,Otoño,C6363,Estándar,Centro,Perú,Electrónica,8,97,776,574.62
4199,2024-06-08,Invierno,C7983,Premium,Centro,Colombia,Electrónica,8,145,1160,715.06
4200,2025-10-02,Primavera,C4970,Estándar,Centro,Chile,Hogar,14,97,1358,783.34
4201,2025-10-03,Primavera,C7311,Estándar,Norte,Chile,Hogar,16,104,1664,1166.39
4202,2024-04-21,Otoño,C1720,Económico,Norte,Chile,Deportes,17,52,884,630.22
4203,2024-05-20,Otoño,C3670,Estándar,Centro,Chile,Electrónica,9,83,747,428.81
4204,2025-08-09,Invierno,C5699,Premium,Sur,Colombia,Hogar,8,162,1296,879.72
4205,2024-06-28,Invierno,C1319,Premium,Centro,Chile,Deportes,3,191,573,405.88
4206,2025-04-04,Otoño,C7314,Estándar,Sur,Chile,Hogar,8,89,712,436.07
4207,2025-10-10,Primavera,C3137,Estándar,Norte,Chile,Electrónica,16,78,1248,823.67
4208,2025-01-19,Verano,C7597,Económico,Sur,Chile,Hogar,13,35,455,270.41
4209,2025-03-16,Otoño,C5613,Premium,Norte,Colombia,Ropa,14,128,1792,1095.14
4210,2025-12-03,Verano,C1602,Estándar,Norte,Perú,Hogar,17,90,1530,843.91
4211,2024-10-04,Primavera,C4503,Estándar,Centro,Colombia,Deportes,14,104,1456,822.48
4212,2025-11-30,Primavera,C6271,Estándar,Sur,Perú,Hogar,17,110,1870,1398.91
4213,2025-08-09,Invierno,C4801,Estándar,Norte,Colombia,Hogar,4,76,304,186.12
4214,2024-09-05,Primavera,C1973,Estándar,Sur,Perú,Electrónica,6,96,576,317.32
4215,2024-08-25,Invierno,C3853,Premium,Centro,Perú,Electrónica,7,145,1015,739.36
4216,2025-04-13,Otoño,C6850,Estándar,Norte,Colombia,Hogar,11,111,1221,820.17
4217,2024-02-15,Verano,C3105,Premium,Norte,Chile,Electrónica,14,123,1722,1266.72
4218,2024-12-16,Verano,C4844,Económico,Sur,Perú,Electrónica,13,51,663,469.6
4219,2025-09-13,Primavera,C2171,Premium,Centro,Chile,Hogar,6,171,1026,649.22
4220,2025-05-10,Otoño,C7103,Premium,Centro,Colombia,Deportes,11,191,2101,1322.05
4221,2025-11-14,Primavera,C4295,Premium,Centro,Perú,Ropa,10,114,1140,794.82
4222,2025-07-23,Invierno,C3099,Estándar,Norte,Perú,Hogar,7,64,448,257.71
4223,2024-12-10,Verano,C9456,Premium,Sur,Colombia,Electrónica,10,146,1460,1059.64
4224,2025-01-13,Verano,C4779,Estándar,Sur,Chile,Electrónica,18,55,990,592.78
4225,2024-04-03,Otoño,C5107,Estándar,Sur,Perú,Deportes,14,104,1456,1073.9
4226,2025-02-13,Verano,C2039,Premium,Sur,Colombia,Deportes,21,107,2247,1679.01
4227,2024-11-24,Primavera,C5607,Económico,Norte,Colombia,Electrónica,8,26,208,147.22
4228,2024-03-06,Otoño,C7485,Premium,Centro,Colombia,Ropa,12,124,1488,985.35
4229,2025-03-15,Otoño,C3406,Premium,Centro,Chile,Hogar,6,159,954,590.45
4230,2024-04-19,Otoño,C9634,Estándar,Sur,Chile,Electrónica,16,54,864,554.28
4231,2025-03-17,Otoño,C4351,Estándar,Norte,Perú,Hogar,12,53,636,414.18
4232,2025-08-30,Invierno,C5736,Premium,Sur,Chile,Deportes,2,147,294,206.56
4233,2024-06-30,Invierno,C4402,Estándar,Centro,Perú,Ropa,3,103,309,224.94
4234,2025-01-30,Verano,C4163,Premium,Norte,Chile,Electrónica,21,161,3381,2327.56
4235,2024-07-31,Invierno,C1268,Premium,Sur,Colombia,Deportes,6,117,702,396.78
4236,2024-12-06,Verano,C9272,Estándar,Centro,Chile,Ropa,17,50,850,597.39
4237,2025-10-05,Primavera,C2821,Premium,Norte,Chile,Ropa,12,156,1872,1262.14
4238,2024-03-22,Otoño,C3179,Económico,Sur,Chile,Hogar,5,32,160,108.86
4239,2025-06-28,Invierno,C6620,Estándar,Sur,Chile,Electrónica,7,106,742,524.32
4240,2025-08-20,Invierno,C3256,Económico,Sur,Perú,Deportes,3,37,111,81.58
4241,2025-10-14,Primavera,C7477,Estándar,Centro,Chile,Ropa,15,65,975,682.5
4242,2024-12-26,Verano,C3145,Premium,Sur,Chile,Hogar,12,141,1692,1060.42
4243,2025-02-19,Verano,C5537,Económico,Norte,Perú,Hogar,22,57,1254,840.39
4244,2024-01-05,Verano,C8000,Estándar,Norte,Chile,Electrónica,21,110,2310,1314.89
4245,2025-08-01,Invierno,C1833,Premium,Norte,Colombia,Deportes,4,103,412,241.37
4246,2024-06-01,Invierno,C1784,Estándar,Centro,Perú,Ropa,7,115,805,555.59
4247,2025-07-29,Invierno,C6400,Premium,Sur,Perú,Hogar,7,121,847,478.96
4248,2025-03-09,Otoño,C4490,Estándar,Norte,Perú,Hogar,8,85,680,413.46
4249,2025-10-07,Primavera,C1572,Estándar,Norte,Chile,Ropa,14,85,1190,706.77
4250,2024-10-08,Primavera,C8634,Estándar,Norte,Chile,Electrónica,5,57,285,207.24
4251,2024-07-14,Invierno,C4593,Premium,Sur,Perú,Deportes,4,105,420,259.69
4252,2025-12-11,Verano,C7649,Estándar,Sur,Colombia,Ropa,10,90,900,615.41
4253,2024-05-29,Otoño,C9203,Económico,Centro,Chile,Electrónica,5,52,260,176.06
4254,2024-04-19,Otoño,C6669,Estándar,Centro,Colombia,Deportes,13,108,1404,954.53
4255,2024-06-11,Invierno,C6771,Premium,Sur,Perú,Deportes,4,118,472,332.42
4256,2025-01-17,Verano,C5139,Estándar,Norte,Colombia,Hogar,11,111,1221,734.38
4257,2025-05-31,Otoño,C9805,Estándar,Centro,Perú,Electrónica,9,56,504,323.99
4258,2024-11-17,Primavera,C5500,Económico,Sur,Colombia,Hogar,14,51,714,451.31
4259,2025-10-29,Primavera,C2956,Estándar,Centro,Perú,Deportes,15,106,1590,1002.91
4260,2025-05-06,Otoño,C5633,Económico,Centro,Colombia,Deportes,6,33,198,111.92
4261,2024-12-09,Verano,C3124,Estándar,Norte,Perú,Electrónica,23,89,2047,1448.96
4262,2025-03-20,Otoño,C2417,Estándar,Sur,Perú,Deportes,16,113,1808,1027.63
4263,2024-12-10,Verano,C7633,Estándar,Sur,Chile,Ropa,22,70,1540,921.58
4264,2024-07-26,Invierno,C2856,Premium,Sur,Colombia,Hogar,11,125,1375,768.62
4265,2024-01-05,Verano,C4060,Estándar,Sur,Perú,Ropa,14,83,1162,842.15
4266,2024-01-27,Verano,C2477,Económico,Sur,Perú,Hogar,14,47,658,392.95
4267,2025-04-16,Otoño,C5058,Premium,Norte,Chile,Deportes,17,133,2261,1592.31
4268,2025-02-18,Verano,C1848,Estándar,Centro,Colombia,Ropa,17,103,1751,1237.68
4269,2024-08-17,Invierno,C5232,Estándar,Sur,Colombia,Deportes,8,79,632,394.91
4270,2025-05-06,Otoño,C2774,Estándar,Norte,Chile,Hogar,14,95,1330,931.58
4271,2024-09-13,Primavera,C9518,Estándar,Centro,Perú,Electrónica,11,87,957,560.72
4272,2025-03-04,Otoño,C4276,Económico,Centro,Perú,Hogar,5,49,245,135.51
4273,2025-10-12,Primavera,C2931,Económico,Centro,Chile,Hogar,10,41,410,272.26
4274,2024-09-19,Primavera,C6806,Premium,Centro,Chile,Deportes,6,193,1158,741.43
4275,2024-07-19,Invierno,C6019,Premium,Sur,Perú,Electrónica,8,122,976,710.4
4276,2025-05-17,Otoño,C2098,Económico,Sur,Chile,Deportes,13,38,494,331.46
4277,2025-09-02,Primavera,C5980,Económico,Centro,Colombia,Deportes,9,58,522,301.71
4278,2025-04-18,Otoño,C4656,Estándar,Sur,Chile,Hogar,9,117,1053,692.09
4279,2024-09-24,Primavera,C3959,Económico,Centro,Perú,Deportes,10,30,300,176.87
4280,2025-05-22,Otoño,C7069,Estándar,Norte,Colombia,Ropa,8,69,552,409.33
4281,2024-12-26,Verano,C2494,Estándar,Norte,Colombia,Hogar,9,82,738,504.21
4282,2025-04-04,Otoño,C2916,Estándar,Sur,Colombia,Deportes,8,54,432,285.84
4283,2025-08-18,Invierno,C8700,Estándar,Sur,Perú,Hogar,7,114,798,514.89
4284,2024-03-29,Otoño,C6297,Estándar,Sur,Perú,Electrónica,16,78,1248,906.77
4285,2025-07-22,Invierno,C9891,Premium,Norte,Perú,Deportes,3,111,333,187.27
4286,2025-10-22,Primavera,C9772,Económico,Norte,Chile,Ropa,17,62,1054,726.43
4287,2025-06-19,Invierno,C8628,Premium,Norte,Perú,Deportes,8,132,1056,779.52
4288,2025-11-30,Primavera,C3851,Premium,Centro,Chile,Electrónica,13,197,2561,1537.84
4289,2025-02-14,Verano,C4688,Estándar,Centro,Perú,Electrónica,14,93,1302,952.14
4290,2025-09-22,Primavera,C2701,Premium,Sur,Chile,Deportes,16,155,2480,1462.92
4291,2024-01-02,Verano,C7031,Estándar,Centro,Perú,Ropa,10,110,1100,629.34
4292,2024-05-30,Otoño,C7171,Estándar,Centro,Colombia,Ropa,10,80,800,482.38
4293,2025-05-16,Otoño,C1550,Estándar,Sur,Colombia,Ropa,17,91,1547,987.1
4294,2024-09-09,Primavera,C5209,Estándar,Norte,Perú,Deportes,5,72,360,262.4
4295,2025-03-06,Otoño,C9096,Económico,Sur,Chile,Electrónica,10,29,290,178.23
4296,2024-11-11,Primavera,C8905,Estándar,Centro,Chile,Hogar,10,93,930,581.33
4297,2025-08-27,Invierno,C3938,Estándar,Centro,Perú,Hogar,3,61,183,101.28
4298,2024-06-14,Invierno,C8343,Estándar,Norte,Chile,Deportes,2,85,170,116.37
4299,2025-07-20,Invierno,C4806,Estándar,Sur,Colombia,Hogar,4,52,208,134.65
4300,2025-04-03,Otoño,C3983,Estándar,Norte,Perú,Deportes,12,65,780,480.36
4301,2024-07-13,Invierno,C1412,Estándar,Sur,Colombia,Ropa,6,76,456,324.03
4302,2024-06-25,Invierno,C5875,Estándar,Norte,Perú,Deportes,5,90,450,270.62
4303,2025-07-28,Invierno,C3403,Premium,Sur,Perú,Hogar,2,146,292,202.34
4304,2025-07-12,Invierno,C4928,Premium,Norte,Perú,Electrónica,4,145,580,349.62
4305,2024-07-26,Invierno,C4380,Estándar,Norte,Perú,Electrónica,4,101,404,235.44
4306,2024-11-21,Primavera,C5664,Estándar,Sur,Chile,Electrónica,13,104,1352,818.46
4307,2025-09-11,Primavera,C5732,Premium,Sur,Perú,Hogar,12,132,1584,1105.61
4308,2024-10-23,Primavera,C3462,Estándar,Sur,Perú,Hogar,13,76,988,702.05
4309,2024-03-11,Otoño,C1365,Económico,Sur,Chile,Hogar,17,50,850,619.45
4310,2024-05-17,Otoño,C5075,Premium,Norte,Chile,Electrónica,10,124,1240,793.5
4311,2025-04-27,Otoño,C3587,Estándar,Centro,Perú,Deportes,11,77,847,554.53
4312,2024-08-06,Invierno,C9248,Premium,Centro,Perú,Hogar,9,102,918,551.83
4313,2024-07-18,Invierno,C6089,Estándar,Sur,Colombia,Ropa,7,56,392,272.07
4314,2024-11-02,Primavera,C5696,Premium,Sur,Colombia,Deportes,15,176,2640,1546.64
4315,2024-03-26,Otoño,C6275,Estándar,Sur,Chile,Electrónica,11,112,1232,802.18
4316,2025-11-22,Primavera,C8670,Estándar,Sur,Perú,Deportes,10,79,790,489.71
4317,2024-01-06,Verano,C4019,Premium,Centro,Chile,Ropa,19,182,3458,2573.19
4318,2025-05-12,Otoño,C6221,Premium,Sur,Perú,Hogar,6,173,1038,652.93
4319,2024-10-21,Primavera,C4300,Estándar,Centro,Chile,Hogar,5,55,275,194.46
4320,2024-06-18,Invierno,C7926,Premium,Norte,Colombia,Electrónica,8,165,1320,916.49
4321,2025-10-12,Primavera,C2117,Premium,Centro,Perú,Deportes,11,178,1958,1270.78
4322,2024-09-27,Primavera,C1582,Estándar,Centro,Perú,Hogar,10,83,830,587.11
4323,2025-09-12,Primavera,C7630,Premium,Sur,Perú,Hogar,6,177,1062,715.3
4324,2025-08-27,Invierno,C6452,Premium,Norte,Perú,Electrónica,5,192,960,622.66
4325,2025-09-02,Primavera,C4268,Estándar,Sur,Perú,Electrónica,5,74,370,275.52
4326,2025-12-03,Verano,C1577,Económico,Norte,Chile,Deportes,25,51,1275,895.86
4327,2024-01-14,Verano,C3968,Premium,Norte,Chile,Hogar,29,137,3973,2630.94
4328,2025-05-03,Otoño,C7858,Premium,Centro,Perú,Electrónica,12,187,2244,1545.68
4329,2025-10-13,Primavera,C4263,Estándar,Norte,Chile,Electrónica,11,115,1265,741.59
4330,2025-09-12,Primavera,C8326,Estándar,Sur,Perú,Hogar,7,75,525,298.85
4331,2024-06-02,Invierno,C6751,Premium,Norte,Perú,Hogar,4,195,780,499.87
4332,2024-01-06,Verano,C2998,Estándar,Sur,Chile,Ropa,27,54,1458,816.18
4333,2024-03-24,Otoño,C7333,Estándar,Norte,Colombia,Deportes,13,113,1469,925.98
4334,2025-09-25,Primavera,C7347,Premium,Norte,Colombia,Deportes,16,126,2016,1395.34
4335,2024-02-29,Verano,C1630,Premium,Sur,Chile,Electrónica,19,110,2090,1409.2
4336,2025-09-13,Primavera,C7063,Estándar,Norte,Chile,Deportes,5,71,355,252.27
4337,2024-07-12,Invierno,C9946,Estándar,Norte,Perú,Ropa,9,95,855,497.96
4338,2025-05-02,Otoño,C3206,Estándar,Centro,Colombia,Hogar,5,59,295,185.26
4339,2024-03-21,Otoño,C2525,Estándar,Sur,Chile,Deportes,8,107,856,613.15
4340,2024-04-15,Otoño,C8231,Económico,Centro,Colombia,Deportes,8,35,280,206.71
4341,2024-11-21,Primavera,C7910,Premium,Sur,Chile,Ropa,8,131,1048,588.37
4342,2025-05-10,Otoño,C1770,Estándar,Centro,Chile,Ropa,10,58,580,330.77
4343,2024-11-28,Primavera,C6115,Económico,Norte,Perú,Electrónica,6,37,222,144.84
4344,2024-07-27,Invierno,C5165,Premium,Centro,Colombia,Electrónica,5,191,955,559.13
4345,2024-12-11,Verano,C8406,Premium,Norte,Perú,Ropa,18,137,2466,1376.5
4346,2025-07-02,Invierno,C6456,Estándar,Norte,Perú,Ropa,2,99,198,134.93
4347,2025-03-05,Otoño,C1129,Premium,Norte,Perú,Ropa,5,152,760,567.54
4348,2025-02-06,Verano,C2321,Estándar,Sur,Chile,Electrónica,29,76,2204,1351.45
4349,2024-02-27,Verano,C6004,Económico,Norte,Chile,Ropa,15,44,660,488.67
4350,2025-07-17,Invierno,C5611,Estándar,Centro,Colombia,Deportes,11,111,1221,898.08
4351,2025-02-08,Verano,C7704,Estándar,Norte,Colombia,Hogar,12,69,828,550.01
4352,2024-03-15,Otoño,C9792,Estándar,Centro,Chile,Deportes,15,51,765,456.86
4353,2024-04-12,Otoño,C9227,Estándar,Norte,Perú,Ropa,9,95,855,533.39
4354,2025-10-15,Primavera,C7081,Premium,Centro,Chile,Ropa,14,152,2128,1555.58
4355,2024-01-23,Verano,C8073,Premium,Sur,Chile,Deportes,31,128,3968,2236.19
4356,2024-05-02,Otoño,C9755,Premium,Norte,Chile,Ropa,13,184,2392,1638.35
4357,2024-11-27,Primavera,C5006,Premium,Sur,Chile,Electrónica,8,164,1312,727.32
4358,2025-10-16,Primavera,C1033,Económico,Sur,Chile,Deportes,10,20,200,139.88
4359,2024-01-16,Verano,C3747,Económico,Centro,Perú,Electrónica,12,46,552,395.57
4360,2025-09-16,Primavera,C3344,Estándar,Centro,Chile,Deportes,7,111,777,539.43
4361,2024-10-04,Primavera,C1972,Económico,Norte,Colombia,Hogar,8,62,496,288.69
4362,2025-04-19,Otoño,C7277,Premium,Centro,Perú,Electrónica,13,147,1911,1236.97
4363,2025-02-17,Verano,C5989,Estándar,Norte,Chile,Hogar,15,92,1380,905.85
4364,2024-12-24,Verano,C7744,Premium,Norte,Chile,Hogar,24,149,3576,2247.27
4365,2025-06-06,Invierno,C7006,Estándar,Sur,Perú,Electrónica,4,98,392,291.06
4366,2024-07-27,Invierno,C3551,Premium,Norte,Chile,Ropa,1,168,168,107.05
4367,2024-01-26,Verano,C9099,Premium,Sur,Perú,Hogar,12,158,1896,1082.85
4368,2024-09-20,Primavera,C5826,Estándar,Norte,Perú,Deportes,10,87,870,562.52
4369,2024-07-27,Invierno,C9359,Estándar,Sur,Chile,Ropa,1,95,95,63.28
4370,2024-07-01,Invierno,C2897,Estándar,Centro,Chile,Electrónica,6,70,420,264.72
4371,2024-01-24,Verano,C9718,Premium,Centro,Chile,Deportes,28,102,2856,1625.59
4372,2024-01-06,Verano,C5243,Económico,Norte,Chile,Ropa,14,23,322,196.33
4373,2024-09-26,Primavera,C3662,Estándar,Norte,Chile,Ropa,8,68,544,389.77
4374,2025-05-26,Otoño,C2582,Estándar,Sur,Perú,Deportes,7,86,602,444.96
4375,2025-03-14,Otoño,C1499,Estándar,Norte,Chile,Deportes,12,91,1092,816.41
4376,2025-07-05,Invierno,C1523,Económico,Sur,Perú,Deportes,4,33,132,95.37
4377,2025-01-19,Verano,C8454,Estándar,Centro,Chile,Deportes,33,115,3795,2152.32
4378,2025-06-11,Invierno,C5788,Económico,Norte,Chile,Deportes,4,28,112,77.59
4379,2024-01-28,Verano,C6729,Premium,Centro,Colombia,Ropa,17,142,2414,1410.87
4380,2025-05-27,Otoño,C8423,Estándar,Norte,Perú,Hogar,17,95,1615,1133.97
4381,2024-01-12,Verano,C7580,Estándar,Sur,Perú,Ropa,17,119,2023,1500.05
4382,2025-01-10,Verano,C4718,Premium,Centro,Chile,Deportes,30,113,3390,2130.66
4383,2024-04-21,Otoño,C5358,Estándar,Centro,Colombia,Electrónica,6,101,606,378.22
4384,2024-11-29,Primavera,C5048,Económico,Centro,Perú,Electrónica,16,52,832,481.08
4385,2024-01-27,Verano,C1649,Premium,Norte,Chile,Electrónica,27,125,3375,2349.02
4386,2024-02-13,Verano,C8536,Premium,Sur,Chile,Electrónica,21,124,2604,1654.01
4387,2024-04-23,Otoño,C3029,Estándar,Centro,Chile,Ropa,9,58,522,371.37
4388,2025-10-01,Primavera,C8654,Económico,Norte,Colombia,Ropa,5,37,185,129.44
4389,2025-08-28,Invierno,C1643,Estándar,Sur,Chile,Deportes,2,82,164,91.72
4390,2024-04-24,Otoño,C4913,Estándar,Sur,Colombia,Deportes,13,91,1183,773.64
4391,2025-10-06,Primavera,C8375,Premium,Sur,Chile,Deportes,16,164,2624,1855.84
4392,2025-07-26,Invierno,C3301,Estándar,Norte,Colombia,Ropa,4,119,476,289.33
4393,2025-09-28,Primavera,C4288,Estándar,Centro,Perú,Ropa,11,112,1232,759.53
4394,2024-08-16,Invierno,C2960,Premium,Centro,Perú,Hogar,4,115,460,266.91
4395,2025-05-05,Otoño,C7891,Premium,Sur,Perú,Ropa,7,101,707,394.18
4396,2024-07-13,Invierno,C8160,Estándar,Norte,Perú,Deportes,7,88,616,422.14
4397,2024-03-21,Otoño,C9013,Estándar,Norte,Chile,Hogar,7,116,812,516.24
4398,2024-01-13,Verano,C2902,Económico,Sur,Colombia,Ropa,13,38,494,368.38
4399,2024-05-11,Otoño,C7921,Estándar,Norte,Colombia,Deportes,15,80,1200,678.44
4400,2025-07-14,Invierno,C6199,Económico,Centro,Perú,Deportes,5,21,105,76.32
4401,2025-12-18,Verano,C1893,Económico,Centro,Chile,Electrónica,24,62,1488,830.51
4402,2024-11-30,Primavera,C6965,Estándar,Sur,Perú,Electrónica,13,68,884,629.81
4403,2025-06-19,Invierno,C5362,Premium,Centro,Colombia,Electrónica,8,160,1280,845.28
4404,2024-04-21,Otoño,C6189,Estándar,Sur,Perú,Electrónica,16,115,1840,1118.58
4405,2024-05-24,Otoño,C7692,Estándar,Norte,Chile,Deportes,14,63,882,651.06
4406,2025-07-07,Invierno,C3809,Premium,Sur,Perú,Deportes,2,121,242,166.08
4407,2024-06-20,Invierno,C8716,Económico,Centro,Perú,Deportes,3,22,66,36.63
4408,2025-02-13,Verano,C3881,Estándar,Norte,Chile,Hogar,25,66,1650,1130.87
4409,2024-10-07,Primavera,C4329,Estándar,Norte,Chile,Hogar,7,105,735,449.66
4410,2025-09-18,Primavera,C3197,Estándar,Centro,Chile,Deportes,6,89,534,300.86
4411,2025-03-26,Otoño,C6825,Premium,Centro,Perú,Ropa,15,117,1755,1078.82
4412,2024-01-22,Verano,C5894,Estándar,Sur,Colombia,Ropa,10,102,1020,569.17
4413,2025-05-20,Otoño,C1141,Económico,Sur,Chile,Hogar,13,61,793,479.17
4414,2024-06-02,Invierno,C7424,Premium,Norte,Chile,Deportes,2,162,324,211.19
4415,2024-04-21,Otoño,C4261,Premium,Norte,Perú,Ropa,15,118,1770,1170.9
4416,2025-07-30,Invierno,C6575,Económico,Centro,Perú,Hogar,3,60,180,129.98
4417,2025-06-19,Invierno,C1134,Económico,Centro,Colombia,Hogar,11,58,638,396.08
4418,2024-03-17,Otoño,C7712,Premium,Norte,Chile,Hogar,6,138,828,496.25
4419,2024-05-07,Otoño,C3458,Premium,Sur,Perú,Hogar,9,127,1143,644.74
4420,2025-10-15,Primavera,C9038,Económico,Sur,Perú,Deportes,7,33,231,142.8
4421,2024-03-31,Otoño,C4329,Premium,Centro,Perú,Hogar,5,149,745,448.1
4422,2024-02-25,Verano,C3676,Premium,Centro,Colombia,Electrónica,17,167,2839,1686.6
4423,2024-09-06,Primavera,C2931,Estándar,Sur,Perú,Ropa,5,76,380,272.73
4424,2025-06-02,Invierno,C5959,Estándar,Sur,Chile,Deportes,4,67,268,193.64
4425,2025-11-16,Primavera,C7048,Premium,Sur,Colombia,Electrónica,8,126,1008,631.67
4426,2025-09-08,Primavera,C5353,Económico,Centro,Perú,Ropa,16,45,720,420.48
4427,2024-09-08,Primavera,C5618,Económico,Centro,Perú,Electrónica,6,28,168,116.08
4428,2024-09-18,Primavera,C3361,Estándar,Sur,Perú,Ropa,8,57,456,337.15
4429,2024-10-03,Primavera,C8207,Estándar,Norte,Perú,Electrónica,13,50,650,451.96
4430,2024-05-26,Otoño,C6661,Estándar,Sur,Colombia,Deportes,15,58,870,488.23
4431,2024-04-21,Otoño,C6678,Premium,Sur,Perú,Electrónica,10,106,1060,673.37
4432,2025-07-10,Invierno,C5036,Premium,Norte,Perú,Electrónica,8,150,1200,745.73
4433,2025-10-07,Primavera,C4446,Estándar,Sur,Chile,Electrónica,8,81,648,415.75
4434,2024-05-23,Otoño,C7791,Estándar,Norte,Colombia,Deportes,16,56,896,628.58
4435,2025-12-01,Verano,C8955,Económico,Centro,Colombia,Ropa,14,28,392,288.85
4436,2025-08-26,Invierno,C3031,Estándar,Norte,Perú,Deportes,7,54,378,226.06
4437,2024-09-29,Primavera,C3218,Estándar,Norte,Perú,Ropa,9,72,648,472.8
4438,2024-04-29,Otoño,C8825,Estándar,Sur,Chile,Deportes,15,54,810,504.14
4439,2025-11-13,Primavera,C2031,Premium,Sur,Perú,Hogar,13,159,2067,1305.17
4440,2024-05-10,Otoño,C2092,Económico,Norte,Chile,Ropa,17,21,357,235.6
4441,2024-04-15,Otoño,C9241,Premium,Sur,Perú,Hogar,13,112,1456,860.41
4442,2025-12-08,Verano,C6895,Premium,Sur,Chile,Ropa,15,164,2460,1423.55
4443,2024-05-27,Otoño,C4974,Estándar,Sur,Chile,Electrónica,6,119,714,398.02
4444,2024-03-19,Otoño,C3398,Estándar,Centro,Perú,Electrónica,11,112,1232,888.2
4445,2024-09-07,Primavera,C4469,Premium,Norte,Perú,Hogar,7,199,1393,839.87
4446,2025-06-18,Invierno,C5976,Premium,Norte,Colombia,Electrónica,7,102,714,531.38
4447,2024-02-21,Verano,C9611,Estándar,Norte,Perú,Electrónica,10,52,520,385.16
4448,2025-10-19,Primavera,C6021,Premium,Sur,Chile,Deportes,8,144,1152,643.9
4449,2025-11-26,Primavera,C9533,Premium,Norte,Perú,Deportes,16,177,2832,1879.65
4450,2024-08-07,Invierno,C9981,Estándar,Centro,Perú,Ropa,4,87,348,240.32
4451,2025-05-27,Otoño,C3406,Económico,Norte,Chile,Hogar,16,42,672,469.18
4452,2025-09-12,Primavera,C6161,Premium,Sur,Perú,Electrónica,16,194,3104,1903.38
4453,2025-03-23,Otoño,C2981,Económico,Centro,Perú,Deportes,12,61,732,466.8
4454,2024-01-10,Verano,C5549,Estándar,Sur,Colombia,Electrónica,14,71,994,714.66
4455,2024-02-11,Verano,C2973,Estándar,Norte,Chile,Electrónica,26,106,2756,1845.97
4456,2024-10-17,Primavera,C8426,Estándar,Norte,Perú,Hogar,5,54,270,184.24
4457,2025-12-30,Verano,C5012,Estándar,Centro,Chile,Hogar,16,51,816,475.5
4458,2024-01-21,Verano,C6260,Premium,Sur,Chile,Ropa,15,106,1590,1138.05
4459,2024-10-04,Primavera,C7199,Estándar,Norte,Perú,Ropa,5,71,355,233.77
4460,2025-12-18,Verano,C5982,Estándar,Sur,Perú,Hogar,24,82,1968,1094.01
4461,2025-08-02,Invierno,C6814,Premium,Sur,Chile,Ropa,6,115,690,473.34
4462,2024-10-29,Primavera,C6768,Premium,Sur,Perú,Hogar,17,154,2618,1856.25
4463,2024-05-27,Otoño,C7794,Estándar,Norte,Chile,Hogar,12,70,840,590.23
4464,2025-03-10,Otoño,C6070,Premium,Sur,Chile,Deportes,17,165,2805,1941.12
4465,2024-04-30,Otoño,C1168,Estándar,Norte,Colombia,Deportes,17,109,1853,1266.46
4466,2025-08-31,Invierno,C3669,Estándar,Norte,Colombia,Deportes,9,75,675,407.06
4467,2025-12-17,Verano,C5739,Estándar,Sur,Perú,Hogar,22,80,1760,1006.36
4468,2025-07-12,Invierno,C7608,Estándar,Centro,Chile,Deportes,4,88,352,232.02
4469,2025-08-02,Invierno,C3562,Económico,Norte,Colombia,Deportes,6,56,336,250.14
4470,2024-03-21,Otoño,C1444,Estándar,Norte,Chile,Electrónica,8,92,736,550.56
4471,2025-08-25,Invierno,C7816,Premium,Norte,Perú,Ropa,3,125,375,263.11
4472,2025-11-23,Primavera,C1945,Estándar,Centro,Colombia,Ropa,10,83,830,491.6
4473,2025-08-23,Invierno,C3138,Estándar,Centro,Colombia,Electrónica,7,82,574,365.4
4474,2025-04-19,Otoño,C6195,Premium,Norte,Perú,Hogar,13,144,1872,1247.32
4475,2025-11-15,Primavera,C9157,Estándar,Norte,Chile,Deportes,14,88,1232,679.63
4476,2025-08-27,Invierno,C4071,Estándar,Centro,Chile,Ropa,4,97,388,250.86
4477,2024-10-01,Primavera,C6988,Estándar,Norte,Perú,Electrónica,12,116,1392,908.77
4478,2024-12-15,Verano,C2094,Estándar,Norte,Colombia,Ropa,10,84,840,601.92
4479,2024-02-21,Verano,C3673,Estándar,Sur,Perú,Ropa,11,72,792,536.39
4480,2025-04-06,Otoño,C3747,Estándar,Sur,Perú,Hogar,7,62,434,280.05
4481,2024-01-11,Verano,C4171,Premium,Norte,Chile,Hogar,28,183,5124,3770.3
4482,2024-04-12,Otoño,C1757,Estándar,Norte,Perú,Electrónica,14,103,1442,883.53
4483,2024-01-13,Verano,C2776,Estándar,Sur,Colombia,Hogar,13,78,1014,737.51
4484,2024-03-13,Otoño,C3909,Premium,Sur,Colombia,Deportes,8,114,912,578.8
4485,2025-09-10,Primavera,C7037,Económico,Centro,Colombia,Hogar,8,65,520,320.97
4486,2024-02-15,Verano,C6085,Premium,Centro,Perú,Ropa,21,146,3066,1808.48
4487,2024-06-10,Invierno,C4454,Estándar,Sur,Chile,Ropa,4,87,348,236.52
4488,2025-11-30,Primavera,C8330,Premium,Centro,Perú,Electrónica,10,147,1470,981.53
4489,2024-05-05,Otoño,C4867,Estándar,Sur,Perú,Electrónica,12,50,600,360.95
4490,2024-07-23,Invierno,C7383,Económico,Norte,Perú,Ropa,4,49,196,108.39
4491,2025-11-14,Primavera,C1808,Estándar,Norte,Colombia,Hogar,17,94,1598,1176.72
4492,2025-03-19,Otoño,C3717,Económico,Sur,Perú,Hogar,17,43,731,534.29
4493,2025-05-08,Otoño,C5310,Estándar,Norte,Perú,Deportes,16,70,1120,784.05
4494,2024-11-16,Primavera,C6841,Premium,Norte,Perú,Electrónica,5,150,750,428.61
4495,2024-02-10,Verano,C1932,Estándar,Sur,Chile,Ropa,17,105,1785,1289.14
4496,2025-01-22,Verano,C8802,Estándar,Sur,Colombia,Electrónica,15,87,1305,796.11
4497,2024-07-14,Invierno,C2353,Económico,Norte,Chile,Ropa,7,46,322,210.48
4498,2025-08-07,Invierno,C7519,Económico,Norte,Chile,Deportes,7,53,371,252.99
4499,2025-08-26,Invierno,C9291,Premium,Norte,Colombia,Electrónica,8,195,1560,867.9
4500,2024-12-20,Verano,C2950,Estándar,Norte,Perú,Hogar,12,93,1116,778
4501,2024-02-09,Verano,C4444,Económico,Centro,Chile,Ropa,26,31,806,448
4502,2024-10-16,Primavera,C3120,Premium,Norte,Chile,Hogar,5,162,810,498.01
4503,2025-01-24,Verano,C3923,Premium,Sur,Chile,Electrónica,14,184,2576,1645.4
4504,2024-07-29,Invierno,C3046,Estándar,Sur,Perú,Hogar,9,114,1026,728.95
4505,2024-08-02,Invierno,C4956,Estándar,Centro,Chile,Hogar,5,70,350,209.17
4506,2025-01-19,Verano,C5189,Estándar,Centro,Perú,Deportes,20,61,1220,733.17
4507,2024-01-09,Verano,C8890,Económico,Norte,Chile,Electrónica,13,48,624,353.52
4508,2025-05-09,Otoño,C2465,Estándar,Norte,Colombia,Hogar,13,61,793,545.52
4509,2024-11-08,Primavera,C2567,Estándar,Norte,Chile,Ropa,11,119,1309,791.31
4510,2025-07-04,Invierno,C5384,Premium,Norte,Perú,Electrónica,8,175,1400,891.15
4511,2024-09-09,Primavera,C3184,Estándar,Norte,Chile,Deportes,9,100,900,585.38
4512,2024-01-07,Verano,C2468,Estándar,Norte,Perú,Ropa,13,92,1196,670.65
4513,2024-03-14,Otoño,C7773,Estándar,Centro,Chile,Ropa,7,86,602,363.54
4514,2025-06-18,Invierno,C5999,Premium,Centro,Chile,Deportes,2,190,380,216.74
4515,2025-06-02,Invierno,C6451,Premium,Norte,Perú,Ropa,7,147,1029,753.43
4516,2025-03-21,Otoño,C4999,Estándar,Centro,Chile,Electrónica,9,98,882,648.38
4517,2025-03-27,Otoño,C4491,Estándar,Sur,Perú,Hogar,5,118,590,359.16
4518,2024-07-21,Invierno,C4444,Estándar,Norte,Colombia,Ropa,9,73,657,398.26
4519,2024-08-04,Invierno,C9098,Económico,Sur,Colombia,Ropa,6,59,354,207.01
4520,2025-11-02,Primavera,C4861,Estándar,Centro,Chile,Electrónica,16,99,1584,897.49
4521,2025-10-04,Primavera,C4288,Estándar,Sur,Chile,Electrónica,16,85,1360,834.26
4522,2024-11-29,Primavera,C5672,Estándar,Centro,Chile,Deportes,6,119,714,528.68
4523,2024-04-06,Otoño,C2163,Estándar,Centro,Colombia,Electrónica,7,82,574,386.6
4524,2024-08-25,Invierno,C8484,Estándar,Norte,Perú,Hogar,6,63,378,216.96
4525,2025-06-03,Invierno,C7866,Premium,Norte,Chile,Hogar,3,185,555,308.6
4526,2025-08-31,Invierno,C6256,Premium,Centro,Perú,Electrónica,7,166,1162,681.84
4527,2025-10-23,Primavera,C9786,Estándar,Norte,Perú,Deportes,14,119,1666,1085.49
4528,2024-09-18,Primavera,C9966,Estándar,Centro,Colombia,Ropa,16,61,976,604.2
4529,2025-10-02,Primavera,C3834,Estándar,Norte,Chile,Deportes,13,101,1313,731.58
4530,2025-09-10,Primavera,C6877,Económico,Centro,Chile,Electrónica,14,35,490,362.04
4531,2024-11-27,Primavera,C2595,Premium,Sur,Perú,Hogar,9,109,981,672.36
4532,2025-05-04,Otoño,C2951,Estándar,Sur,Chile,Hogar,16,113,1808,1162.57
4533,2024-01-26,Verano,C3172,Premium,Centro,Chile,Ropa,14,104,1456,1065.07
4534,2025-12-16,Verano,C2206,Estándar,Sur,Colombia,Ropa,18,86,1548,1030.66
4535,2025-12-11,Verano,C5778,Premium,Sur,Colombia,Ropa,9,198,1782,1334.04
4536,2025-12-06,Verano,C7965,Económico,Centro,Colombia,Electrónica,16,47,752,562.9
4537,2024-09-02,Primavera,C4030,Económico,Sur,Perú,Hogar,10,52,520,295.88
4538,2025-11-29,Primavera,C6793,Premium,Centro,Colombia,Electrónica,6,175,1050,730.86
4539,2025-04-03,Otoño,C8221,Premium,Sur,Colombia,Hogar,7,174,1218,812.39
4540,2025-10-31,Primavera,C8878,Estándar,Norte,Perú,Ropa,17,114,1938,1108.78
4541,2025-03-13,Otoño,C8270,Premium,Norte,Colombia,Deportes,11,196,2156,1606.29
4542,2025-05-02,Otoño,C9271,Económico,Centro,Perú,Electrónica,5,35,175,112.02
4543,2024-02-28,Verano,C2426,Estándar,Sur,Perú,Hogar,24,99,2376,1677.6
4544,2025-08-06,Invierno,C6403,Estándar,Norte,Perú,Ropa,8,61,488,300.36
4545,2024-09-18,Primavera,C2064,Premium,Centro,Chile,Electrónica,7,120,840,512.67
4546,2024-08-01,Invierno,C8444,Económico,Sur,Perú,Hogar,6,44,264,166.4
4547,2025-02-10,Verano,C6094,Premium,Centro,Chile,Ropa,13,109,1417,874.62
4548,2025-11-11,Primavera,C8808,Estándar,Centro,Chile,Electrónica,9,76,684,428.9
4549,2024-10-22,Primavera,C1017,Económico,Norte,Perú,Electrónica,8,64,512,304.57
4550,2025-12-17,Verano,C8986,Estándar,Norte,Perú,Ropa,11,60,660,494.18
4551,2024-07-06,Invierno,C9203,Premium,Centro,Perú,Ropa,7,140,980,728.64
4552,2025-02-02,Verano,C4160,Económico,Sur,Perú,Deportes,24,49,1176,720.06
4553,2024-12-06,Verano,C8817,Premium,Centro,Perú,Deportes,20,199,3980,2882.55
4554,2025-09-02,Primavera,C8734,Estándar,Sur,Chile,Electrónica,17,110,1870,1276.72
4555,2024-06-30,Invierno,C6354,Premium,Centro,Perú,Hogar,6,152,912,644.93
4556,2024-03-19,Otoño,C5364,Premium,Centro,Perú,Deportes,8,167,1336,785.05
4557,2024-07-29,Invierno,C1024,Económico,Sur,Colombia,Electrónica,6,33,198,142.41
4558,2025-05-16,Otoño,C2602,Premium,Centro,Perú,Electrónica,15,139,2085,1329.01
4559,2024-05-22,Otoño,C3840,Premium,Centro,Chile,Ropa,7,132,924,565.57
4560,2025-10-01,Primavera,C3051,Estándar,Centro,Chile,Hogar,7,69,483,336.19
4561,2024-10-21,Primavera,C4759,Estándar,Sur,Chile,Hogar,12,105,1260,754.95
4562,2024-03-15,Otoño,C7491,Estándar,Sur,Perú,Ropa,12,103,1236,869.87
4563,2025-09-10,Primavera,C8871,Económico,Centro,Perú,Hogar,15,29,435,274.82
4564,2024-04-05,Otoño,C9253,Económico,Sur,Perú,Hogar,9,34,306,204.83
4565,2024-09-18,Primavera,C6903,Estándar,Sur,Chile,Ropa,17,54,918,547.77
4566,2024-08-14,Invierno,C3732,Premium,Sur,Perú,Ropa,7,147,1029,589.92
4567,2024-05-13,Otoño,C1236,Estándar,Centro,Perú,Electrónica,17,112,1904,1218.78
4568,2024-07-20,Invierno,C4032,Económico,Centro,Perú,Hogar,2,62,124,82.77
4569,2025-04-03,Otoño,C9599,Estándar,Norte,Chile,Ropa,16,62,992,599.44
4570,2025-03-22,Otoño,C5553,Estándar,Sur,Chile,Ropa,8,102,816,603.57
4571,2024-11-22,Primavera,C3172,Premium,Norte,Perú,Deportes,13,109,1417,923.18
4572,2024-08-13,Invierno,C6501,Premium,Centro,Colombia,Hogar,10,139,1390,979.68
4573,2025-03-20,Otoño,C9914,Estándar,Norte,Chile,Electrónica,15,62,930,653.81
4574,2024-09-12,Primavera,C8520,Premium,Centro,Colombia,Hogar,17,168,2856,1679.93
4575,2025-12-02,Verano,C1979,Estándar,Centro,Perú,Hogar,15,95,1425,927.76
4576,2024-02-14,Verano,C1288,Premium,Centro,Perú,Deportes,22,157,3454,2179.89
4577,2024-12-10,Verano,C4364,Premium,Sur,Perú,Electrónica,11,184,2024,1177.05
4578,2024-10-27,Primavera,C4798,Económico,Sur,Colombia,Electrónica,14,29,406,289.6
4579,2024-02-11,Verano,C4217,Estándar,Centro,Perú,Electrónica,16,106,1696,988.96
4580,2025-03-25,Otoño,C2481,Premium,Norte,Perú,Electrónica,10,167,1670,1115.22
4581,2025-10-06,Primavera,C2719,Estándar,Norte,Perú,Electrónica,17,56,952,572.38
4582,2025-05-22,Otoño,C7517,Estándar,Norte,Perú,Hogar,15,88,1320,958.23
4583,2024-04-03,Otoño,C7217,Estándar,Sur,Chile,Hogar,5,52,260,165.22
4584,2024-07-02,Invierno,C5628,Estándar,Centro,Colombia,Ropa,9,106,954,694.83
4585,2024-04-30,Otoño,C8923,Premium,Centro,Colombia,Electrónica,11,177,1947,1376.28
4586,2025-03-25,Otoño,C7627,Estándar,Sur,Chile,Ropa,9,118,1062,746.41
4587,2024-10-06,Primavera,C4541,Estándar,Norte,Perú,Ropa,16,67,1072,751.38
4588,2024-09-26,Primavera,C5856,Estándar,Sur,Colombia,Electrónica,15,52,780,547.09
4589,2024-05-18,Otoño,C5705,Premium,Sur,Colombia,Hogar,15,124,1860,1035.37
4590,2024-04-28,Otoño,C7794,Estándar,Sur,Perú,Electrónica,7,89,623,437.77
4591,2024-08-15,Invierno,C4101,Estándar,Centro,Colombia,Deportes,11,64,704,485.18
4592,2024-10-07,Primavera,C1171,Estándar,Norte,Perú,Hogar,7,104,728,479.5
4593,2024-02-13,Verano,C6705,Estándar,Sur,Perú,Ropa,16,67,1072,597.03
4594,2024-05-25,Otoño,C4367,Premium,Centro,Perú,Ropa,12,183,2196,1471.33
4595,2024-03-17,Otoño,C7269,Estándar,Sur,Perú,Ropa,17,109,1853,1244.63
4596,2024-03-07,Otoño,C4407,Estándar,Norte,Perú,Electrónica,16,106,1696,1240.58
4597,2025-11-19,Primavera,C3702,Estándar,Norte,Perú,Hogar,6,104,624,422.82
4598,2024-09-16,Primavera,C3721,Estándar,Norte,Colombia,Electrónica,10,108,1080,687.05
4599,2024-12-14,Verano,C1418,Estándar,Centro,Perú,Electrónica,23,92,2116,1309.74
4600,2024-08-29,Invierno,C7276,Premium,Sur,Chile,Deportes,2,143,286,211.29
4601,2025-04-19,Otoño,C6771,Económico,Centro,Perú,Ropa,15,63,945,633.92
4602,2024-09-13,Primavera,C3878,Estándar,Norte,Perú,Hogar,5,91,455,282.76
4603,2024-02-04,Verano,C3608,Económico,Sur,Colombia,Ropa,14,55,770,539.01
4604,2024-12-29,Verano,C9598,Estándar,Sur,Colombia,Ropa,9,68,612,439.29
4605,2025-12-29,Verano,C8041,Premium,Centro,Chile,Ropa,27,185,4995,2858.71
4606,2024-10-16,Primavera,C2855,Estándar,Norte,Chile,Deportes,15,58,870,525.37
4607,2025-09-23,Primavera,C3381,Premium,Sur,Colombia,Electrónica,7,135,945,544.37
4608,2025-01-27,Verano,C4712,Estándar,Sur,Perú,Deportes,18,87,1566,922.13
4609,2024-04-13,Otoño,C4585,Estándar,Centro,Chile,Deportes,8,66,528,371.52
4610,2025-05-17,Otoño,C9464,Premium,Sur,Perú,Deportes,5,109,545,395.18
4611,2024-05-05,Otoño,C5289,Económico,Norte,Perú,Deportes,7,25,175,120.2
4612,2024-07-25,Invierno,C5949,Económico,Sur,Chile,Hogar,4,31,124,91.65
4613,2024-11-21,Primavera,C1165,Estándar,Norte,Perú,Electrónica,9,104,936,596.42
4614,2025-10-16,Primavera,C6530,Estándar,Norte,Chile,Deportes,13,93,1209,702.61
4615,2024-05-19,Otoño,C2238,Estándar,Centro,Chile,Ropa,12,72,864,556.43
4616,2025-06-26,Invierno,C3908,Estándar,Sur,Chile,Ropa,3,106,318,213.68
4617,2025-02-06,Verano,C7014,Estándar,Norte,Colombia,Hogar,13,63,819,596.66
4618,2024-03-11,Otoño,C3421,Premium,Norte,Perú,Deportes,15,153,2295,1498.01
4619,2024-02-16,Verano,C6217,Estándar,Sur,Colombia,Deportes,9,119,1071,701.81
4620,2024-06-07,Invierno,C1580,Premium,Centro,Chile,Electrónica,7,131,917,634.71
4621,2025-01-14,Verano,C3123,Estándar,Norte,Chile,Hogar,21,108,2268,1442.52
4622,2024-12-03,Verano,C5023,Estándar,Sur,Perú,Electrónica,17,118,2006,1371.41
4623,2025-10-20,Primavera,C5691,Premium,Norte,Chile,Hogar,9,144,1296,855.73
4624,2024-03-25,Otoño,C1651,Económico,Norte,Perú,Electrónica,17,63,1071,676.92
4625,2024-12-23,Verano,C1335,Estándar,Norte,Perú,Deportes,28,119,3332,1953.86
4626,2024-01-10,Verano,C6157,Estándar,Norte,Perú,Deportes,20,91,1820,1294.97
4627,2025-10-07,Primavera,C9106,Premium,Sur,Colombia,Deportes,7,134,938,648.05
4628,2025-06-12,Invierno,C4110,Premium,Sur,Colombia,Deportes,6,154,924,550.11
4629,2025-11-05,Primavera,C2034,Estándar,Norte,Chile,Hogar,13,116,1508,893.63
4630,2025-07-14,Invierno,C1896,Económico,Sur,Colombia,Ropa,10,55,550,328.51
4631,2024-04-17,Otoño,C6436,Estándar,Sur,Perú,Deportes,7,78,546,328.14
4632,2024-12-11,Verano,C5481,Estándar,Norte,Perú,Hogar,21,109,2289,1475.22
4633,2025-02-15,Verano,C5995,Económico,Centro,Colombia,Deportes,20,22,440,321.21
4634,2025-08-24,Invierno,C3388,Estándar,Centro,Chile,Electrónica,2,105,210,152.14
4635,2025-03-26,Otoño,C1343,Económico,Norte,Colombia,Ropa,10,69,690,383.82
4636,2025-08-31,Invierno,C6716,Premium,Sur,Colombia,Electrónica,7,199,1393,998.04
4637,2024-11-22,Primavera,C3122,Estándar,Centro,Colombia,Deportes,8,58,464,310.75
4638,2025-03-06,Otoño,C1818,Económico,Norte,Colombia,Electrónica,9,41,369,216.8
4639,2025-10-31,Primavera,C7009,Estándar,Centro,Colombia,Electrónica,5,93,465,284.41
4640,2024-08-01,Invierno,C8642,Estándar,Sur,Chile,Electrónica,5,105,525,313.44
4641,2024-04-21,Otoño,C8364,Estándar,Sur,Chile,Hogar,11,83,913,659.05
4642,2024-08-29,Invierno,C3101,Premium,Centro,Colombia,Hogar,7,168,1176,686.64
4643,2024-08-25,Invierno,C2026,Económico,Centro,Perú,Ropa,9,42,378,216.82
4644,2024-11-13,Primavera,C7298,Estándar,Norte,Chile,Ropa,11,59,649,394.31
4645,2024-05-30,Otoño,C8920,Económico,Centro,Perú,Deportes,9,62,558,364.01
4646,2025-03-14,Otoño,C5933,Económico,Sur,Chile,Deportes,8,60,480,339.18
4647,2025-08-31,Invierno,C9535,Económico,Sur,Perú,Hogar,4,60,240,137.03
4648,2024-03-01,Otoño,C4209,Estándar,Centro,Perú,Electrónica,11,95,1045,730.25
4649,2025-08-25,Invierno,C8057,Económico,Sur,Chile,Hogar,2,52,104,57.88
4650,2025-09-26,Primavera,C2082,Estándar,Centro,Perú,Ropa,16,82,1312,920.69
4651,2024-12-26,Verano,C9276,Estándar,Centro,Chile,Hogar,19,78,1482,884.18
4652,2025-05-04,Otoño,C7542,Premium,Norte,Chile,Ropa,10,123,1230,773.23
4653,2024-08-20,Invierno,C4723,Premium,Norte,Colombia,Electrónica,7,184,1288,859.88
4654,2024-01-07,Verano,C8298,Económico,Sur,Chile,Deportes,15,68,1020,696.08
4655,2024-03-10,Otoño,C9298,Estándar,Sur,Colombia,Electrónica,8,106,848,548.12
4656,2025-03-31,Otoño,C4276,Estándar,Norte,Perú,Ropa,15,113,1695,1134
4657,2025-10-21,Primavera,C5142,Económico,Sur,Perú,Deportes,6,22,132,75.28
4658,2025-01-06,Verano,C2314,Estándar,Sur,Perú,Hogar,17,100,1700,994.02
4659,2025-01-31,Verano,C3938,Estándar,Sur,Chile,Electrónica,21,76,1596,1140.65
4660,2025-01-14,Verano,C7710,Estándar,Sur,Chile,Electrónica,28,101,2828,2041.32
4661,2025-05-23,Otoño,C3870,Premium,Centro,Perú,Hogar,5,173,865,487.35
4662,2024-01-17,Verano,C5181,Estándar,Norte,Perú,Deportes,19,83,1577,1008.03
4663,2025-12-01,Verano,C6569,Estándar,Centro,Perú,Hogar,10,110,1100,819.37
4664,2024-10-01,Primavera,C1990,Económico,Centro,Perú,Electrónica,8,23,184,113.65
4665,2024-07-05,Invierno,C4383,Premium,Centro,Perú,Hogar,4,199,796,538.56
4666,2024-06-07,Invierno,C7730,Estándar,Centro,Colombia,Deportes,5,54,270,166.35
4667,2024-05-03,Otoño,C2515,Premium,Centro,Perú,Deportes,15,164,2460,1423.2
4668,2024-12-01,Verano,C2384,Estándar,Centro,Perú,Deportes,25,58,1450,955.25
4669,2025-03-10,Otoño,C8155,Estándar,Norte,Perú,Deportes,7,111,777,567.32
4670,2024-10-10,Primavera,C2365,Estándar,Centro,Perú,Electrónica,14,81,1134,658.69
4671,2024-02-26,Verano,C6605,Estándar,Norte,Colombia,Hogar,9,64,576,342.96
4672,2024-06-03,Invierno,C3417,Económico,Sur,Perú,Electrónica,5,41,205,139.85
4673,2025-11-30,Primavera,C2398,Premium,Centro,Chile,Deportes,7,152,1064,649.33
4674,2025-02-24,Verano,C7672,Premium,Norte,Colombia,Ropa,9,170,1530,907.96
4675,2025-09-03,Primavera,C1555,Premium,Sur,Chile,Ropa,17,164,2788,1665.35
4676,2024-08-06,Invierno,C2666,Estándar,Centro,Colombia,Electrónica,10,109,1090,811.4
4677,2025-09-28,Primavera,C4238,Premium,Sur,Chile,Hogar,16,159,2544,1488.64
4678,2024-08-26,Invierno,C6314,Económico,Sur,Colombia,Electrónica,7,22,154,104.1
4679,2024-08-11,Invierno,C7588,Estándar,Norte,Chile,Deportes,3,64,192,110.93
4680,2025-11-04,Primavera,C7970,Económico,Sur,Colombia,Hogar,15,45,675,470.66
4681,2024-06-05,Invierno,C4740,Estándar,Sur,Chile,Deportes,5,104,520,389.94
4682,2025-07-09,Invierno,C9184,Estándar,Norte,Perú,Electrónica,5,113,565,316.5
4683,2024-06-17,Invierno,C5294,Estándar,Centro,Perú,Deportes,4,79,316,233.86
4684,2024-04-06,Otoño,C1178,Económico,Sur,Perú,Deportes,17,26,442,325.57
4685,2024-07-16,Invierno,C7325,Estándar,Centro,Perú,Deportes,2,64,128,90.29
4686,2025-07-27,Invierno,C7590,Estándar,Sur,Perú,Ropa,4,99,396,279.34
4687,2025-03-12,Otoño,C8858,Económico,Centro,Chile,Hogar,9,60,540,298.72
4688,2024-11-30,Primavera,C1551,Premium,Norte,Colombia,Ropa,10,142,1420,947.03
4689,2024-02-03,Verano,C7870,Premium,Sur,Colombia,Deportes,16,170,2720,1548.31
4690,2025-04-08,Otoño,C8539,Estándar,Norte,Colombia,Hogar,8,95,760,499.81
4691,2024-07-07,Invierno,C8693,Estándar,Norte,Chile,Hogar,2,104,208,130.5
4692,2025-09-08,Primavera,C7573,Premium,Sur,Colombia,Electrónica,17,138,2346,1572.22
4693,2025-06-23,Invierno,C7976,Premium,Centro,Perú,Electrónica,8,142,1136,633.37
4694,2024-08-05,Invierno,C1068,Premium,Sur,Colombia,Deportes,7,169,1183,652.78
4695,2025-01-29,Verano,C2030,Económico,Sur,Chile,Electrónica,12,57,684,481.21
4696,2024-12-03,Verano,C6741,Estándar,Norte,Chile,Deportes,16,119,1904,1215.44
4697,2025-10-25,Primavera,C1499,Premium,Centro,Chile,Deportes,13,168,2184,1575.91
4698,2025-04-12,Otoño,C8244,Estándar,Centro,Perú,Deportes,17,102,1734,1182.85
4699,2025-07-31,Invierno,C5484,Premium,Norte,Perú,Hogar,2,172,344,193.05
4700,2025-09-29,Primavera,C4540,Estándar,Norte,Perú,Electrónica,11,91,1001,629.53
4701,2025-01-22,Verano,C2109,Estándar,Sur,Perú,Hogar,22,81,1782,1215.89
4702,2024-02-03,Verano,C8862,Estándar,Sur,Chile,Electrónica,15,110,1650,1216.03
4703,2025-05-21,Otoño,C4885,Económico,Norte,Chile,Ropa,14,69,966,640.8
4704,2024-10-17,Primavera,C6162,Premium,Norte,Chile,Electrónica,10,128,1280,947.37
4705,2025-06-09,Invierno,C2250,Estándar,Centro,Perú,Hogar,5,94,470,334.71
4706,2024-10-24,Primavera,C3153,Premium,Sur,Chile,Electrónica,14,149,2086,1233.83
4707,2024-01-27,Verano,C9771,Económico,Centro,Chile,Deportes,15,68,1020,672.64
4708,2024-03-11,Otoño,C3158,Económico,Sur,Chile,Electrónica,6,29,174,96.52
4709,2024-08-01,Invierno,C3448,Económico,Norte,Colombia,Ropa,5,35,175,121.14
4710,2025-02-14,Verano,C4563,Estándar,Norte,Perú,Electrónica,11,104,1144,804.58
4711,2024-03-29,Otoño,C6570,Económico,Centro,Perú,Ropa,10,47,470,347.85
4712,2024-01-12,Verano,C5079,Estándar,Norte,Perú,Ropa,11,104,1144,726.42
4713,2025-09-29,Primavera,C4159,Estándar,Sur,Perú,Deportes,7,105,735,492.62
4714,2025-07-19,Invierno,C6665,Premium,Centro,Perú,Hogar,2,142,284,181.03
4715,2025-06-17,Invierno,C9048,Económico,Sur,Chile,Ropa,7,28,196,139.57
4716,2025-02-06,Verano,C2055,Premium,Centro,Perú,Ropa,10,151,1510,838.56
4717,2024-02-04,Verano,C2423,Estándar,Centro,Chile,Ropa,20,60,1200,789.17
4718,2024-03-13,Otoño,C8581,Estándar,Centro,Perú,Hogar,11,78,858,601.8
4719,2024-10-22,Primavera,C3751,Estándar,Centro,Chile,Deportes,12,63,756,558.21
4720,2024-08-07,Invierno,C7695,Premium,Centro,Chile,Deportes,5,168,840,501.33
4721,2025-11-23,Primavera,C6473,Premium,Norte,Colombia,Ropa,10,143,1430,896.56
4722,2024-06-18,Invierno,C8191,Económico,Sur,Chile,Hogar,3,27,81,50.43
4723,2025-01-22,Verano,C2470,Estándar,Norte,Chile,Ropa,29,79,2291,1515.71
4724,2024-10-11,Primavera,C8200,Estándar,Norte,Chile,Hogar,12,103,1236,698.64
4725,2024-04-05,Otoño,C2209,Premium,Centro,Chile,Deportes,7,150,1050,596.07
4726,2024-09-13,Primavera,C8873,Económico,Centro,Chile,Deportes,16,38,608,445.73
4727,2024-05-08,Otoño,C4905,Económico,Centro,Colombia,Deportes,15,35,525,360.08
4728,2024-01-25,Verano,C8535,Económico,Norte,Chile,Ropa,18,36,648,419.67
4729,2025-02-11,Verano,C2251,Premium,Norte,Perú,Ropa,12,107,1284,926.74
4730,2024-05-20,Otoño,C6790,Estándar,Norte,Chile,Hogar,9,75,675,419.28
4731,2024-07-01,Invierno,C3520,Estándar,Norte,Chile,Ropa,1,114,114,83.64
4732,2025-06-19,Invierno,C2124,Estándar,Centro,Colombia,Hogar,7,57,399,275.48
4733,2024-08-15,Invierno,C3167,Económico,Centro,Perú,Hogar,2,38,76,45.18
4734,2024-05-11,Otoño,C4882,Premium,Centro,Chile,Ropa,17,181,3077,2293.12
4735,2024-08-11,Invierno,C4600,Estándar,Sur,Perú,Deportes,4,93,372,212.84
4736,2024-04-26,Otoño,C7552,Estándar,Sur,Perú,Electrónica,6,118,708,509.69
4737,2025-01-25,Verano,C5583,Económico,Sur,Chile,Deportes,25,25,625,373.01
4738,2024-01-15,Verano,C8793,Premium,Norte,Colombia,Hogar,9,108,972,705.74
4739,2024-12-09,Verano,C3502,Económico,Sur,Perú,Ropa,24,64,1536,946.46
4740,2024-01-26,Verano,C6718,Económico,Centro,Chile,Deportes,27,52,1404,782.02
4741,2024-02-03,Verano,C2591,Premium,Sur,Chile,Hogar,14,178,2492,1434.88
4742,2025-05-05,Otoño,C2394,Premium,Norte,Perú,Deportes,7,142,994,745.32
4743,2024-09-16,Primavera,C7075,Económico,Centro,Perú,Deportes,6,60,360,220.59
4744,2025-10-29,Primavera,C9317,Premium,Centro,Perú,Hogar,10,191,1910,1066.68
4745,2024-04-01,Otoño,C6245,Premium,Sur,Perú,Hogar,10,178,1780,1050.11
4746,2024-11-25,Primavera,C5189,Económico,Norte,Colombia,Deportes,12,54,648,423.6
4747,2024-05-26,Otoño,C1649,Estándar,Sur,Colombia,Electrónica,10,72,720,461.76
4748,2025-02-08,Verano,C7626,Premium,Sur,Colombia,Hogar,11,173,1903,1408.61
4749,2024-08-15,Invierno,C1615,Estándar,Sur,Chile,Hogar,5,61,305,224.46
4750,2024-05-18,Otoño,C9127,Estándar,Norte,Perú,Ropa,17,95,1615,992.2
4751,2024-01-16,Verano,C7484,Estándar,Norte,Chile,Electrónica,28,106,2968,1871.21
4752,2024-12-17,Verano,C1514,Estándar,Norte,Chile,Deportes,22,56,1232,866.44
4753,2024-08-12,Invierno,C2912,Económico,Sur,Chile,Hogar,6,20,120,83.17
4754,2024-01-01,Verano,C9414,Estándar,Sur,Colombia,Hogar,12,89,1068,725.38
4755,2025-09-06,Primavera,C7311,Económico,Norte,Perú,Ropa,7,57,399,224.23
4756,2025-04-17,Otoño,C4822,Premium,Norte,Chile,Deportes,13,162,2106,1564.48
4757,2025-09-01,Primavera,C6378,Estándar,Sur,Chile,Hogar,6,93,558,375.6
4758,2025-03-13,Otoño,C5855,Estándar,Centro,Chile,Deportes,16,97,1552,917.77
4759,2024-03-30,Otoño,C2807,Premium,Sur,Colombia,Hogar,7,105,735,432.97
4760,2024-02-28,Verano,C6088,Estándar,Sur,Chile,Electrónica,23,102,2346,1689.5
4761,2024-10-12,Primavera,C3359,Premium,Centro,Colombia,Electrónica,16,146,2336,1376.17
4762,2025-02-19,Verano,C1267,Estándar,Centro,Perú,Hogar,12,70,840,514.98
4763,2024-10-09,Primavera,C6628,Estándar,Centro,Chile,Electrónica,9,51,459,282.07
4764,2024-05-20,Otoño,C6353,Estándar,Centro,Colombia,Deportes,14,103,1442,870.92
4765,2025-11-07,Primavera,C6367,Premium,Norte,Perú,Electrónica,14,137,1918,1254.59
4766,2025-02-03,Verano,C1602,Económico,Sur,Perú,Ropa,23,31,713,531.55
4767,2024-02-11,Verano,C1983,Estándar,Centro,Perú,Electrónica,13,95,1235,854.35
4768,2024-02-19,Verano,C6493,Premium,Centro,Perú,Electrónica,17,181,3077,1728.71
4769,2025-07-21,Invierno,C6859,Económico,Norte,Perú,Hogar,2,23,46,34.19
4770,2024-07-04,Invierno,C3333,Estándar,Centro,Perú,Hogar,6,88,528,386.66
4771,2025-03-17,Otoño,C1265,Estándar,Sur,Perú,Hogar,5,73,365,206.66
4772,2025-07-05,Invierno,C4535,Estándar,Norte,Perú,Ropa,9,52,468,333.96
4773,2024-10-01,Primavera,C8470,Económico,Sur,Colombia,Electrónica,12,38,456,270.19
4774,2025-10-03,Primavera,C7241,Premium,Norte,Perú,Deportes,11,115,1265,824.02
4775,2024-10-21,Primavera,C7184,Estándar,Sur,Chile,Hogar,7,84,588,401.73
4776,2025-08-16,Invierno,C9407,Premium,Centro,Colombia,Deportes,10,164,1640,1068.97
4777,2024-01-15,Verano,C7652,Premium,Sur,Chile,Electrónica,24,162,3888,2267.97
4778,2025-06-22,Invierno,C1234,Premium,Centro,Colombia,Hogar,8,103,824,587.07
4779,2024-04-18,Otoño,C5146,Económico,Norte,Perú,Electrónica,10,24,240,162.07
4780,2025-09-24,Primavera,C1678,Estándar,Norte,Perú,Ropa,11,89,979,731.04
4781,2025-05-08,Otoño,C5110,Estándar,Sur,Perú,Electrónica,9,72,648,382.9
4782,2025-09-20,Primavera,C9510,Económico,Sur,Chile,Deportes,15,49,735,468.59
4783,2025-08-10,Invierno,C9744,Estándar,Sur,Colombia,Ropa,8,109,872,550.68
4784,2025-05-21,Otoño,C5413,Estándar,Norte,Chile,Hogar,11,81,891,494.23
4785,2024-10-29,Primavera,C6841,Estándar,Sur,Perú,Hogar,7,64,448,281.13
4786,2025-12-06,Verano,C3986,Estándar,Norte,Chile,Deportes,18,76,1368,981.15
4787,2025-01-23,Verano,C2342,Estándar,Norte,Colombia,Deportes,19,58,1102,733.78
4788,2025-08-12,Invierno,C7364,Estándar,Norte,Perú,Electrónica,6,91,546,403.57
4789,2024-02-22,Verano,C2922,Económico,Centro,Chile,Deportes,32,20,640,472.3
4790,2025-08-01,Invierno,C5806,Estándar,Centro,Perú,Hogar,2,73,146,100.53
4791,2024-06-27,Invierno,C8376,Estándar,Norte,Colombia,Electrónica,8,108,864,488.57
4792,2025-10-20,Primavera,C6502,Premium,Centro,Perú,Hogar,13,180,2340,1687.64
4793,2025-12-20,Verano,C5025,Premium,Sur,Chile,Deportes,25,123,3075,1790.01
4794,2025-10-19,Primavera,C7721,Premium,Norte,Perú,Ropa,11,191,2101,1295.41
4795,2025-01-10,Verano,C4793,Estándar,Centro,Chile,Deportes,16,60,960,537.46
4796,2025-06-28,Invierno,C6857,Estándar,Sur,Colombia,Deportes,9,108,972,699.76
4797,2024-05-04,Otoño,C7002,Estándar,Norte,Chile,Hogar,6,106,636,368.27
4798,2025-02-11,Verano,C6788,Estándar,Norte,Colombia,Hogar,13,100,1300,955
4799,2025-06-23,Invierno,C9901,Estándar,Centro,Perú,Electrónica,7,57,399,267.89
4800,2024-04-24,Otoño,C2884,Estándar,Norte,Colombia,Deportes,11,71,781,527.57
4801,2025-12-31,Verano,C5264,Premium,Norte,Perú,Electrónica,14,199,2786,1561.32
4802,2024-12-02,Verano,C2788,Premium,Norte,Chile,Hogar,25,137,3425,1918.78
4803,2024-11-05,Primavera,C9910,Estándar,Centro,Perú,Ropa,8,114,912,600.5
4804,2024-01-06,Verano,C1694,Económico,Sur,Perú,Ropa,19,43,817,580.23
4805,2025-04-10,Otoño,C5769,Premium,Norte,Perú,Deportes,14,102,1428,790.93
4806,2024-04-14,Otoño,C6780,Estándar,Sur,Colombia,Ropa,14,110,1540,982.51
4807,2025-07-06,Invierno,C1727,Estándar,Norte,Chile,Electrónica,7,117,819,469.34
4808,2024-05-31,Otoño,C5032,Económico,Sur,Perú,Electrónica,7,45,315,222.88
4809,2025-09-24,Primavera,C2198,Estándar,Norte,Colombia,Deportes,13,104,1352,770.22
4810,2025-09-24,Primavera,C4226,Premium,Centro,Chile,Hogar,11,157,1727,1122.17
4811,2024-09-15,Primavera,C7746,Estándar,Norte,Perú,Electrónica,16,113,1808,1146
4812,2025-09-10,Primavera,C9026,Económico,Centro,Perú,Ropa,14,36,504,297.17
4813,2024-10-09,Primavera,C9979,Estándar,Centro,Perú,Ropa,8,77,616,367.5
4814,2024-11-02,Primavera,C7488,Premium,Norte,Colombia,Hogar,12,110,1320,891.5
4815,2025-10-29,Primavera,C5309,Estándar,Centro,Perú,Electrónica,12,69,828,544.71
4816,2025-06-19,Invierno,C3480,Estándar,Centro,Chile,Hogar,7,118,826,554
4817,2025-08-27,Invierno,C4748,Estándar,Norte,Chile,Hogar,2,116,232,145.96
4818,2024-03-10,Otoño,C7645,Estándar,Centro,Perú,Hogar,14,50,700,471.36
4819,2024-02-27,Verano,C3847,Estándar,Sur,Chile,Deportes,31,52,1612,1161.51
4820,2024-11-22,Primavera,C1364,Estándar,Sur,Perú,Deportes,11,83,913,642.96
4821,2025-09-30,Primavera,C3112,Estándar,Sur,Colombia,Ropa,17,62,1054,619.86
4822,2024-08-18,Invierno,C1772,Económico,Sur,Perú,Electrónica,2,36,72,50.59
4823,2024-02-07,Verano,C2979,Premium,Centro,Perú,Ropa,12,160,1920,1076.56
4824,2024-12-23,Verano,C9932,Estándar,Centro,Chile,Deportes,22,77,1694,1183.92
4825,2024-03-10,Otoño,C8976,Premium,Sur,Perú,Ropa,12,108,1296,769.49
4826,2025-04-14,Otoño,C8553,Estándar,Centro,Perú,Hogar,13,59,767,486.78
4827,2024-05-18,Otoño,C6580,Estándar,Centro,Perú,Ropa,16,78,1248,772.68
4828,2024-12-26,Verano,C1180,Económico,Sur,Colombia,Deportes,22,67,1474,984.23
4829,2025-05-04,Otoño,C1080,Económico,Centro,Perú,Hogar,5,57,285,163.29
4830,2025-01-13,Verano,C9406,Estándar,Norte,Colombia,Deportes,15,74,1110,820.27
4831,2025-01-28,Verano,C3806,Premium,Centro,Perú,Ropa,16,126,2016,1120.48
4832,2024-10-19,Primavera,C9894,Estándar,Centro,Colombia,Electrónica,10,100,1000,653.67
4833,2024-05-14,Otoño,C4270,Económico,Centro,Perú,Deportes,6,24,144,107.92
4834,2025-07-24,Invierno,C9575,Estándar,Sur,Chile,Ropa,3,113,339,250.42
4835,2024-11-16,Primavera,C8313,Estándar,Norte,Perú,Ropa,10,85,850,524.84
4836,2025-04-24,Otoño,C2081,Estándar,Centro,Chile,Hogar,6,98,588,412.05
4837,2024-04-29,Otoño,C3914,Estándar,Sur,Perú,Hogar,6,112,672,396.91
4838,2025-09-07,Primavera,C8980,Estándar,Norte,Colombia,Electrónica,14,119,1666,1180.19
4839,2025-04-21,Otoño,C4504,Estándar,Sur,Chile,Hogar,17,118,2006,1363.67
4840,2025-02-26,Verano,C9188,Económico,Centro,Colombia,Deportes,18,27,486,338.5
4841,2024-02-26,Verano,C4041,Estándar,Centro,Perú,Hogar,16,87,1392,821.79
4842,2025-07-08,Invierno,C7013,Estándar,Norte,Chile,Ropa,6,77,462,280.68
4843,2025-08-26,Invierno,C8912,Estándar,Centro,Colombia,Hogar,6,67,402,245
4844,2024-07-18,Invierno,C4508,Premium,Norte,Perú,Electrónica,7,101,707,440.91
4845,2024-06-10,Invierno,C5268,Premium,Sur,Chile,Deportes,5,130,650,449.92
4846,2024-11-13,Primavera,C5171,Estándar,Norte,Chile,Hogar,17,89,1513,834.97
4847,2025-11-06,Primavera,C2920,Premium,Norte,Perú,Deportes,8,186,1488,959.9
4848,2025-09-13,Primavera,C7075,Estándar,Sur,Colombia,Hogar,16,76,1216,714.95
4849,2025-09-17,Primavera,C6031,Estándar,Sur,Chile,Hogar,5,110,550,336.74
4850,2024-10-21,Primavera,C1701,Estándar,Sur,Chile,Hogar,13,80,1040,619.86
4851,2024-07-17,Invierno,C7126,Estándar,Centro,Colombia,Deportes,11,95,1045,589.03
4852,2025-12-16,Verano,C7033,Estándar,Norte,Colombia,Deportes,16,70,1120,801.51
4853,2025-07-03,Invierno,C1092,Económico,Norte,Perú,Electrónica,9,59,531,292.76
4854,2024-06-03,Invierno,C3971,Premium,Norte,Perú,Ropa,3,198,594,352.45
4855,2024-04-04,Otoño,C1622,Estándar,Norte,Colombia,Ropa,5,76,380,251.49
4856,2025-08-07,Invierno,C4046,Estándar,Norte,Perú,Ropa,7,91,637,407.24
4857,2025-05-20,Otoño,C6356,Económico,Norte,Chile,Ropa,17,29,493,306.72
4858,2024-10-24,Primavera,C5150,Económico,Sur,Chile,Electrónica,12,48,576,341.66
4859,2024-02-12,Verano,C3201,Estándar,Sur,Chile,Deportes,19,112,2128,1451.31
4860,2025-01-08,Verano,C4071,Económico,Sur,Chile,Deportes,19,35,665,436.08
4861,2025-11-23,Primavera,C3719,Estándar,Norte,Perú,Electrónica,15,115,1725,1150.15
4862,2024-02-28,Verano,C4857,Estándar,Norte,Chile,Hogar,20,84,1680,971.19
4863,2024-03-06,Otoño,C9252,Estándar,Sur,Colombia,Hogar,7,73,511,311.14
4864,2025-12-16,Verano,C4526,Estándar,Sur,Chile,Electrónica,15,99,1485,1095.23
4865,2024-04-18,Otoño,C9106,Estándar,Centro,Colombia,Ropa,9,50,450,305.23
4866,2025-05-13,Otoño,C2951,Estándar,Centro,Chile,Electrónica,9,55,495,282.34
4867,2025-08-08,Invierno,C1870,Económico,Sur,Colombia,Deportes,6,46,276,180.5
4868,2024-11-16,Primavera,C8593,Económico,Norte,Chile,Hogar,12,42,504,338.48
4869,2025-07-30,Invierno,C3486,Estándar,Sur,Perú,Electrónica,8,109,872,641.03
4870,2024-03-03,Otoño,C8572,Premium,Centro,Chile,Electrónica,14,109,1526,843.06
4871,2025-12-15,Verano,C9023,Económico,Centro,Perú,Deportes,26,56,1456,902.22
4872,2025-11-04,Primavera,C5345,Premium,Norte,Perú,Deportes,5,129,645,426.45
4873,2024-02-14,Verano,C2792,Premium,Norte,Chile,Deportes,26,112,2912,2157.3
4874,2024-06-12,Invierno,C7921,Económico,Centro,Chile,Deportes,7,36,252,154.79
4875,2024-10-28,Primavera,C4919,Estándar,Sur,Perú,Hogar,7,66,462,281.13
4876,2025-09-22,Primavera,C5258,Premium,Sur,Perú,Electrónica,13,128,1664,979.35
4877,2024-05-02,Otoño,C2441,Premium,Centro,Chile,Electrónica,5,180,900,552.79
4878,2025-11-03,Primavera,C7937,Económico,Centro,Chile,Deportes,17,37,629,454.28
4879,2024-02-11,Verano,C7858,Estándar,Centro,Perú,Electrónica,16,84,1344,831.75
4880,2025-10-06,Primavera,C4139,Económico,Centro,Perú,Ropa,5,35,175,121.33
4881,2024-04-08,Otoño,C7676,Estándar,Centro,Chile,Ropa,8,103,824,456.5
4882,2025-03-05,Otoño,C3219,Estándar,Sur,Chile,Hogar,9,63,567,419.01
4883,2024-03-24,Otoño,C1855,Estándar,Norte,Chile,Hogar,5,86,430,248.6
4884,2024-08-18,Invierno,C9184,Premium,Centro,Colombia,Electrónica,4,144,576,415
4885,2025-12-23,Verano,C1117,Estándar,Norte,Colombia,Ropa,19,65,1235,703.12
4886,2025-02-04,Verano,C8712,Estándar,Sur,Perú,Ropa,22,106,2332,1329.38
4887,2025-07-25,Invierno,C3706,Premium,Sur,Chile,Deportes,6,125,750,437.6
4888,2024-05-15,Otoño,C7961,Estándar,Norte,Perú,Deportes,12,81,972,574.46
4889,2024-07-04,Invierno,C8351,Estándar,Centro,Chile,Ropa,4,105,420,245.19
4890,2025-08-30,Invierno,C5541,Estándar,Norte,Colombia,Deportes,4,110,440,286.68
4891,2024-02-11,Verano,C1681,Estándar,Centro,Perú,Electrónica,21,91,1911,1429.38
4892,2024-03-16,Otoño,C4029,Económico,Sur,Chile,Electrónica,11,52,572,355.42
4893,2024-08-19,Invierno,C5969,Premium,Centro,Chile,Hogar,6,169,1014,754.14
4894,2024-09-16,Primavera,C3597,Premium,Sur,Perú,Electrónica,8,134,1072,685.15
4895,2024-11-12,Primavera,C5338,Premium,Norte,Chile,Deportes,9,153,1377,1012.96
4896,2024-05-04,Otoño,C1968,Estándar,Centro,Perú,Ropa,8,111,888,615.84
4897,2024-10-15,Primavera,C8003,Premium,Norte,Perú,Hogar,14,133,1862,1297.57
4898,2025-09-09,Primavera,C5843,Económico,Centro,Chile,Deportes,9,20,180,101.79
4899,2025-05-07,Otoño,C3425,Estándar,Norte,Perú,Hogar,17,59,1003,647.45
4900,2025-04-03,Otoño,C9390,Estándar,Norte,Chile,Electrónica,7,65,455,303.06
4901,2024-10-29,Primavera,C4527,Económico,Sur,Perú,Ropa,13,57,741,458.02
4902,2024-08-05,Invierno,C8931,Estándar,Norte,Chile,Electrónica,3,96,288,186.84
4903,2024-11-13,Primavera,C4728,Premium,Centro,Perú,Ropa,16,114,1824,1295.3
4904,2024-07-28,Invierno,C2122,Estándar,Centro,Chile,Hogar,7,104,728,499.98
4905,2025-05-21,Otoño,C1139,Estándar,Sur,Chile,Ropa,12,97,1164,836.69
4906,2024-12-26,Verano,C7858,Estándar,Centro,Chile,Ropa,26,71,1846,1302.65
4907,2024-02-03,Verano,C8493,Premium,Centro,Chile,Electrónica,17,157,2669,1915.9
4908,2025-12-11,Verano,C8344,Estándar,Norte,Chile,Hogar,28,97,2716,1884.77
4909,2025-09-23,Primavera,C3944,Estándar,Norte,Perú,Hogar,14,97,1358,1008.28
4910,2024-02-14,Verano,C7167,Premium,Sur,Chile,Deportes,34,149,5066,3592.39
4911,2025-03-01,Otoño,C5044,Premium,Centro,Chile,Electrónica,12,199,2388,1680.14
4912,2025-10-02,Primavera,C4185,Premium,Centro,Colombia,Electrónica,6,193,1158,757.12
4913,2024-01-15,Verano,C5029,Económico,Centro,Perú,Ropa,13,22,286,172.69
4914,2025-09-02,Primavera,C8774,Premium,Centro,Colombia,Electrónica,10,104,1040,729.15
4915,2025-06-03,Invierno,C9970,Económico,Sur,Perú,Deportes,2,55,110,76.72
4916,2025-05-12,Otoño,C3779,Estándar,Sur,Perú,Ropa,15,104,1560,1088.04
4917,2025-04-26,Otoño,C8757,Estándar,Sur,Colombia,Deportes,11,107,1177,823.01
4918,2025-08-20,Invierno,C2990,Estándar,Centro,Perú,Hogar,5,51,255,157.43
4919,2025-10-28,Primavera,C6039,Estándar,Centro,Perú,Hogar,10,116,1160,758.72
4920,2025-05-08,Otoño,C4565,Premium,Centro,Chile,Deportes,7,135,945,524.86
4921,2024-11-24,Primavera,C7977,Estándar,Centro,Colombia,Electrónica,6,84,504,374.06
4922,2024-10-02,Primavera,C8519,Económico,Norte,Colombia,Deportes,16,42,672,422.35
4923,2024-02-26,Verano,C9955,Estándar,Norte,Colombia,Ropa,19,96,1824,1258.73
4924,2025-08-13,Invierno,C2490,Económico,Sur,Colombia,Electrónica,11,22,242,136.49
4925,2025-05-22,Otoño,C3862,Premium,Norte,Chile,Ropa,5,177,885,597.81
4926,2025-11-06,Primavera,C6403,Premium,Norte,Perú,Hogar,7,148,1036,597.61
4927,2024-03-13,Otoño,C2923,Premium,Norte,Perú,Deportes,11,119,1309,831.2
4928,2025-08-22,Invierno,C9598,Premium,Centro,Perú,Ropa,9,152,1368,1017.24
4929,2025-11-10,Primavera,C9411,Premium,Sur,Chile,Electrónica,9,159,1431,1019.94
4930,2025-06-09,Invierno,C5495,Premium,Norte,Colombia,Hogar,7,110,770,471.17
4931,2024-06-18,Invierno,C4873,Económico,Norte,Perú,Electrónica,9,49,441,259.32
4932,2024-01-18,Verano,C9326,Estándar,Norte,Perú,Electrónica,17,76,1292,906.55
4933,2025-05-06,Otoño,C9831,Estándar,Norte,Colombia,Electrónica,10,74,740,511.55
4934,2025-01-04,Verano,C7654,Estándar,Norte,Chile,Electrónica,16,74,1184,853.03
4935,2024-04-16,Otoño,C4187,Estándar,Norte,Colombia,Deportes,13,68,884,596.74
4936,2024-09-22,Primavera,C2704,Económico,Norte,Perú,Electrónica,11,54,594,436.83
4937,2025-03-03,Otoño,C1066,Premium,Sur,Perú,Ropa,12,133,1596,1022.56
4938,2024-09-20,Primavera,C7716,Estándar,Centro,Perú,Ropa,15,116,1740,996
4939,2025-08-24,Invierno,C8887,Estándar,Sur,Perú,Hogar,6,83,498,322.96
4940,2024-12-11,Verano,C4492,Económico,Centro,Colombia,Electrónica,15,37,555,314.24
4941,2025-05-25,Otoño,C1003,Económico,Centro,Perú,Ropa,17,59,1003,689.45
4942,2024-08-30,Invierno,C5251,Económico,Sur,Perú,Electrónica,9,56,504,346.47
4943,2024-05-24,Otoño,C4567,Premium,Centro,Colombia,Hogar,6,105,630,451.43
4944,2025-09-22,Primavera,C5298,Económico,Norte,Perú,Ropa,15,25,375,237.33
4945,2025-02-08,Verano,C2033,Económico,Sur,Perú,Electrónica,23,43,989,667.15
4946,2025-03-09,Otoño,C9575,Estándar,Centro,Chile,Ropa,14,101,1414,970.27
4947,2025-02-05,Verano,C8558,Económico,Norte,Chile,Electrónica,22,52,1144,668.88
4948,2024-05-17,Otoño,C8777,Estándar,Centro,Perú,Deportes,14,89,1246,779.34
4949,2025-07-25,Invierno,C4339,Premium,Centro,Perú,Ropa,5,159,795,483.61
4950,2024-07-23,Invierno,C3380,Estándar,Sur,Chile,Deportes,4,67,268,176.55
4951,2025-12-15,Verano,C5149,Premium,Sur,Colombia,Ropa,13,173,2249,1289.7
4952,2024-08-30,Invierno,C7047,Estándar,Centro,Chile,Electrónica,4,113,452,294.55
4953,2024-07-19,Invierno,C9634,Premium,Sur,Perú,Ropa,9,183,1647,1159.77
4954,2025-03-17,Otoño,C8918,Premium,Sur,Chile,Electrónica,12,151,1812,1098.76
4955,2024-07-17,Invierno,C7746,Estándar,Sur,Chile,Ropa,7,71,497,290.67
4956,2024-09-28,Primavera,C7792,Estándar,Centro,Perú,Ropa,5,58,290,167.4
4957,2025-04-19,Otoño,C2564,Estándar,Norte,Chile,Deportes,7,97,679,464.44
4958,2024-08-26,Invierno,C9329,Estándar,Norte,Chile,Ropa,6,109,654,458.58
4959,2025-01-22,Verano,C2493,Económico,Sur,Colombia,Hogar,9,58,522,334.98
4960,2024-02-06,Verano,C2379,Económico,Centro,Perú,Deportes,26,45,1170,662.6
4961,2024-08-13,Invierno,C2825,Estándar,Norte,Perú,Hogar,3,93,279,181.04
4962,2024-10-25,Primavera,C2125,Económico,Norte,Perú,Ropa,11,41,451,322.8
4963,2025-08-07,Invierno,C1885,Estándar,Sur,Colombia,Ropa,8,77,616,404.18
4964,2024-11-05,Primavera,C1889,Económico,Centro,Colombia,Electrónica,14,64,896,571.17
4965,2025-06-06,Invierno,C3462,Económico,Centro,Perú,Hogar,8,23,184,118.06
4966,2025-06-12,Invierno,C9627,Premium,Sur,Chile,Electrónica,3,143,429,254.63
4967,2024-02-01,Verano,C6895,Estándar,Sur,Perú,Electrónica,22,97,2134,1516.48
4968,2025-07-23,Invierno,C8493,Estándar,Norte,Chile,Deportes,5,101,505,360.49
4969,2025-07-28,Invierno,C7133,Estándar,Centro,Perú,Hogar,6,68,408,249.63
4970,2025-04-03,Otoño,C9063,Premium,Norte,Chile,Ropa,13,116,1508,876.18
4971,2024-12-20,Verano,C6947,Estándar,Sur,Colombia,Ropa,18,105,1890,1103.19
4972,2025-10-11,Primavera,C3842,Estándar,Centro,Perú,Electrónica,6,64,384,236.26
4973,2025-08-23,Invierno,C1925,Estándar,Norte,Chile,Hogar,7,80,560,408.12
4974,2024-02-02,Verano,C1483,Económico,Norte,Perú,Ropa,22,46,1012,758.77
4975,2024-09-28,Primavera,C1476,Premium,Norte,Chile,Hogar,17,164,2788,1983.76
4976,2024-05-18,Otoño,C5009,Estándar,Norte,Perú,Deportes,8,71,568,366.99
4977,2024-08-20,Invierno,C4039,Económico,Centro,Perú,Ropa,8,56,448,297.56
4978,2024-12-10,Verano,C7668,Estándar,Sur,Chile,Electrónica,26,88,2288,1337.99
4979,2024-03-24,Otoño,C3202,Estándar,Centro,Chile,Deportes,9,73,657,422.37
4980,2024-01-04,Verano,C3586,Estándar,Centro,Colombia,Deportes,14,58,812,567.59
4981,2024-08-22,Invierno,C3342,Económico,Sur,Colombia,Ropa,8,55,440,249.85
4982,2025-05-05,Otoño,C8650,Estándar,Norte,Chile,Hogar,15,98,1470,974.05
4983,2025-01-23,Verano,C4832,Estándar,Norte,Colombia,Hogar,11,59,649,411.9
4984,2024-03-29,Otoño,C3860,Estándar,Norte,Perú,Ropa,12,99,1188,818.66
4985,2024-10-18,Primavera,C9704,Económico,Sur,Perú,Deportes,7,67,469,285.12
4986,2025-05-11,Otoño,C5975,Estándar,Norte,Chile,Deportes,13,68,884,585.02
4987,2025-07-01,Invierno,C8878,Premium,Norte,Perú,Ropa,2,120,240,149.09
4988,2024-12-13,Verano,C9398,Premium,Sur,Perú,Hogar,15,198,2970,1784.85
4989,2024-01-18,Verano,C1376,Premium,Sur,Perú,Ropa,16,175,2800,1716.98
4990,2025-09-20,Primavera,C4483,Premium,Centro,Chile,Deportes,5,149,745,506.73
4991,2025-03-10,Otoño,C2196,Estándar,Centro,Perú,Ropa,5,94,470,311.41
4992,2025-07-08,Invierno,C7233,Estándar,Centro,Colombia,Electrónica,8,117,936,551.8
4993,2025-12-04,Verano,C1477,Premium,Norte,Perú,Hogar,19,139,2641,1520.83
4994,2024-03-30,Otoño,C2428,Premium,Centro,Chile,Hogar,8,189,1512,870.29
4995,2024-06-26,Invierno,C6165,Estándar,Centro,Perú,Ropa,6,115,690,419.55
4996,2024-02-06,Verano,C6175,Premium,Sur,Perú,Hogar,11,157,1727,1283.47
4997,2025-12-29,Verano,C1663,Premium,Centro,Colombia,Hogar,13,149,1937,1136.31
4998,2025-08-01,Invierno,C6901,Premium,Centro,Chile,Hogar,6,132,792,562.98
4999,2024-02-11,Verano,C6995,Estándar,Centro,Perú,Deportes,27,91,2457,1658.9
5000,2024-06-05,Invierno,C4214,Estándar,Norte,Perú,Deportes,9,103,927,515.83